Animal Basket / Hustle Tamaire Kyousou (24 Jan 2005);https://archive.org/download/atomiswave_nonmerged/Atomiswave//anmlbskt.zip
Animal Basket / Hustle Tamaire Kyousou (19 Jan 2005);https://archive.org/download/atomiswave_nonmerged/Atomiswave//anmlbskta.zip
Sega Bass Fishing Challenge Version A;https://archive.org/download/atomiswave_nonmerged/Atomiswave//basschal.zip
Sega Bass Fishing Challenge;https://archive.org/download/atomiswave_nonmerged/Atomiswave//basschalo.zip
Block Pong-Pong;https://archive.org/download/atomiswave_nonmerged/Atomiswave//blokpong.zip
Sega Clay Challenge;https://archive.org/download/atomiswave_nonmerged/Atomiswave//claychal.zip
Demolish Fist;https://archive.org/download/atomiswave_nonmerged/Atomiswave//demofist.zip
Dirty Pigskin Football;https://archive.org/download/atomiswave_nonmerged/Atomiswave//dirtypig.zip
Dolphin Blue;https://archive.org/download/atomiswave_nonmerged/Atomiswave//dolphin.zip
Fist Of The North Star / Hokuto no Ken;https://archive.org/download/atomiswave_nonmerged/Atomiswave//fotns.zip
Faster Than Speed;https://archive.org/download/atomiswave_nonmerged/Atomiswave//ftspeed.zip
Guilty Gear Isuka;https://archive.org/download/atomiswave_nonmerged/Atomiswave//ggisuka.zip
Guilty Gear X ver. 1.5;https://archive.org/download/atomiswave_nonmerged/Atomiswave//ggx15.zip
The King of Fighters Neowave;https://archive.org/download/atomiswave_nonmerged/Atomiswave//kofnw.zip
The King of Fighters Neowave (Japan);https://archive.org/download/atomiswave_nonmerged/Atomiswave//kofnwj.zip
The King of Fighters XI;https://archive.org/download/atomiswave_nonmerged/Atomiswave//kofxi.zip
Knights of Valour - The Seven Spirits;https://archive.org/download/atomiswave_nonmerged/Atomiswave//kov7sprt.zip
Maximum Speed;https://archive.org/download/atomiswave_nonmerged/Atomiswave//maxspeed.zip
Metal Slug 6;https://archive.org/download/atomiswave_nonmerged/Atomiswave//mslug6.zip
NeoGeo Battle Coliseum;https://archive.org/download/atomiswave_nonmerged/Atomiswave//ngbc.zip
NeoGeo Battle Coliseum (Japan);https://archive.org/download/atomiswave_nonmerged/Atomiswave//ngbcj.zip
Ranger Mission;https://archive.org/download/atomiswave_nonmerged/Atomiswave//rangrmsn.zip
The Rumble Fish;https://archive.org/download/atomiswave_nonmerged/Atomiswave//rumblef.zip
The Rumble Fish 2;https://archive.org/download/atomiswave_nonmerged/Atomiswave//rumblef2.zip
The Rumble Fish (prototype);https://archive.org/download/atomiswave_nonmerged/Atomiswave//rumblefp.zip
The Rumble Fish 2 (prototype);https://archive.org/download/atomiswave_nonmerged/Atomiswave//rumblf2p.zip
Net@Select: Salaryman Kintaro;https://archive.org/download/atomiswave_nonmerged/Atomiswave//salmankt.zip
Samurai Spirits Tenkaichi Kenkakuden;https://archive.org/download/atomiswave_nonmerged/Atomiswave//samsptk.zip
Sports Shooting USA;https://archive.org/download/atomiswave_nonmerged/Atomiswave//sprtshot.zip
Sushi Bar / Toretore! Sushi;https://archive.org/download/atomiswave_nonmerged/Atomiswave//sushibar.zip
Net@Select: Horse Racing - Victory Furlong;https://archive.org/download/atomiswave_nonmerged/Atomiswave//vfurlong.zip
WaiWai Drive;https://archive.org/download/atomiswave_nonmerged/Atomiswave//waidrive.zip
Extreme Hunting 2;https://archive.org/download/atomiswave_nonmerged/Atomiswave//xtrmhnt2.zip
Extreme Hunting;https://archive.org/download/atomiswave_nonmerged/Atomiswave//xtrmhunt.zip
