102 Dalmatians - Puppies to the Rescue (UK);https://tinyurl.com/2xvdqxdl
18 Wheeler - American Pro Trucker (Europe) (En,Fr,De,Es);https://tinyurl.com/26yfdgun
18 Wheeler - American Pro Trucker (Japan);https://tinyurl.com/2azlzj4e
18 Wheeler - American Pro Trucker (USA);https://tinyurl.com/2d8r4hq9
21 - Two One (Japan);https://tinyurl.com/29dukngp
4 Wheel Thunder (Europe) (En,Fr);https://tinyurl.com/2dpwxzqm
4 Wheel Thunder (USA);https://tinyurl.com/288bd4o4
4x4 Evo (USA);https://tinyurl.com/2cnqvqku
90 Minutes - Sega Championship Football (Europe) (En,Fr,De,Es,It);https://tinyurl.com/24pfx4z6
AM2 of CRI 2001 New Lineup Movie Collection (Japan);https://tinyurl.com/23aehs3t
Advanced Daisenryaku - Sturm ueber Europa - Der Deutsche Blitzkrieg (Japan);https://tinyurl.com/264y9kck
Advanced Daisenryaku 2001 (Japan);https://tinyurl.com/2xhx354b
Aero Dancing - Todoroki Taichou no Himitsu Disc (Japan);https://tinyurl.com/2375m3q6
Aero Dancing F (Japan) (Rev A);https://tinyurl.com/26s6rasv
Aero Dancing F (Japan) (Taikenban);https://tinyurl.com/25zb48bf
Aero Dancing F (Japan);https://tinyurl.com/22xo4rsj
Aero Dancing F - Todoroki Tsubasa no Hatsu Hikou (Japan);https://tinyurl.com/296c9fe7
Aero Dancing featuring Blue Impulse (Japan) (Tentou Taikenban);https://tinyurl.com/27k2bm82
Aero Dancing featuring Blue Impulse (Japan);https://tinyurl.com/2cqz4wcx
Aero Dancing i (Japan);https://tinyurl.com/27nghfrv
Aero Dancing i - Jikai-saku made Matemasen (Japan);https://tinyurl.com/23uakysc
Aero to Jet de Dancing! (Japan) (Taikenban Disc);https://tinyurl.com/26kg6xh7
AeroWings (Europe) (En,Fr,De);https://tinyurl.com/27zbp8v4
AeroWings (USA);https://tinyurl.com/27jl6r5j
AeroWings 2 - Airstrike (Europe) (En,De);https://tinyurl.com/26w24wza
AeroWings 2 - Airstrike (USA);https://tinyurl.com/2ym55srg
After... Wasureenu Kizuna (Japan);https://tinyurl.com/2xwshku9
Aikagi - Hidamari to Kanojo no Heyagi (Japan);https://tinyurl.com/22ber3on
Air (Japan) (Rev A);https://tinyurl.com/2aam2fwd
AirForce Delta (Japan);https://tinyurl.com/2y99pbzv
AirForce Delta (USA);https://tinyurl.com/255tsj5d
Akihabara Dennou-gumi Pata Pies! (Japan);https://tinyurl.com/24y5unho
Alien Front Online (USA);https://tinyurl.com/2ybxbost
Alone in the Dark - The New Nightmare (Europe) (Disc 1);https://tinyurl.com/2au5p6df
Alone in the Dark - The New Nightmare (Europe) (Disc 2);https://tinyurl.com/2794jwan
Alone in the Dark - The New Nightmare (France) (Disc 1);https://tinyurl.com/243hocvd
Alone in the Dark - The New Nightmare (France) (Disc 2);https://tinyurl.com/23mry5ht
Alone in the Dark - The New Nightmare (Germany) (En,De) (Disc 1);https://tinyurl.com/22z339u7
Alone in the Dark - The New Nightmare (Germany) (En,De) (Disc 2);https://tinyurl.com/23ycmkpl
Alone in the Dark - The New Nightmare (USA) (Disc 1);https://tinyurl.com/28lj65a3
Alone in the Dark - The New Nightmare (USA) (Disc 2);https://tinyurl.com/2arjt2vz
Angel Present (Japan);https://tinyurl.com/2yxgouyx
Angel Wish - Kimi no Egao ni Chu! (Japan);https://tinyurl.com/2864thjl
Animastar (Japan);https://tinyurl.com/22wm37fn
Ao no 6-gou - Saigetsu Hito o Matazu - Time and Tide (Japan);https://tinyurl.com/2xogmyer
Aqua GT (Europe) (En,Fr,De);https://tinyurl.com/2c7fk4xe
Armada (USA);https://tinyurl.com/2b65sywl
Army Men - Sarge's Heroes (Europe) (En,Fr,De,Es,It);https://tinyurl.com/2bu62n6q
Army Men - Sarge's Heroes (USA) (Demo);https://tinyurl.com/2ycvxj72
Army Men - Sarge's Heroes (USA);https://tinyurl.com/29geof6k
Atari Anniversary Edition (USA);https://tinyurl.com/2btaqxyr
Atsumare! Guru Guru Onsen (Japan) (Demo 1);https://tinyurl.com/236vjmov
Atsumare! Guru Guru Onsen (Japan) (Demo 2);https://tinyurl.com/27wnmpfc
Atsumare! Guru Guru Onsen (Japan);https://tinyurl.com/28dpx4e8
Atsumare! Guru Guru Onsen BB (Japan);https://tinyurl.com/259snvbt
Bakumatsu Roman Daini Maku - Gekka no Kenshi - Final Edition (Japan);https://tinyurl.com/2cdq95kj
Bakuretsu Muteki Bangaioh (Japan);https://tinyurl.com/235zkexc
Baldr Force EXE (Japan);https://tinyurl.com/29k6hdbs
Bang! Gunship Elite (USA);https://tinyurl.com/2de7ohgd
Bangai-O (Europe) (En,Fr,De);https://tinyurl.com/234nansd
Bangai-O (USA);https://tinyurl.com/223dzlrk
Bass Rush Dream - EcoGear PowerWorm Championship (Japan);https://tinyurl.com/2xtwycux
Battle Beaster (Japan);https://tinyurl.com/29ppefb5
Berserk - Millennium Falcon-hen - Wasurebana no Shou (Japan) (Taikenban);https://tinyurl.com/29uu6m7w
Berserk - Millennium Falcon-hen - Wasurebana no Shou (Japan);https://tinyurl.com/22p92ymb
BikkuriMan 2000 - Viva! Festiva! (Japan);https://tinyurl.com/22an243s
Biohazard - Code - Veronica (Japan) (Disc 1) (Genteiban);https://tinyurl.com/27utzlla
Biohazard - Code - Veronica (Japan) (Disc 1);https://tinyurl.com/26xeqogz
Biohazard - Code - Veronica (Japan) (Disc 2) (Genteiban);https://tinyurl.com/25csott9
Biohazard - Code - Veronica (Japan) (Disc 2);https://tinyurl.com/2484ry8k
Biohazard - Code - Veronica (Japan) (Tentou-you Demo Movie);https://tinyurl.com/24mgohps
Biohazard - Code - Veronica - Kanzenban (Japan) (Disc 1);https://tinyurl.com/294wa6ml
Biohazard - Code - Veronica - Kanzenban (Japan) (Disc 2);https://tinyurl.com/29a42djf
Biohazard - Code - Veronica - Trial Edition (Japan);https://tinyurl.com/285d4hvq
Biohazard 2 - Value Plus (Japan) (Disc 1);https://tinyurl.com/224fuqxr
Biohazard 2 - Value Plus (Japan) (Disc 2);https://tinyurl.com/22du5gmg
Biohazard 3 - Last Escape (Japan);https://tinyurl.com/2cnejaag
Black-Matrix Advanced (Japan) (Disc 1);https://tinyurl.com/2bdzt7qx
Black-Matrix Advanced (Japan) (Disc 2);https://tinyurl.com/26kqq52j
Blue Stinger (Europe);https://tinyurl.com/2bunp8qd
Blue Stinger (France);https://tinyurl.com/28xmh64f
Blue Stinger (Germany) (En,De);https://tinyurl.com/28l8jxoo
Blue Stinger (Japan);https://tinyurl.com/25x7dqlw
Blue Stinger (USA);https://tinyurl.com/2dfo8gp3
Blue-Sky-Blue[s] - Sora o Mau Tsubasa (Japan);https://tinyurl.com/2bgzu6ad
Bokomu no Tatsujin (Japan);https://tinyurl.com/29kromfj
Boku Doraemon (Japan);https://tinyurl.com/292rzva7
Boku no Tennis Jinsei (Japan);https://tinyurl.com/2bfnkg5e
Boku to, Bokura no Natsu (Japan);https://tinyurl.com/27v3l2mz
Bomber Hehhe! (Japan);https://tinyurl.com/22gytpyu
Bomberman Online (USA);https://tinyurl.com/24suv9u4
Border Down (Japan);https://tinyurl.com/2ybavte8
Bounty Hunter Sara - Holy Mountain no Teiou (Japan);https://tinyurl.com/2cm7q9o4
Broadband Passport (Japan);https://tinyurl.com/28ykfduh
Buggy Heat (Europe) (En,Fr,De,Es);https://tinyurl.com/22xn8lwz
Buggy Heat (Japan);https://tinyurl.com/22hs4mwv
Bust-A-Move 4 (Europe);https://tinyurl.com/2xvz6tqq
Bust-A-Move 4 (USA);https://tinyurl.com/2ywrvvrj
CR Hissatsu Shigotonin - Pachitte Chonmage @ VP@CHI (Japan);https://tinyurl.com/22gwrwrw
Caesars Palace 2000 - Millennium Gold Edition (Europe);https://tinyurl.com/29objxnz
Caesars Palace 2000 - Millennium Gold Edition (USA);https://tinyurl.com/275tkdty
Cafe Little Wish (Japan);https://tinyurl.com/2cth9pxc
Canary - Kono Omoi o Uta ni Nosete (Japan);https://tinyurl.com/243nul3k
Candy Stripe - Minarai Tenshi (Japan);https://tinyurl.com/27xos6w7
Cannon Spike (Europe);https://tinyurl.com/25bxok66
Cannon Spike (USA);https://tinyurl.com/22ywn77x
Canvas - Sepia Iro no Motif (Japan);https://tinyurl.com/22j4j87d
Capcom Taisen Fan Disc (Japan);https://tinyurl.com/25uheak8
Capcom vs. SNK (Europe);https://tinyurl.com/264cpurx
Capcom vs. SNK (USA);https://tinyurl.com/2aqnn6uz
Capcom vs. SNK - Millennium Fight 2000 (Japan) (Rev A);https://tinyurl.com/2ydb98dh
Capcom vs. SNK - Millennium Fight 2000 (Japan) (Tentou Taikenban);https://tinyurl.com/24uv8ltd
Capcom vs. SNK - Millennium Fight 2000 (Japan);https://tinyurl.com/2yug59du
Capcom vs. SNK - Millennium Fight 2000 Pro (Japan);https://tinyurl.com/29ms2yes
Capcom vs. SNK 2 - Millionaire Fighting 2001 (Japan);https://tinyurl.com/28lz9we2
Card of Destiny - Hikari to Yami no Tougousha (Japan);https://tinyurl.com/26yqtrc3
Cardcaptor Sakura - Tomoyo no Video Daisakusen (Japan);https://tinyurl.com/2788e39n
Carrier (Europe) (En,Fr,De,Es);https://tinyurl.com/2dgxwfee
Carrier (Japan);https://tinyurl.com/2y3uyhos
Carrier (USA);https://tinyurl.com/2763mru9
Castle Fantasia - Seima Taisen (Japan);https://tinyurl.com/29yrsbp3
Centipede (USA);https://tinyurl.com/2d3jnq8c
Championship Surfer (Europe) (Beta) (2000-10-24);https://tinyurl.com/27b8fyr3
Championship Surfer (Europe) (En,Fr,De,Es,It);https://tinyurl.com/2dc5lqp2
Championship Surfer (USA);https://tinyurl.com/29jsy2uf
Chaos Field (Japan);https://tinyurl.com/22fufslp
Charge 'N Blast (Europe);https://tinyurl.com/22cga2yt
Charge 'N Blast (Japan);https://tinyurl.com/26aqwmv9
Charge 'N Blast (USA);https://tinyurl.com/24ymo38a
Cherry Blossom (Japan);https://tinyurl.com/29bjn6w4
Chicken Run (Europe) (Fr,De,Es,It);https://tinyurl.com/25zdppwz
Chicken Run (Japan) (Beta) (2000-08-01);https://tinyurl.com/2b5k9ahx
Chicken Run (UK);https://tinyurl.com/2a7on233
Chicken Run (USA);https://tinyurl.com/25v96a83
Chocolat - Maid Cafe Curio (Japan) (Demo);https://tinyurl.com/29q5n4hk
Chocolat - Maid Cafe Curio (Japan);https://tinyurl.com/28osv2gr
Chou Hatsumei Boy Kanipan - Bousou Robot no Nazo! (Japan);https://tinyurl.com/293tytkd
Choukou Senki Kikaioh (Japan);https://tinyurl.com/24ez4kgs
Choukou Senki Kikaioh for Matching Service (Japan);https://tinyurl.com/274nnj5n
Christmas Seaman - Omoi o Tsutaeru Mou Hitotsu no Houhou (Japan) (Message Disc);https://tinyurl.com/237mfggp
Christmas Seaman - Omoi o Tsutaeru Mou Hitotsu no Houhou (Japan) (Present Disc);https://tinyurl.com/27n5y5dz
Chu-Chu Rocket! (Japan) (Taikenban);https://tinyurl.com/24j8owb6
Chu-Chu Rocket! (Japan);https://tinyurl.com/2clytfxq
ChuChu Rocket! (Europe) (En,Ja,Fr,De,Es);https://tinyurl.com/2yh326zp
ChuChu Rocket! (USA) (En,Ja,Fr,De,Es);https://tinyurl.com/22rryw87
Cleopatra Fortune (Japan) (Rev A);https://tinyurl.com/2artkykt
Climax Landers (Japan);https://tinyurl.com/2yvm2448
Climax Landers - Motte ke! Minige Campaign (Japan);https://tinyurl.com/22qoms2x
Close To - Inori no Oka (Japan);https://tinyurl.com/2395wfpf
Coaster Works (Europe);https://tinyurl.com/2yujmwvy
Coaster Works (USA);https://tinyurl.com/28sh6a4v
Comic Party (Japan) (Disc 1);https://tinyurl.com/2b4w2yd9
Comic Party (Japan) (Disc 2);https://tinyurl.com/26tbrwn8
Confidential Mission (Europe) (En,Fr,De,Es);https://tinyurl.com/2bdzxytw
Confidential Mission (Japan) (En,Ja,Fr,De,Es);https://tinyurl.com/2ac87wt6
Confidential Mission (USA);https://tinyurl.com/25o6p9x3
Conflict Zone (Europe) (En,Fr,De);https://tinyurl.com/2yta8enj
Conflict Zone (USA);https://tinyurl.com/2yvxrsxh
Cool Boarders Burrrn! (Japan) (Taikenban);https://tinyurl.com/27agn268
Cool Boarders Burrrn! (Japan);https://tinyurl.com/22hojwfr
Cool Cool Toon (Japan) (Tentou-you Taikenban);https://tinyurl.com/23dtjrjq
Cool Cool Toon (Japan);https://tinyurl.com/25ngpl4a
Cosmic Smash (Japan);https://tinyurl.com/283cr5wh
Crazy Taxi (Europe);https://tinyurl.com/28nvtxjq
Crazy Taxi (Japan);https://tinyurl.com/2aorqobe
Crazy Taxi (USA);https://tinyurl.com/2853dj9f
Crazy Taxi 2 (Europe) (En,Ja,Fr,De,Es);https://tinyurl.com/29k3ssnp
Crazy Taxi 2 (Japan) (En,Ja);https://tinyurl.com/27d7t7ub
Crazy Taxi 2 (Japan) (Taikenban);https://tinyurl.com/2bewomdk
Crazy Taxi 2 (USA);https://tinyurl.com/285vn9ee
Culdcept II (Japan);https://tinyurl.com/2aymsq98
Cyber Troopers - Virtual-On - Oratorio Tangram (USA);https://tinyurl.com/2c5zrfz9
D+Vine [Luv] (Japan);https://tinyurl.com/2bldveht
D2 (USA) (Disc 1);https://tinyurl.com/2bqznlen
D2 (USA) (Disc 2);https://tinyurl.com/2abz8cxd
D2 (USA) (Disc 3);https://tinyurl.com/25yl989j
D2 (USA) (Disc 4);https://tinyurl.com/2yqfhzfc
D2 - D no Shokutaku 2 (Japan) (Disc 1);https://tinyurl.com/2c9s9wa4
D2 - D no Shokutaku 2 (Japan) (Disc 2);https://tinyurl.com/22v6fe3y
D2 - D no Shokutaku 2 (Japan) (Disc 3);https://tinyurl.com/244kwnxl
D2 - D no Shokutaku 2 (Japan) (Disc 4);https://tinyurl.com/2yvk9pc6
D2 Shock (Japan);https://tinyurl.com/298arfle
Dabi Tsuku - Derby-ba o Tsukurou! (Japan) (Taikenban);https://tinyurl.com/2a9kjhm7
Dabi Tsuku - Derby-ba o Tsukurou! (Japan);https://tinyurl.com/2ylvwkm9
Dabi Tsuku 2 (Japan);https://tinyurl.com/28yta6nr
Dance Dance Revolution - Club Version - Dreamcast Edition (Japan);https://tinyurl.com/24vxyxlf
Dance Dance Revolution 2nd Mix - Dreamcast Edition (Japan);https://tinyurl.com/2btpryxb
Dancing Blade Katte ni Momotenshi II - Tears of Eden Kanzenban (Japan) (Disc 1);https://tinyurl.com/2ychouxk
Dancing Blade Katte ni Momotenshi II - Tears of Eden Kanzenban (Japan) (Disc 2);https://tinyurl.com/2y5md9qs
Dancing Blade Katte ni Momotenshi! Kanzenban (Japan) (Disc 1);https://tinyurl.com/27gt4fzf
Dancing Blade Katte ni Momotenshi! Kanzenban (Japan) (Disc 2);https://tinyurl.com/263j8je3
Dave Mirra Freestyle BMX (Europe);https://tinyurl.com/226zxgp5
Dave Mirra Freestyle BMX (USA);https://tinyurl.com/24tnjfex
Daytona USA (USA);https://tinyurl.com/22nmthpz
Daytona USA 2001 (Europe) (En,Fr,De,Es);https://tinyurl.com/2yh8c8rv
Daytona USA 2001 (Japan) (Taikenban);https://tinyurl.com/2ayfqc8x
Daytona USA 2001 (Japan);https://tinyurl.com/27kof47r
De La Jet Set Radio (Japan) (En,Ja,Fr,De,Es);https://tinyurl.com/2629ry6l
Dead or Alive 2 (Europe) (Beta) (2000-03-10);https://tinyurl.com/2aeb6tgz
Dead or Alive 2 (Europe);https://tinyurl.com/2cf74k86
Dead or Alive 2 (Japan) (Shokai Genteiban);https://tinyurl.com/2bv28j7q
Dead or Alive 2 (Japan) (Taikenban);https://tinyurl.com/2be7wmpp
Dead or Alive 2 (Japan);https://tinyurl.com/23oewy6o
Dead or Alive 2 (USA) (Demo);https://tinyurl.com/24utga4b
Dead or Alive 2 (USA);https://tinyurl.com/29dcywy4
Deadly Skies (Europe) (En,Fr,De,Es,It);https://tinyurl.com/276g2b7n
Death Crimson 2 (Japan);https://tinyurl.com/27ug9wes
Death Crimson OX (Japan);https://tinyurl.com/2yhzwdda
Death Crimson OX (USA);https://tinyurl.com/2c4cukrv
Deep Fighter (Europe) (En,It) (Disc 1);https://tinyurl.com/2bz3abf4
Deep Fighter (Europe) (En,It) (Disc 2);https://tinyurl.com/2cmr872q
Deep Fighter (France) (Disc 1);https://tinyurl.com/23uxt36y
Deep Fighter (France) (Disc 2);https://tinyurl.com/24ly3od6
Deep Fighter (Germany) (Disc 1);https://tinyurl.com/23fet5kz
Deep Fighter (Germany) (Disc 2);https://tinyurl.com/22anv9wt
Deep Fighter (USA) (Disc 1);https://tinyurl.com/223sjmq4
Deep Fighter (USA) (Disc 2);https://tinyurl.com/2yvnrfta
Dejiko no Maibura (Japan);https://tinyurl.com/2agjfsd3
Demolition Racer - No Exit (USA) (Demo);https://tinyurl.com/24yvztyk
Demolition Racer - No Exit (USA);https://tinyurl.com/2bxobtdg
Dengen Tenshi Taisen Mahjong Shangri-La (Japan);https://tinyurl.com/29r9rkft
Dengen Tenshi Taisen Mahjong Shangri-La - Super Premium Movie Disc (Japan);https://tinyurl.com/2c3onbo7
Dennou Senki - Virtual-On - Oratorio Tangram (Japan);https://tinyurl.com/27r96jt7
Denpa Shounen-teki Kenshou Seikatsu Soft - Nasubi no Heya (Japan);https://tinyurl.com/2bty2ycg
Densha de Go! 2 - Kousoku-hen 3000 Bandai (Japan);https://tinyurl.com/28p4psa4
Di Gi Charat Fantasy (Japan);https://tinyurl.com/289ng7jm
Digital Keiba Shinbun - My Trackman (Japan);https://tinyurl.com/29eee37b
Dino Crisis (Europe);https://tinyurl.com/279n5nqb
Dino Crisis (France);https://tinyurl.com/239ltmkx
Dino Crisis (Germany);https://tinyurl.com/29ex984s
Dino Crisis (Italy);https://tinyurl.com/224uvqwb
Dino Crisis (Japan);https://tinyurl.com/26qdjcuu
Dino Crisis (Spain);https://tinyurl.com/2yggk973
Dino Crisis (USA);https://tinyurl.com/29kxb56l
Disney's 102 Dalmatians - Puppies to the Rescue (Europe) (Fr,De,Es,It);https://tinyurl.com/2czos4c6
Disney's 102 Dalmatians - Puppies to the Rescue (USA);https://tinyurl.com/22jh9mkf
Disney's Dinosaur (Europe) (En,Fr,De,Es,It);https://tinyurl.com/278s6vox
Disney's Dinosaur (USA);https://tinyurl.com/2cfbx8rv
Disney's Donald Duck - Goin' Quackers (USA);https://tinyurl.com/2avjvj3n
Disney's Donald Duck - Quack Attack (Europe) (En,Fr,De,Es,It);https://tinyurl.com/2abxtoge
Disney-Pixar Buzz Lightyear of Star Command (Europe);https://tinyurl.com/26mwohdm
Disney-Pixar Buzz Lightyear of Star Command (USA);https://tinyurl.com/23y39k5v
Disney-Pixar Captain Buzz Lightyear - Star Command (Germany);https://tinyurl.com/264wzq8a
Disney-Pixar Les Aventures de Buzz L'Eclair (France);https://tinyurl.com/27gzs92o
Disney-Pixar Toy Story 2 - Buzz Lightyear eilt zur Hilfe! (Germany);https://tinyurl.com/24avwmne
Disney-Pixar Toy Story 2 - Buzz Lightyear to the Rescue! (Europe);https://tinyurl.com/27y4zlc9
Disney-Pixar Toy Story 2 - Buzz Lightyear to the Rescue! (USA);https://tinyurl.com/28cns46n
Disney-Pixar Toy Story 2 - Buzz l'Eclair a la Rescousse! (France);https://tinyurl.com/2auahxt8
Doguu Senki - Haou (Japan);https://tinyurl.com/2akxwk2k
Doki Doki Idol Star Seeker Remix (Japan);https://tinyurl.com/27tsdldp
Doricatch - FunCargo (Japan);https://tinyurl.com/243mg7e6
Dorimaga GD Vol. 1 (Japan);https://tinyurl.com/235qtwx9
Dorimaga GD Vol. 10 (Japan);https://tinyurl.com/25f8pn8k
Dorimaga GD Vol. 11 (Japan);https://tinyurl.com/2xp2zox3
Dorimaga GD Vol. 12 (Japan);https://tinyurl.com/2bfampyk
Dorimaga GD Vol. 2 (Japan) (Disc 1);https://tinyurl.com/2dbys8te
Dorimaga GD Vol. 2 (Japan) (Disc 2);https://tinyurl.com/29bxj7n3
Dorimaga GD Vol. 3 (Japan);https://tinyurl.com/24erabcq
Dorimaga GD Vol. 4 (Japan);https://tinyurl.com/23r88gph
Dorimaga GD Vol. 5 (Japan);https://tinyurl.com/25db3sue
Dorimaga GD Vol. 6 (Japan);https://tinyurl.com/243fdqcv
Dorimaga GD Vol. 7 (Japan);https://tinyurl.com/22ot4azh
Dorimaga GD Vol. 8 (Japan);https://tinyurl.com/276gd9ab
Dorimaga GD Vol. 9 (Japan);https://tinyurl.com/22rfxexe
Dousoukai 2 - Again & Refrain (Japan);https://tinyurl.com/29ch36vq
Draconus - Cult of the Wyrm (USA);https://tinyurl.com/2786wmk9
Dragon Riders - Chronicles of Pern (Europe);https://tinyurl.com/24ek7ubz
Dragon Riders - Chronicles of Pern (USA);https://tinyurl.com/226eqoam
Dragons Blood (Europe) (En,Fr,De);https://tinyurl.com/287cxg8l
Dream Passport (Japan);https://tinyurl.com/27n74f88
Dream Passport 2 (Japan) (Rev A);https://tinyurl.com/28tllo5s
Dream Passport 2 (Japan) (Rev B);https://tinyurl.com/22yayhds
Dream Passport 3 (Japan);https://tinyurl.com/24lyemfr
Dream Passport 3 - Urban Style (Japan);https://tinyurl.com/249tkzh7
Dream Passport Premier (Japan);https://tinyurl.com/2cr4ylu9
Dream Passport Ver.1.01 (Japan) (Rev A);https://tinyurl.com/25sb8lzd
Dream Passport for Toyota (Japan);https://tinyurl.com/29b7llob
Dream Preview Vol. 0 (Japan);https://tinyurl.com/27c2ab9l
Dream Preview Vol. 1 (Japan);https://tinyurl.com/25uysysb
Dream Preview Vol. 2 (Japan);https://tinyurl.com/27mmetll
Dream Preview Vol. 3 (Japan);https://tinyurl.com/267lwk7b
Dream Preview Vol. 5 (Japan);https://tinyurl.com/28fd8v5o
Dream Preview Vol. 6 (Japan);https://tinyurl.com/27ody9vj
Dream Preview Vol. 7 (Japan);https://tinyurl.com/22vkv785
Dream Preview Vol. 8 (Japan);https://tinyurl.com/27d875ww
DreamFlyer (Japan);https://tinyurl.com/26fckuj2
Dreamcast Express Extra (Japan);https://tinyurl.com/2c2j4f3h
Dreamcast Express Vol. 1 (Japan);https://tinyurl.com/2bk4rrd2
Dreamcast Express Vol. 2 (Japan);https://tinyurl.com/29e44tok
Dreamcast Express Vol. 3 (Japan);https://tinyurl.com/275vnnno
Dreamcast Express Vol. 4 (Japan) (Disc 1) (Trial Disk);https://tinyurl.com/253c6jm5
Dreamcast Express Vol. 4 (Japan) (Disc 2) (Tokyo Game Show '99 Autumn - Special Disk);https://tinyurl.com/2ydkew9f
Dreamcast Express Vol. 5 (Japan) (Disc 1) (Trial Disk);https://tinyurl.com/22sku8np
Dreamcast Express Vol. 5 (Japan) (Disc 2) (Movie Disk);https://tinyurl.com/25t3xl68
Dreamcast Express Vol. 6 (Japan) (Disc 1) (Special Disk);https://tinyurl.com/2dxsszju
Dreamcast Express Vol. 6 (Japan) (Disc 2) (Trial & Movie Disk);https://tinyurl.com/2d7o75qm
Dreamcast Express Vol. 7 (Japan) (Disc 1) (Special Disk);https://tinyurl.com/27h3hrmb
Dreamcast Express Vol. 7 (Japan) (Disc 2) (Trial & Movie Disk);https://tinyurl.com/2awwurs9
Dreamcast Middleware Conference Demo Disc Part.2 (Japan);https://tinyurl.com/25cqeaar
Dreamcast Promotion Disk (Japan);https://tinyurl.com/2bhqy4wd
Dreamcast VM Data-shuu (Japan);https://tinyurl.com/27mthamt
Dreamkey (Australia);https://tinyurl.com/24rj6547
Dreamkey (Europe) (Rev B);https://tinyurl.com/276juwrf
Dreamkey (Europe);https://tinyurl.com/2b4ukkns
Dreamkey (France) (Rev A);https://tinyurl.com/2bsus8vx
Dreamkey (France);https://tinyurl.com/24pxayma
Dreamkey (India);https://tinyurl.com/2y7dal6e
Dreamkey 3.0 (Europe) (En,Fr,De,It);https://tinyurl.com/2b37y7du
Dreamkey 3.1 (Portugal);https://tinyurl.com/2ywmwrly
Dreamkey 3.1 (Spain);https://tinyurl.com/2y6w5q3v
Dreamkey Versao 2.0 (Portugal);https://tinyurl.com/2a8bfuhd
Dreamkey Version 1.5 (Europe);https://tinyurl.com/25fjcrqw
Dreamkey Version 1.5 (France);https://tinyurl.com/22e8wp6h
Dreamkey Version 1.5 (Spain);https://tinyurl.com/262a4w99
Dreamkey Version 2.0 (Europe) (En,Fr,De,Es,It);https://tinyurl.com/2d2qhcv3
Dreamkey Version 2.0 (Europe);https://tinyurl.com/286k8gkq
Dreamon Collection 2 (Europe) (En,Fr,De,Es);https://tinyurl.com/23x4f6gs
Dreamon Collection 3 (Europe) (En,Fr,De,Es);https://tinyurl.com/2cfcpkkx
Dreamon Collection 4 (Europe) (En,Fr,De,Es);https://tinyurl.com/2ckhhrgr
Dreamon Volume 1 (Europe) (En,Fr,De,Es);https://tinyurl.com/24hxqvh9
Dreamon Volume 10 (Europe) (En,Fr,De,Es);https://tinyurl.com/2xswloeh
Dreamon Volume 10 (France);https://tinyurl.com/2xvzhrte
Dreamon Volume 10 (Germany) (En,Fr,De,Es);https://tinyurl.com/2xl9xe2q
Dreamon Volume 11 (Europe) (En,Fr,De,Es);https://tinyurl.com/2blqlsuv
Dreamon Volume 12 (Europe) (En,Fr,De,Es);https://tinyurl.com/28g6q9zl
Dreamon Volume 13 (Europe) (En,Fr,De,Es);https://tinyurl.com/2cxqpnyh
Dreamon Volume 14 (Europe) (En,Fr,De,Es);https://tinyurl.com/26ntqjan
Dreamon Volume 15 (Europe) (En,Fr,De,Es);https://tinyurl.com/253ae7u3
Dreamon Volume 16 (Europe) (En,Fr,De,Es);https://tinyurl.com/25kfa8ug
Dreamon Volume 17 (Europe) (En,Fr,De,Es);https://tinyurl.com/2cthkn3x
Dreamon Volume 18 (Europe) (En,Fr,De,Es);https://tinyurl.com/2399s4c7
Dreamon Volume 19 (Europe) (En,Fr,De,Es);https://tinyurl.com/262tjtkv
Dreamon Volume 2 (Europe) (En,Fr,De,Es);https://tinyurl.com/2xz8wfzd
Dreamon Volume 20 (Europe) (En,Fr,De,Es);https://tinyurl.com/28lpnbhv
Dreamon Volume 21 (Europe) (En,Fr,De,Es);https://tinyurl.com/27hypfu9
Dreamon Volume 22 (Europe) (En,Fr,De,Es);https://tinyurl.com/2d2hmk4q
Dreamon Volume 3 (Europe) (En,Fr,De,Es);https://tinyurl.com/29xpr5lh
Dreamon Volume 4 (Europe) (En,Fr,De,Es);https://tinyurl.com/23djal42
Dreamon Volume 5 (Europe) (En,Fr,De,Es);https://tinyurl.com/23hlnnrm
Dreamon Volume 6 (Europe) (En,Fr,De,Es);https://tinyurl.com/27l45zkt
Dreamon Volume 7 & 8 (France);https://tinyurl.com/28mduklm
Dreamon Volume 7 (Europe) (En,Fr,De,Es);https://tinyurl.com/25ycpdzu
Dreamon Volume 8 (Europe) (En,Fr,De,Es);https://tinyurl.com/23f2rkcp
Dreamon Volume 9 (Europe) (En,Fr,De,Es);https://tinyurl.com/234qa6j4
Dreamstud!o (Japan);https://tinyurl.com/2733wrfh
Ducati World (Europe) (En,Fr,De,It);https://tinyurl.com/2xqks2xs
Ducati World - Racing Challenge (USA);https://tinyurl.com/2xog3qle
Dynamite Cop (Europe);https://tinyurl.com/29o4rhov
Dynamite Cop! (USA);https://tinyurl.com/2xq6n6vc
Dynamite Deka 2 (Japan) (Demo 1);https://tinyurl.com/2b659r68
Dynamite Deka 2 (Japan) (Demo 2);https://tinyurl.com/2bger7wt
Dynamite Deka 2 (Japan);https://tinyurl.com/26uz2pg7
ECW Anarchy Rulz (Europe);https://tinyurl.com/22w7d4jr
ECW Anarchy Rulz (USA);https://tinyurl.com/2ckafdfj
ECW Hardcore Revolution (Europe);https://tinyurl.com/29ge67d7
ECW Hardcore Revolution (Germany);https://tinyurl.com/2ygbl5xz
ECW Hardcore Revolution (USA);https://tinyurl.com/2dz6yltg
ESPN International Track & Field (Europe) (En,Fr,De);https://tinyurl.com/25emaptv
ESPN International Track & Field (USA);https://tinyurl.com/27mdk3sb
ESPN NBA 2Night (USA);https://tinyurl.com/26l3syrz
Ecco the Dolphin - Defender of the Future (Europe) (En,Fr,De,Es);https://tinyurl.com/2yz27zag
Ecco the Dolphin - Defender of the Future (Japan);https://tinyurl.com/2djtl26e
Ecco the Dolphin - Defender of the Future (USA) (En,Fr,De,Es);https://tinyurl.com/2758o2rv
Eisei Meijin III - Game Creator Yoshimura Nobuhiro no Zunou (Japan);https://tinyurl.com/2cwl6c4h
Eldorado Gate Dai-1-kan (Japan);https://tinyurl.com/28h5kn7o
Eldorado Gate Dai-2-kan (Japan);https://tinyurl.com/28oxwaeg
Eldorado Gate Dai-3-kan (Japan);https://tinyurl.com/2yqvpncz
Eldorado Gate Dai-4-kan (Japan);https://tinyurl.com/27rswfah
Eldorado Gate Dai-5-kan (Japan);https://tinyurl.com/2d4pvjyb
Eldorado Gate Dai-6-kan (Japan);https://tinyurl.com/2ynhjtpm
Eldorado Gate Dai-7-kan (Japan);https://tinyurl.com/273sor3c
Elemental Gimmick Gear (Japan);https://tinyurl.com/2yq3gx7j
Elemental Gimmick Gear (USA);https://tinyurl.com/28zxudcn
Elysion - Eien no Sanctuary (Japan);https://tinyurl.com/2axycmrx
Erde - Nezu no Ki no Shita de (Japan);https://tinyurl.com/24hwlc6c
Es (Japan) (Disc 1);https://tinyurl.com/2bgpecz8
Es (Japan) (Disc 2);https://tinyurl.com/2524hd6p
Es (Japan) (Disc 3);https://tinyurl.com/24fru3qv
Espion-Age-nts (Japan) (Tentou-you Demonstration Movie);https://tinyurl.com/2348kkwh
Espion-Age-nts (Japan);https://tinyurl.com/2cmpqqdc
Eternal Arcadia (Japan) (Demo);https://tinyurl.com/23ormfjq
Eternal Arcadia (Japan) (Disc 1) (@barai);https://tinyurl.com/24an4tu4
Eternal Arcadia (Japan) (Disc 1);https://tinyurl.com/22smmkfr
Eternal Arcadia (Japan) (Disc 2) (@barai);https://tinyurl.com/2bgb9hfp
Eternal Arcadia (Japan) (Disc 2);https://tinyurl.com/2478w3a8
Eternal Arcadia - Kuuzokuban (Japan);https://tinyurl.com/25498lj6
European Super League (Europe) (En,Fr,De,Es,It,Pt);https://tinyurl.com/23bw8vb8
Eve Zero Kanzenban - Ark of the Matter (Japan) (Disc 1);https://tinyurl.com/29otjhcq
Eve Zero Kanzenban - Ark of the Matter (Japan) (Disc 2);https://tinyurl.com/2xqvf6j7
Ever 17 - The Out of Infinity (Japan);https://tinyurl.com/27t5exhw
Ever 17 - The Out of Infinity - Premium Edition (Japan);https://tinyurl.com/236rgoee
Evil Dead - Hail to the King (Europe);https://tinyurl.com/2yvmd26t
Evil Dead - Hail to the King (France);https://tinyurl.com/2bab7kdw
Evil Dead - Hail to the King (USA);https://tinyurl.com/248pg2zv
Evil Twin - Cyprien's Chronicles (Europe) (En,Fr);https://tinyurl.com/23vfvlpa
Evil Twin - Cyprien's Chronicles (Europe) (En,Fr,De,Es,It);https://tinyurl.com/26sgt7ku
Evolution - The World of Sacred Device (Europe);https://tinyurl.com/24j2xgcj
Evolution - The World of Sacred Device (USA);https://tinyurl.com/24o6pn9d
Evolution 2 - Far Off Promise (Europe);https://tinyurl.com/22eotwy2
Evolution 2 - Far Off Promise (USA);https://tinyurl.com/2crngj8v
Exhibition of Speed (Europe) (En,Fr,De,Es,It,Nl);https://tinyurl.com/28c7uuc5
Exodus Guilty Neos (Japan);https://tinyurl.com/292csseb
Expendable (USA) (En,Fr,De,Es,It);https://tinyurl.com/2aahwhlt
F1 Racing Championship (Europe) (En,Fr,De,Es,It);https://tinyurl.com/2ax8f3s8
F1 World Grand Prix (Europe) (En,Fr,De,Es);https://tinyurl.com/2737hhwl
F1 World Grand Prix (USA) (En,Fr,De,Es);https://tinyurl.com/2867txac
F1 World Grand Prix II for Dreamcast (Europe) (En,Fr,De,Es,It);https://tinyurl.com/25tqx92y
F1 World Grand Prix II for Dreamcast (Japan) (Demo);https://tinyurl.com/2agw69q5
F1 World Grand Prix II for Dreamcast (Japan);https://tinyurl.com/27d2u3nq
F1 World Grand Prix for Dreamcast (Japan);https://tinyurl.com/29fme7pc
F355 Challenge (Japan) (Taikenban);https://tinyurl.com/25x6szsj
F355 Challenge (Japan);https://tinyurl.com/2cl99r4m
F355 Challenge - Passione Rossa (Europe) (En,Fr,De,Es,It);https://tinyurl.com/28mvk689
F355 Challenge - Passione Rossa (USA);https://tinyurl.com/26jgqcyo
Fatal Fury - Mark of the Wolves (USA);https://tinyurl.com/28zm4mge
Fighting Force 2 (Europe) (En,Fr);https://tinyurl.com/2cpzpath
Fighting Force 2 (Germany);https://tinyurl.com/2xgvloeu
Fighting Force 2 (USA) (Rev A);https://tinyurl.com/286omdxv
Fighting Force 2 (USA);https://tinyurl.com/22mwbm3c
Fighting Vipers 2 (Europe) (Beta) (2000-12-26);https://tinyurl.com/22aw7rwq
Fighting Vipers 2 (Europe) (En,Ja,Fr,De,Es,It);https://tinyurl.com/28lamaje
Fighting Vipers 2 (Japan) (En,Ja);https://tinyurl.com/25x9h3gm
Fire Pro Wrestling D (Japan);https://tinyurl.com/2clbvbpp
First Kiss Story (Japan) (Disc 1);https://tinyurl.com/25mj5bdt
First Kiss Story (Japan) (Disc 2);https://tinyurl.com/247znywj
First Kiss Story II - Anata ga Iru kara (Japan) (Disc 1);https://tinyurl.com/23edo5dx
First Kiss Story II - Anata ga Iru kara (Japan) (Disc 2);https://tinyurl.com/27nxv73y
Fish Eyes + Wild (Japan);https://tinyurl.com/268xfulo
Flag to Flag (USA);https://tinyurl.com/255x4fbx
Flintstones, The - Viva Rock Vegas (Europe) (En,Fr,De,Es,It) (Proto) (2001-09-19);https://tinyurl.com/24rnkyhc
Floigan Bros. - Episode 1 (Europe);https://tinyurl.com/224zy2sh
Floigan Bros. - Episode 1 (USA);https://tinyurl.com/29tturtf
For Symphony - With All One's Heart (Japan);https://tinyurl.com/2ytrcpgq
Fragrance Tale (Japan);https://tinyurl.com/2dg7glm9
Frame Gride (Japan);https://tinyurl.com/2d5uw7sl
Frame Gride - Test Operation Disc (Japan);https://tinyurl.com/2dqhy2fu
Freestyle Scooter (Europe);https://tinyurl.com/27chbc85
Frogger 2 - Swampy's Revenge (USA);https://tinyurl.com/2xztazq3
Fur Fighters (Europe) (Demo);https://tinyurl.com/24uune3x
Fur Fighters (Europe) (En,Fr,De,Es);https://tinyurl.com/2yufkykh
Fur Fighters (USA) (En,Fr,De,Es) (Rev B);https://tinyurl.com/2dpelv9n
Fur Fighters + Dead or Alive 2 (Europe) (Demo);https://tinyurl.com/2a3z7yyw
Fushigi no Dungeon - Fuurai no Shiren Gaiden - Onna Kenshi Asuka Kenzan! (Japan);https://tinyurl.com/2akn322c
GK - Giant Killers (Europe);https://tinyurl.com/23bkpkts
GaiaMaster - Kessen! Seiki-ou Densetsu (Japan);https://tinyurl.com/2yxfagbj
Gakkyuu-ou Yamazaki - Yamazaki Oukoku Daifunsou! (Japan);https://tinyurl.com/2cxwvv6o
Ganbare! Nippon! Olympic 2000 (Japan);https://tinyurl.com/24el437j
Garou - Mark of the Wolves (Japan);https://tinyurl.com/2cvsz6kl
Gauntlet Legends (Europe) (En,Fr,De);https://tinyurl.com/27cvg7al
Gauntlet Legends (USA);https://tinyurl.com/24q7328m
Generator Vol. 1 (Japan);https://tinyurl.com/25x2emfe
Generator Vol. 1 (USA);https://tinyurl.com/232kmpam
Generator Vol. 2 (USA);https://tinyurl.com/2bn99mak
Get Bass (Japan) (Taikenban);https://tinyurl.com/2bc4fzcx
Get Bass (Japan);https://tinyurl.com/26jccflj
Get Bass 2 (Japan);https://tinyurl.com/2bx4bo8e
Get!! Colonies (Japan);https://tinyurl.com/2a28pfrh
Giant Gram - Zen Nihon Pro Wres 2 in Nihon Budoukan (Japan);https://tinyurl.com/225vxbk3
Giant Gram 2000 - Zen Nihon Pro Wres 3 Eikou no Yuusha-tachi (Japan);https://tinyurl.com/26hwd6ux
Giant Killers (Europe) (Beta) (2001-01-09);https://tinyurl.com/26xrh5tk
GigaWing (Europe);https://tinyurl.com/23alv77p
GigaWing (Japan) (Tentou Taikenban);https://tinyurl.com/2bcf2muc
GigaWing (Japan);https://tinyurl.com/2yngnntl
GigaWing (USA);https://tinyurl.com/23y7ngj3
GigaWing 2 (Japan) (Tentou Taikenban);https://tinyurl.com/238323ps
GigaWing 2 (Japan);https://tinyurl.com/234lta5w
GigaWing 2 (USA);https://tinyurl.com/26m8snls
Godzilla Generations (Japan);https://tinyurl.com/236cfnfu
Godzilla Generations - Maximum Impact (Japan);https://tinyurl.com/25urg7c7
Golem no Maigo (Japan);https://tinyurl.com/2daawf4k
Golf Shiyou yo (Japan) (Rev A);https://tinyurl.com/2xwukuow
Golf Shiyou yo (Japan) (Rev B);https://tinyurl.com/239cgmxa
Golf Shiyou yo - Course Data-shuu - Adventure-hen (Japan);https://tinyurl.com/285zpzak
Golf Shiyou yo 2 - Aratanaru Chousen (Japan);https://tinyurl.com/23cqmfk6
Grand Theft Auto 2 (Europe) (En,Fr,De,Es,It);https://tinyurl.com/2c6fb9lu
Grand Theft Auto 2 (France);https://tinyurl.com/2884llph
Grand Theft Auto 2 (USA);https://tinyurl.com/284nfs5l
Grandia II (Europe);https://tinyurl.com/2yn2zsr5
Grandia II (Japan) (Tentou-you Demo);https://tinyurl.com/24p88ljj
Grandia II (Japan);https://tinyurl.com/2949lgtg
Grandia II (USA);https://tinyurl.com/24smef6f
Grauen no Torikago - Kapitel 1 - Keiyaku (Japan);https://tinyurl.com/28d9dsmb
Grauen no Torikago - Kapitel 2 - Torikago (Japan);https://tinyurl.com/29m2orxk
Grauen no Torikago - Kapitel 3 - Kansei (Japan);https://tinyurl.com/28729hja
Grauen no Torikago - Kapitel 4 - Kaikou (Japan);https://tinyurl.com/2d38zdtk
Grauen no Torikago - Kapitel 5 - Shokuzai (Japan);https://tinyurl.com/288psut8
Grauen no Torikago - Kapitel 6 - Senritsu (Japan);https://tinyurl.com/22b9rwz5
Grinch, The (Europe) (En,Fr,De,Es,It);https://tinyurl.com/23cjkyzv
Grinch, The (USA) (En,Fr,Es);https://tinyurl.com/254yaylu
Guilty Gear X (Japan) (Rev A);https://tinyurl.com/22o58gqn
Guilty Gear X (Japan) (Taikenban);https://tinyurl.com/25jfjmcc
Gunbird 2 (Europe);https://tinyurl.com/2yl4uyfw
Gunbird 2 (Japan);https://tinyurl.com/2xhndo2p
Gunbird 2 (USA);https://tinyurl.com/2a37jtgk
Gundam Battle Online (Japan);https://tinyurl.com/279ks47t
Gundam Battle Online - Trial Edition (Japan);https://tinyurl.com/23z5h3z8
Gundam Side Story 0079 - Rise from the Ashes (Japan);https://tinyurl.com/23pxsnpx
Gundam Side Story 0079 - Rise from the Ashes (USA);https://tinyurl.com/26r6zghe
Gundam Side Story 0079 - Rise from the Ashes - Premium Disc (Japan);https://tinyurl.com/2abqhuxa
Gundam Side Story 0079 - Rise from the Ashes - Special Edition (Japan);https://tinyurl.com/2dj3wtmz
Gunspike (Japan) (Tentou Taikenban);https://tinyurl.com/25lkauoq
Gunspike (Japan);https://tinyurl.com/28pgk3r5
Guru Guru Onsen 2 (Japan);https://tinyurl.com/29bc2z4g
Guru Guru Onsen 3 (Japan);https://tinyurl.com/28nqxnh7
Happy Breeding (Japan);https://tinyurl.com/26vlb2zf
Happy Lesson (Japan);https://tinyurl.com/27tguawc
Happy Lesson - First Lesson (Japan);https://tinyurl.com/22ef6xbo
Harusame Youbi (Japan);https://tinyurl.com/2cnwjqwo
Headhunter (Europe) (En,Fr,De,Es) (Disc 1);https://tinyurl.com/28s7q9z8
Headhunter (Europe) (En,Fr,De,Es) (Disc 2);https://tinyurl.com/2cldnnhr
Heavy Metal - Geomatrix (Europe) (En,Fr,De,Es);https://tinyurl.com/22bt9ttr
Heavy Metal - Geomatrix (Japan);https://tinyurl.com/24lb5l55
Heavy Metal - Geomatrix (USA);https://tinyurl.com/2ccdkrvl
Heisei Mahjong-sou (Japan);https://tinyurl.com/23ttq4sh
Hello Kitty no Dream Passport 2 (Japan);https://tinyurl.com/2d8zkn2k
Hello Kitty no Garden Panic (Japan);https://tinyurl.com/22zagmy3
Hello Kitty no Lovely Fruit Park (Japan);https://tinyurl.com/2dxrwcnt
Hello Kitty no Magical Block (Japan);https://tinyurl.com/28lqjhdw
Hello Kitty no Otonaru Mail (Japan);https://tinyurl.com/25xpeab7
Hello Kitty no Waku Waku Cookies (Japan);https://tinyurl.com/2xqsqlv4
Hidden & Dangerous (Europe) (En,Fr,De,Es);https://tinyurl.com/2b3d7fj4
Hidden & Dangerous (USA);https://tinyurl.com/22wtgjjj
Himitsu - Yui ga Ita Natsu (Japan);https://tinyurl.com/23e8e33r
House of the Dead 2, The (Europe) (En,Fr,De,Es);https://tinyurl.com/29pf58se
House of the Dead 2, The (Japan) (Rev B);https://tinyurl.com/267s5scz
House of the Dead 2, The (Japan);https://tinyurl.com/2yk7rwzv
House of the Dead 2, The (Japan, Europe) (Taikenban);https://tinyurl.com/2yuhcdcj
House of the Dead 2, The (USA);https://tinyurl.com/28pswk4j
Hoyle Casino (USA);https://tinyurl.com/287sqsw7
Hundred Swords (Japan) (@barai);https://tinyurl.com/257dnggo
Hundred Swords (Japan);https://tinyurl.com/24b8nlcp
Hydro Thunder (Europe);https://tinyurl.com/2amfer4c
Hydro Thunder (USA) (Rev 1);https://tinyurl.com/26aeyvrf
Hydro Thunder (USA);https://tinyurl.com/2yyqhdb3
Idol Janshi o Tsukucchaou (Japan);https://tinyurl.com/2c2b5s68
Ikaruga (Japan);https://tinyurl.com/25psy2oj
Illbleed (Japan) (En,Ja);https://tinyurl.com/258n5yo6
Illbleed (Taiwan);https://tinyurl.com/2ahorfay
Illbleed (USA);https://tinyurl.com/2889voyn
Imakoso!! Dreamcast with Special GD!! (Japan);https://tinyurl.com/23zwyev5
Imperial no Taka - Fighter of Zero (Japan);https://tinyurl.com/2dp29ew9
Incoming (Europe) (En,Fr,De,Es,It);https://tinyurl.com/2ybzc8z4
Incoming (USA);https://tinyurl.com/24a9t7nm
Incoming - Jinrui Saishuu Kessen (Japan);https://tinyurl.com/24rep8o2
Industrial Spy - Operation Espionage (USA);https://tinyurl.com/2c3h2mtj
Inoue Ryouko - Last Scene (Japan);https://tinyurl.com/26ztf8ry
Inoue Ryouko - Roommate (Japan);https://tinyurl.com/2bsqechs
Interlude (Japan);https://tinyurl.com/282kgvz9
Internet Browser V3.0 for Dreamcast (USA);https://tinyurl.com/266tbenf
Iris (Japan);https://tinyurl.com/2bnlm5ly
Iron Aces (Europe);https://tinyurl.com/2ypn7by4
Iron Aces (USA);https://tinyurl.com/23vnu8mj
Izumo (Japan);https://tinyurl.com/2dh83e3e
J.League Pro Soccer Club o Tsukurou! (Japan);https://tinyurl.com/29o26x3s
J.League Pro Soccer Club o Tsukurou! Tokusei o Tanoshimi File Download Disc (Japan);https://tinyurl.com/28mpdv32
J.League Spectacle Soccer (Japan);https://tinyurl.com/2ya8unam
JRA PAT for Dreamcast V40 L10 (Japan);https://tinyurl.com/254a4rf7
JRA PAT for Dreamcast V40 L11 (Japan);https://tinyurl.com/284p86un
JRA PAT for Dreamcast V40 L12 (Japan);https://tinyurl.com/269y2n2t
JRA PAT for Dreamcast V50 L10 (Japan);https://tinyurl.com/2cf3ylum
Jahmong (Japan);https://tinyurl.com/2a92bo97
Jeremy McGrath Supercross 2000 (Europe) (En,Fr,De);https://tinyurl.com/2266s4dd
Jeremy McGrath Supercross 2000 (USA);https://tinyurl.com/26z87wna
Jet Coaster Dream (Japan);https://tinyurl.com/2dhyyx26
Jet Coaster Dream 2 (Japan);https://tinyurl.com/25zm2awf
Jet Grind Radio (USA);https://tinyurl.com/29gwovss
Jet Set Radio (Europe) (En,Fr,De,Es);https://tinyurl.com/2472ps5y
Jet Set Radio (Japan);https://tinyurl.com/2yckocob
Jikkyou Powerful Pro Yakyuu - Dreamcast Edition (Japan);https://tinyurl.com/2cqt32xx
Jimmy White's 2 - Cueball (Europe) (En,Fr,De,Es,It);https://tinyurl.com/23zleacq
Jinsei Game for Dreamcast (Japan);https://tinyurl.com/22fl2s22
Jissen Pachi-Slot Hisshouhou! @ VP@CHI - Kongdom (Japan);https://tinyurl.com/236lag97
JoJo's Bizarre Adventure (Europe);https://tinyurl.com/24qcd4hs
JoJo's Bizarre Adventure (USA);https://tinyurl.com/2c2enznc
Jojo no Kimyou na Bouken - Mirai e no Isan (Japan) (Tentou Taikenban);https://tinyurl.com/2ceercqv
Jojo no Kimyou na Bouken - Mirai e no Isan (Japan);https://tinyurl.com/2yv2yvw6
Jojo no Kimyou na Bouken - Mirai e no Isan for Matching Service (Japan);https://tinyurl.com/2cvjndrb
July (Japan) (Rev A);https://tinyurl.com/2xpfrd6z
July (Japan);https://tinyurl.com/24dgwk9a
KISS Psycho Circus - The Nightmare Child (Europe);https://tinyurl.com/29jwpud8
KISS Psycho Circus - The Nightmare Child (USA);https://tinyurl.com/2bx9lqhk
Kaen Seibo - The Virgin on Megiddo (Japan) (Disc 1);https://tinyurl.com/2acnjvub
Kaen Seibo - The Virgin on Megiddo (Japan) (Disc 2);https://tinyurl.com/2ybb9rgt
Kaitou Apricot (Japan);https://tinyurl.com/26onph54
Kanon (Japan);https://tinyurl.com/22986s8b
Kao the Kangaroo (Europe) (Demo);https://tinyurl.com/25qs68o7
Kao the Kangaroo (Europe) (En,Fr,De,Es,It);https://tinyurl.com/23ywxtpe
Kao the Kangaroo (USA) (En,Es);https://tinyurl.com/22xm8rol
Karous (Japan);https://tinyurl.com/23j3tupr
Kaze no Uta (Japan);https://tinyurl.com/2bbfqmqp
Kidou Senkan Nadesico - Nadesico the Mission (Japan);https://tinyurl.com/265xxcmr
Kidou Senkan Nadesico - Nadesico the Mission - Special Disc (Japan) (Demo);https://tinyurl.com/27gj9sh8
Kidou Senshi Gundam - Gihren no Yabou - Zeon no Keifu (Japan) (Disc 1) (Earth Federation Disc);https://tinyurl.com/256n996e
Kidou Senshi Gundam - Gihren no Yabou - Zeon no Keifu (Japan) (Disc 2) (Zeon Disc);https://tinyurl.com/277j6wv2
Kidou Senshi Gundam - Renpou vs. Zeon & DX (Japan) (Disc 1) (Kidou Senshi Gundam - Renpou vs. Zeon);https://tinyurl.com/2bjkjs7w
Kidou Senshi Gundam - Renpou vs. Zeon & DX (Japan) (Disc 2) (Kidou Senshi Gundam - Renpou vs. Zeon DX);https://tinyurl.com/29rak5xy
Kimi ga Nozomu Eien (Japan);https://tinyurl.com/2chg63lt
Kindan no Pet - Seaman - Gasse Hakase no Jikken-tou (Japan) (2001-nen Taiouban) (Rev A);https://tinyurl.com/238d7ltn
Kindan no Pet - Seaman - Gasse Hakase no Jikken-tou (Japan) (Rev A);https://tinyurl.com/2aktntm3
King of Fighters '99, The - Evolution (Japan);https://tinyurl.com/2btyrztl
King of Fighters 2000, The (Japan);https://tinyurl.com/268sbyc6
King of Fighters 2001, The (Japan);https://tinyurl.com/2bdkhv66
King of Fighters 2002, The (Japan) (En,Ja);https://tinyurl.com/2cbg46k3
King of Fighters, The - Dream Match 1999 (Japan) (En,Ja,Es,Pt);https://tinyurl.com/2atflu5q
King of Fighters, The - Dream Match 1999 (USA) (En,Ja,Es,Pt);https://tinyurl.com/2cw26y7c
King of Fighters, The - Evolution (USA) (En,Ja,Es,Pt);https://tinyurl.com/29lvphyw
Kita e. Photo Memories (Japan);https://tinyurl.com/27cgtpql
Kita e. White Illumination (Japan);https://tinyurl.com/2bvdl8aa
Kitahei Gold (Japan);https://tinyurl.com/24cyqdb5
Kiteretsu Boy's Gangagan (Japan);https://tinyurl.com/2cfzh9an
Konohana - True Report (Japan);https://tinyurl.com/2cyrryu6
Konohana 2 - Todokanai Requiem (Japan);https://tinyurl.com/29nmbubu
Kuon no Kizuna - Sairinshou (Japan) (Rev A);https://tinyurl.com/27e7g63j
Kuon no Kizuna - Sairinshou (Japan);https://tinyurl.com/2662cgty
L.O.L. - Lack of Love (Japan);https://tinyurl.com/2ygof7pg
Lake Masters Pro - Dreamcast Plus! (Japan);https://tinyurl.com/23jawbr2
Langrisser Millennium (Japan);https://tinyurl.com/27dc6fvk
Last Blade 2, The - Heart of the Samurai (USA);https://tinyurl.com/2bw8uvf9
Le Mans 24 Hours (Europe) (En,Fr,Es);https://tinyurl.com/27nlntp8
Le Mans 24 Hours (Japan);https://tinyurl.com/25ruzcue
Legacy of Kain - Soul Reaver (Europe);https://tinyurl.com/282lrnsr
Legacy of Kain - Soul Reaver (France);https://tinyurl.com/25q6vwkg
Legacy of Kain - Soul Reaver (Germany);https://tinyurl.com/23nkeszu
Legacy of Kain - Soul Reaver (Italy);https://tinyurl.com/2buzbz5b
Legacy of Kain - Soul Reaver (Spain);https://tinyurl.com/2255qpho
Legacy of Kain - Soul Reaver (USA);https://tinyurl.com/29mcuc4f
Looney Tunes - Space Race (Europe) (En,Fr,De,Es,It,Nl);https://tinyurl.com/2xlxk7ox
Looney Tunes - Space Race (USA) (En,Fr,Es);https://tinyurl.com/2yt5ntvz
Love Hina - Smile Again (Japan);https://tinyurl.com/25wl5oop
Love Hina - Totsuzen no Engage Happening (Japan);https://tinyurl.com/24hknfaf
MDK2 (Europe) (En,Fr,De,Es,It);https://tinyurl.com/27vqh26f
MDK2 (USA);https://tinyurl.com/2yct4j34
MSR - Metropolis Street Racer (Europe) (En,Fr,De,Es) (Rev A);https://tinyurl.com/2cddqxv9
MSR - Metropolis Street Racer (Europe) (En,Fr,De,Es) (Rev B);https://tinyurl.com/2dlztn5r
MSR - Metropolis Street Racer (Europe) (En,Fr,De,Es);https://tinyurl.com/2d4exm5e
MSR - Metropolis Street Racer (USA) (Rev A);https://tinyurl.com/22morlkk
MSR Opel Challenge (Europe) (Beta) (1999-05-19);https://tinyurl.com/22cfa7qw
MTV Sports - Skateboarding featuring Andy Macdonald (Europe);https://tinyurl.com/26apwsnc
MTV Sports - Skateboarding featuring Andy Macdonald (USA);https://tinyurl.com/22jl8wj3
Maboroshi Tsukiyo (Japan) (Taikenban);https://tinyurl.com/229bozpf
Maboroshi Tsukiyo (Japan);https://tinyurl.com/24zqkaxq
Macross M3 (Japan) (Demo);https://tinyurl.com/288zbudg
Macross M3 (Japan);https://tinyurl.com/25838hvx
MagForce Racing (Europe) (En,Fr,De,Es,It);https://tinyurl.com/226psfaz
MagForce Racing (USA) (En,Fr,De,Es,It);https://tinyurl.com/2yj6qkn9
Magic - The Gathering (Japan);https://tinyurl.com/24qh8kch
Mahjong Taikai II Special (Japan);https://tinyurl.com/2y8u96tl
Majo no Ocha-kai (Japan);https://tinyurl.com/25q3e93c
Maken X (Europe) (En,Fr,De,Es);https://tinyurl.com/2yv6ueqs
Maken X (Japan);https://tinyurl.com/2afebz6u
Maken X (USA);https://tinyurl.com/22qupesb
Margi - Marginal (Japan);https://tinyurl.com/2xrpe4dl
Marie & Elie no Atelier - Salburg no Renkinjutsushi 1 & 2 (Japan) (Game Disc) (Rev A);https://tinyurl.com/29nwwyu9
Marie & Elie no Atelier - Salburg no Renkinjutsushi 1 & 2 (Japan) (Game Disc);https://tinyurl.com/28mn6wtg
Marie & Elie no Atelier - Salburg no Renkinjutsushi 1 & 2 (Japan) (Omake Disc) (Rev A);https://tinyurl.com/2yqga2wh
Marie & Elie no Atelier - Salburg no Renkinjutsushi 1 & 2 (Japan) (Omake Disc);https://tinyurl.com/2bfem2x8
Marionette Company (Japan);https://tinyurl.com/2cuf4bez
Marionette Company 2 Chu! (Japan);https://tinyurl.com/22fpvato
Marionette Handler (Japan);https://tinyurl.com/2b3ez7tm
Marionette Handler 2 (Japan);https://tinyurl.com/29pggy5w
Mars Matrix (Japan) (En,Ja);https://tinyurl.com/2b5qbuab
Mars Matrix (USA);https://tinyurl.com/23jeh2b6
Marvel vs. Capcom - Clash of Super Heroes (Europe);https://tinyurl.com/2c67r965
Marvel vs. Capcom - Clash of Super Heroes (Japan) (Tentou Taikenban);https://tinyurl.com/2bzlpezt
Marvel vs. Capcom - Clash of Super Heroes (Japan);https://tinyurl.com/27np8k9c
Marvel vs. Capcom - Clash of Super Heroes (USA);https://tinyurl.com/2adurzv7
Marvel vs. Capcom 2 (USA);https://tinyurl.com/25qagn4k
Marvel vs. Capcom 2 - New Age of Heroes (Europe);https://tinyurl.com/26haobbp
Marvel vs. Capcom 2 - New Age of Heroes (Japan) (Tentou Taikenban);https://tinyurl.com/2xhmw4l8
Marvel vs. Capcom 2 - New Age of Heroes (Japan);https://tinyurl.com/22de4lg2
Mat Hoffman's Pro BMX (USA);https://tinyurl.com/2cmvzf42
Max Steel - Covert Missions (USA);https://tinyurl.com/272pyujk
Maximum Pool (USA);https://tinyurl.com/2c433xqo
Mei Puru (Japan);https://tinyurl.com/22e9ebly
Memories Off 2nd (Japan);https://tinyurl.com/2bflogyg
Memories Off 2nd - Making Disc (Japan);https://tinyurl.com/25qolz73
Memories Off 2nd - Promotion Disc (Japan);https://tinyurl.com/2xnnyyny
Memories Off Complete (Japan);https://tinyurl.com/252odtwv
Mercurius Pretty - End of the Century (Japan);https://tinyurl.com/22jjgkry
Metal Wolf (Japan);https://tinyurl.com/2299w7xd
Microsoft WebTV Setsuzoku Kit (Japan) (128bit SSL Taiouban);https://tinyurl.com/2bkvqp7g
Microsoft WebTV Setsuzoku Kit (Japan);https://tinyurl.com/2bq3zw4a
Midway's Greatest Arcade Hits - Volume 1 (Europe);https://tinyurl.com/2ygj55ga
Midway's Greatest Arcade Hits - Volume 1 (USA);https://tinyurl.com/2ynegpn2
Midway's Greatest Arcade Hits - Volume 2 (USA);https://tinyurl.com/2cjmmnqc
Milky Season (Japan);https://tinyurl.com/2yfnsfbb
Millennium Soldier - Expendable (Europe) (En,Fr,De,Es,It);https://tinyurl.com/2b83d7vv
Miss Moonlight (Japan);https://tinyurl.com/289bt8qd
Missing Parts - The Tantei Stories (Japan);https://tinyurl.com/258tptau
Missing Parts 2 - The Tantei Stories (Japan);https://tinyurl.com/29m7k9s9
Missing Parts 3 - The Tantei Stories (Japan);https://tinyurl.com/2c8wxeu8
Mizuiro (Japan);https://tinyurl.com/28alarxs
MoHo (Europe) (En,Fr,De);https://tinyurl.com/2ydj46vu
Moekan (Japan);https://tinyurl.com/262uyg2f
Moero! Justice Gakuen (Japan) (Demo);https://tinyurl.com/26ng3amo
Moero! Justice Gakuen (Japan);https://tinyurl.com/29n2uxx8
Monaco Grand Prix (USA);https://tinyurl.com/25op7c3s
Monaco Grand Prix Racing Simulation 2 (Japan);https://tinyurl.com/2akvg8e5
Morita no Saikyou Reversi (Japan) (Tentou Taikenban);https://tinyurl.com/2arqrsku
Morita no Saikyou Reversi (Japan);https://tinyurl.com/24zan368
Morita no Saikyou Shougi (Japan);https://tinyurl.com/29s7m6u2
Mortal Kombat Gold (Europe);https://tinyurl.com/2yvj9v49
Mortal Kombat Gold (USA) (Rev 1);https://tinyurl.com/27wggn28
Mortal Kombat Gold (USA);https://tinyurl.com/25nms7ul
Motto Pro Yakyuu Team o Tsukurou! (Japan);https://tinyurl.com/27l4k52d
Mr. Driller (Europe) (En,Fr,De,Es,It);https://tinyurl.com/2d8b3mjs
Mr. Driller (Japan);https://tinyurl.com/22b7lybj
Mr. Driller (USA);https://tinyurl.com/276zk7gu
Ms. Pac-Man Maze Madness (USA);https://tinyurl.com/2bpfbnxj
Musapey's Choco Marker (Japan);https://tinyurl.com/25arenm3
My Merry May (Japan);https://tinyurl.com/234qoqxl
My Merry Maybe (Japan) (Disc 1);https://tinyurl.com/2datwqyp
My Merry Maybe (Japan) (Disc 2);https://tinyurl.com/2ajxre2w
NBA 2K (Europe) (En,Fr,De,Es);https://tinyurl.com/2awohlgg
NBA 2K (Japan);https://tinyurl.com/239vgwuf
NBA 2K (USA);https://tinyurl.com/24lhqfot
NBA 2K1 (Japan);https://tinyurl.com/2764fcee
NBA 2K1 (USA);https://tinyurl.com/22k7ntup
NBA 2K2 (Europe);https://tinyurl.com/2y578kgf
NBA 2K2 (Japan);https://tinyurl.com/2xruo6mr
NBA 2K2 (USA);https://tinyurl.com/2688t4xh
NBA Hoopz (Europe) (En,Fr,De);https://tinyurl.com/29o5946f
NBA Hoopz (USA);https://tinyurl.com/2xq74qct
NBA Showtime - NBA on NBC (Europe);https://tinyurl.com/2cokcglv
NBA Showtime - NBA on NBC (USA);https://tinyurl.com/2avf339y
NCAA College Football 2K2 - Road to the Rose Bowl (USA);https://tinyurl.com/24uhtbb2
NFL 2K (Japan);https://tinyurl.com/2dlkmyut
NFL 2K (USA);https://tinyurl.com/2xsqxtrq
NFL 2K1 (Japan);https://tinyurl.com/2c36xvtn
NFL 2K1 (USA);https://tinyurl.com/2d2p6kkz
NFL 2K2 (Japan);https://tinyurl.com/2d9kz7ra
NFL 2K2 (USA);https://tinyurl.com/2bhazhjc
NFL Blitz 2000 (Europe);https://tinyurl.com/252mlz7t
NFL Blitz 2000 (USA) (Rev 1);https://tinyurl.com/2dk7mq6a
NFL Blitz 2000 (USA);https://tinyurl.com/2dgqgwje
NFL Blitz 2001 (USA);https://tinyurl.com/2dnlsjq6
NFL QB Club 2001 (USA);https://tinyurl.com/26qjlwo8
NFL Quarterback Club 2000 (Europe);https://tinyurl.com/29gp7vd3
NFL Quarterback Club 2000 (USA);https://tinyurl.com/23ls33gu
NHL 2K (Europe);https://tinyurl.com/23bzzmn9
NHL 2K (USA);https://tinyurl.com/28gapjh9
NHL 2K2 (Japan);https://tinyurl.com/28xfb3ob
NHL 2K2 (USA);https://tinyurl.com/277oh278
Nakoruru - Ano Hito kara no Okurimono (Japan);https://tinyurl.com/239dreas
Namco Museum (USA);https://tinyurl.com/2dzv87vs
Nanatsu no Hikan - Senritsu no Bishou (Japan);https://tinyurl.com/22odln5g
Napple Tale - Arsia in Daydream (Japan);https://tinyurl.com/25ej7lrb
Neo Golden Logres (Japan) (En,Ja);https://tinyurl.com/27ff5czw
Neppachi - 10-ren Chan de Las Vegas Ryokou (Japan) (Rev A);https://tinyurl.com/286fdxq4
Neppachi II - CR Harenchi Gakuen (Japan);https://tinyurl.com/27wkydjc
Neppachi III - CR Dokonjou Gaeru 2 - CR Dokonjou Gaeru H (Japan);https://tinyurl.com/2yzkbnbk
Neppachi IV - CR Aa!! Hana no Ouendan 3 (Japan);https://tinyurl.com/22nb9zw9
Neppachi V - CR Monster House (Japan);https://tinyurl.com/232bdd2s
Neppachi VI - CR Otakara Tankentai (Japan);https://tinyurl.com/25bq94b6
Net Versus - Chess (Japan);https://tinyurl.com/28c8cgqm
Net Versus - Gomoku Narabe to Renju (Japan);https://tinyurl.com/2998m22k
Net Versus - Hanafuda (Japan);https://tinyurl.com/2akrvhuy
Net Versus - Igo (Japan);https://tinyurl.com/25xlfxcj
Net Versus - Mahjong (Japan);https://tinyurl.com/2br9fqrl
Net Versus - Reversi (Japan);https://tinyurl.com/2868ajot
Net Versus - Shougi (Japan);https://tinyurl.com/25g2ol3y
Net de Para (Japan);https://tinyurl.com/2ccnqd2g
Net de Tennis (Japan);https://tinyurl.com/29c8nxkx
Nettou Golf (Japan);https://tinyurl.com/268cdrhl
Never 7 - The End of Infinity (Japan);https://tinyurl.com/2xqamgux
Next Tetris, The (Europe);https://tinyurl.com/27p3fh8t
Next Tetris, The - On-Line Edition (USA);https://tinyurl.com/274hdmlk
Nightmare Creatures II (Europe) (En,Fr,De,Es);https://tinyurl.com/27v3heam
Nightmare Creatures II (USA);https://tinyurl.com/2aqdsjtb
Nihon Pro Mahjong Renmei Kounin - Tetsuman Menkyokaiden (Japan);https://tinyurl.com/2642vapq
Nijuuei (Japan);https://tinyurl.com/283av5sj
Nishikaze no Kyoushikyoku - The Rhapsody of Zephyr (Japan);https://tinyurl.com/267jpmxp
Nobunaga no Yabou - Reppuuden (Japan);https://tinyurl.com/29ubh9df
Nobunaga no Yabou - Shouseiroku with Power-Up Kit (Japan);https://tinyurl.com/28zp7qjy
Nomad Soul, The (Europe) (En,Fr,De,Es,It);https://tinyurl.com/24nxe94z
Nomad Soul, The (France) (En,Fr,De,Es,It);https://tinyurl.com/287kdmke
Nomad Soul, The (Germany);https://tinyurl.com/234zq63c
O-to-i-re - Dreamcast Sequencer (Japan) (En,Ja);https://tinyurl.com/2239y42j
Official Sega Dreamcast Magazine Vol. 10 - January 2001 (USA);https://tinyurl.com/25qxpof9
Official Sega Dreamcast Magazine Vol. 11 - February 2001 (USA);https://tinyurl.com/2coqzor5
Official Sega Dreamcast Magazine Vol. 2 - November 1999 (USA);https://tinyurl.com/23s4sw8y
Official Sega Dreamcast Magazine Vol. 3 - January 2000 (USA);https://tinyurl.com/28ktwyvf
Official Sega Dreamcast Magazine Vol. 4 - March 2000 (USA);https://tinyurl.com/2aqulwju
Official Sega Dreamcast Magazine Vol. 5 - May 2000 (USA);https://tinyurl.com/2xwrhqmc
Official Sega Dreamcast Magazine Vol. 6 - July 2000 (USA);https://tinyurl.com/2abgcbtf
Official Sega Dreamcast Magazine Vol. 7 - September 2000 (USA);https://tinyurl.com/2bn2lrnt
Official Sega Dreamcast Magazine Vol. 8 - November 2000 (USA);https://tinyurl.com/28etu4tm
Official Sega Dreamcast Magazine Vol. 9 - December 2000 (USA);https://tinyurl.com/28wyq5u2
Omikron - The Nomad Soul (USA) (En,Fr,De,Es,It);https://tinyurl.com/29jksxhb
Omoide ni Kawaru Kimi - Memories Off (Japan);https://tinyurl.com/25qeujhp
Ooga Booga (USA);https://tinyurl.com/22pwr729
Oogami Ichirou Funtou-ki - Sakura Taisen Kayou Show Beni Tokage yori (Japan) (Disc 1);https://tinyurl.com/225dpcfx
Oogami Ichirou Funtou-ki - Sakura Taisen Kayou Show Beni Tokage yori (Japan) (Disc 2);https://tinyurl.com/2ylu3kzb
Orange Pocket - Cornet (Japan);https://tinyurl.com/28fz4exd
Ouka Houshin - Ouka Sakishi Toki (Japan);https://tinyurl.com/23mqyb9w
Outtrigger (Europe) (En,Fr,De,Es);https://tinyurl.com/27hmz5jg
Outtrigger (Japan);https://tinyurl.com/29mrvd2w
Outtrigger (USA);https://tinyurl.com/23w79yvl
POD - Speedzone (USA);https://tinyurl.com/25xhy3we
POD 2 - Multiplayer Online (Europe);https://tinyurl.com/2yru5hk4
Pachi-Slot Teiou - Dream Slot - Heiwa SP (Japan);https://tinyurl.com/2yhkl3qg
Pachi-Slot Teiou - Dream Slot - Olympia SP (Japan);https://tinyurl.com/2dcjnxfm
Pachinko no Dendou - CR Nanasy (Japan);https://tinyurl.com/253h22gr
Pandora no Yume (Japan);https://tinyurl.com/25klv3h7
Panzer Front (Japan) (En,Ja);https://tinyurl.com/2ar4odl5
Patissier na Nyanko - Hatsukoi wa Ichigo Aji (Japan);https://tinyurl.com/26dcp5ya
PenPen (Europe) (En,Fr,De,Es,It,Nl);https://tinyurl.com/28q8qmth
PenPen TriIcelon (Japan) (Rev A);https://tinyurl.com/2yjpcc5u
PenPen TriIcelon (Japan) (Taikenban);https://tinyurl.com/28zz5chq
PenPen TriIcelon (Japan) (Tentou Taikenban);https://tinyurl.com/28uz96lc
PenPen TriIcelon (USA);https://tinyurl.com/267cn7wh
Phantasy Star Online (Europe) (En,Ja,Fr,De,Es) (Rev 1);https://tinyurl.com/2487buhr
Phantasy Star Online (Japan) (Demo);https://tinyurl.com/25udpvo8
Phantasy Star Online (Japan) (En,Ja,Fr,De,Es);https://tinyurl.com/233ry6fh
Phantasy Star Online (Japan) (Tentou-you Demo Movie);https://tinyurl.com/2actbkly
Phantasy Star Online (USA) (En,Ja,Fr,De,Es) (Rev B);https://tinyurl.com/296erbne
Phantasy Star Online Ver. 2 (Europe) (En,Ja,Fr,De,Es);https://tinyurl.com/2c6ylyxv
Phantasy Star Online Ver. 2 (Japan) (En,Ja,Fr,De,Es);https://tinyurl.com/25anxr8v
Phantasy Star Online Ver. 2 (USA) (En,Ja,Fr,De,Es);https://tinyurl.com/27uedwau
Pia Carrot e Youkoso!! 2.5 (Japan) (Disc 1) (Pia Carrot e Youkoso!! 2);https://tinyurl.com/2apop4tj
Pia Carrot e Youkoso!! 2.5 (Japan) (Disc 2) (Pia Carrot e Youkoso!! 2.2);https://tinyurl.com/27p9lpe3
Pia Carrot e Youkoso!! 3 (Japan);https://tinyurl.com/23qvw4hn
Pizzicato Polka - Ensa Gen'ya (Japan);https://tinyurl.com/22d7vdas
Planet Ring (Europe) (En,Fr,De,Es);https://tinyurl.com/232hjl82
Plasma Sword - Nightmare of Bilstein (Europe);https://tinyurl.com/28mo35ph
Plasma Sword - Nightmare of Bilstein (USA);https://tinyurl.com/25ymuvmp
Plus Plumb (Japan);https://tinyurl.com/2aofajm4
Pocke-Kano - Yumi, Shizuka, Fumio (Japan);https://tinyurl.com/2cnklu3r
Pop'n Music (Japan);https://tinyurl.com/25jn3ms4
Pop'n Music 2 (Japan);https://tinyurl.com/27fe96mv
Pop'n Music 3 - Append Disc (Japan);https://tinyurl.com/24smtykw
Pop'n Music 4 - Append Disc (Japan);https://tinyurl.com/29lew4bd
Power Jet Racing 2001 (Japan);https://tinyurl.com/2ddzhe4p
Power Smash - Sega Professional Tennis (Japan) (Demo 1);https://tinyurl.com/256kkozb
Power Smash - Sega Professional Tennis (Japan) (Demo 2);https://tinyurl.com/25zkozlu
Power Smash - Sega Professional Tennis (Japan);https://tinyurl.com/25bpcvf5
Power Smash 2 - Sega Professional Tennis (Japan) (En,Ja,Fr,De,Es) (Demo);https://tinyurl.com/2bmw446p
Power Smash 2 - Sega Professional Tennis (Japan);https://tinyurl.com/2yqa3rra
Power Stone (Europe);https://tinyurl.com/27a2ezot
Power Stone (Japan) (Tentou Taikenban);https://tinyurl.com/26mgco4k
Power Stone (Japan);https://tinyurl.com/2br8jkvk
Power Stone (USA) (Demo);https://tinyurl.com/25mu72dp
Power Stone (USA);https://tinyurl.com/2yysobhm
Power Stone 2 (Europe);https://tinyurl.com/26m27t24
Power Stone 2 (Japan) (Tentou-you Demo Movie);https://tinyurl.com/244ye4a3
Power Stone 2 (Japan);https://tinyurl.com/26gufm5a
Power Stone 2 (USA);https://tinyurl.com/22wag8me
Prince of Persia - Arabian Nights (USA);https://tinyurl.com/27dup7e8
Princess Holiday - Korogaru Ringo Tei Sen'ya Ichiya (Japan);https://tinyurl.com/2ca4y3oz
Princess Maker Collection (Japan);https://tinyurl.com/224xq3ne
Prism Heart (Japan);https://tinyurl.com/2dd4cj29
Prism Heart - Gaiden Disc - Ken ni Kometa Omoi (Japan);https://tinyurl.com/2dd9mlbf
Prismaticallization (Japan);https://tinyurl.com/233p8rnf
Pro Mahjong Kiwame D (Japan);https://tinyurl.com/28nvpc7u
Pro Pinball Trilogy (Europe);https://tinyurl.com/288hfohf
Pro Yakyuu Team de Asobou Net! (Japan) (Rev A);https://tinyurl.com/29d8dk54
Pro Yakyuu Team de Asobou! (Japan) (Demo);https://tinyurl.com/269c4e2p
Pro Yakyuu Team de Asobou! (Japan) (Tokubetsuban);https://tinyurl.com/2de4wbge
Pro Yakyuu Team de Asobou! (Japan);https://tinyurl.com/2848x7pk
Pro Yakyuu Team o Tamesou! (Japan) (Famitsu Tokubetsuban);https://tinyurl.com/28or22ct
Pro Yakyuu Team o Tsukurou! & Asobou! (Japan);https://tinyurl.com/239paop8
Pro Yakyuu Team o Tsukurou! (Japan) (Rev B);https://tinyurl.com/2cosb3j7
Pro Yakyuu Team o Tsukurou! (Japan) (Rev E);https://tinyurl.com/2bb4accc
Project Berkley (Japan);https://tinyurl.com/22qtt8wa
Project Justice (USA);https://tinyurl.com/245g5oqo
Project Justice - Rival Schools 2 (Europe);https://tinyurl.com/27lczowm
Propeller Arena (USA) (Proto);https://tinyurl.com/25bunxob
Psychic Force 2012 (Europe);https://tinyurl.com/28ccqd6r
Psychic Force 2012 (Japan) (Taikenban);https://tinyurl.com/242u9lbr
Psychic Force 2012 (Japan);https://tinyurl.com/2c84jula
Psychic Force 2012 (USA);https://tinyurl.com/27fcgrut
Psyvariar 2 - The Will to Fabricate (Japan);https://tinyurl.com/22qyjzrb
Puyo Puyo Da! Featuring Ellena System (Japan);https://tinyurl.com/2752we48
Puyo Puyo Fever (Japan) (En,Ja);https://tinyurl.com/27qa8hs8
Puyo Puyoon (Japan) (Taikenban);https://tinyurl.com/2ysr7jh5
Puyo Puyoon (Japan);https://tinyurl.com/25zzw6ts
Puzzle Bobble 4 (Japan);https://tinyurl.com/22sdd88x
Q-bert (USA);https://tinyurl.com/2589eq37
Quake III - Arena (Europe) (En,Fr,De,Es);https://tinyurl.com/2ychl8lo
Quake III - Arena (USA);https://tinyurl.com/29gyc4l9
Qui Veut Gagner des Millions (France);https://tinyurl.com/2ymr5mfc
Quiz Aa Megami-sama - Tatakau Tsubasa to Tomoni (Japan) (Tokubetsu Omake GD-ROM);https://tinyurl.com/2bulx2qe
Quiz Aa Megami-sama - Tatakau Tsubasa to Tomoni (Japan);https://tinyurl.com/2yc3gdj8
R7 - Regulation 7 (Japan);https://tinyurl.com/2cqbs2ru
Racing Simulation - Monaco Grand Prix (Europe) (En,Fr,De,Es,It);https://tinyurl.com/28holy4t
Racing Simulation 2 - Monaco Grand Prix On-Line (Europe);https://tinyurl.com/23u4a5b9
Radirgy (Japan);https://tinyurl.com/29kowgfk
Railroad Tycoon II (Europe) (En,Fr,De);https://tinyurl.com/27dswsm6
Railroad Tycoon II (USA);https://tinyurl.com/284t7gtb
Rainbow Cotton (Japan);https://tinyurl.com/273jfesz
Rayman - Kaizokusen kara no Dasshutsu! (Japan);https://tinyurl.com/29vtqke7
Rayman 2 - The Great Escape (Europe) (En,Fr,De,Es,It) (Beta) (2000-01-17);https://tinyurl.com/23kn2emk
Rayman 2 - The Great Escape (Europe) (En,Fr,De,Es,It);https://tinyurl.com/2baqn7rx
Rayman 2 - The Great Escape (USA) (En,Fr,De,Es,It);https://tinyurl.com/2y4nf7pt
Razor Freestyle Scooter (USA);https://tinyurl.com/26sb4zu7
Re-Volt (Europe) (Demo);https://tinyurl.com/2bch9l3v
Re-Volt (Europe) (En,Fr,De,Es,It);https://tinyurl.com/29gq4494
Re-Volt (Japan);https://tinyurl.com/29r2lz2p
Re-Volt (USA);https://tinyurl.com/2249ktgo
Ready 2 Rumble Boxing (Europe) (En,Fr,De);https://tinyurl.com/242jmgqf
Ready 2 Rumble Boxing (UK);https://tinyurl.com/2c9hj6ct
Ready 2 Rumble Boxing (USA) (Demo);https://tinyurl.com/2cu3lyx5
Ready 2 Rumble Boxing (USA) (RE);https://tinyurl.com/2ylxyzla
Ready 2 Rumble Boxing (USA);https://tinyurl.com/2buhfc9a
Ready 2 Rumble Boxing - Round 2 (Europe) (Beta) (2000-10-03);https://tinyurl.com/23xspjn6
Ready 2 Rumble Boxing - Round 2 (Europe) (En,Fr,De);https://tinyurl.com/23vobs43
Ready 2 Rumble Boxing - Round 2 (USA) (En,Fr,De);https://tinyurl.com/27gbb8jw
Ready 2 Rumble Boxing - Uchikome Warai no Megaton Punch!! (Japan) (En,Ja,Fr,De);https://tinyurl.com/2ykztnzr
Real Sound - Kaze no Regret (Japan) (Disc 1) (Rev A);https://tinyurl.com/2a87gkzp
Real Sound - Kaze no Regret (Japan) (Disc 1) (Rev B);https://tinyurl.com/2bzvgd87
Real Sound - Kaze no Regret (Japan) (Disc 2) (Rev A);https://tinyurl.com/2cnme8st
Real Sound - Kaze no Regret (Japan) (Disc 2);https://tinyurl.com/2xk4ebnx
Record of Lodoss War (Europe);https://tinyurl.com/2aq7mbo4
Record of Lodoss War (France);https://tinyurl.com/26hkfay3
Record of Lodoss War (Germany);https://tinyurl.com/2dqmpo6k
Record of Lodoss War (USA);https://tinyurl.com/2874gfpt
Record of Lodoss War - The Advent of Cardice (Japan) (Taikenban);https://tinyurl.com/28v4o4xy
Record of Lodoss War - The Advent of Cardice (Japan);https://tinyurl.com/2xmg8y3m
Red Dog - Superior Firepower (Europe) (En,Fr,De,Es);https://tinyurl.com/2c3ojncb
Red Dog - Superior Firepower (USA);https://tinyurl.com/24jvkvs3
Redline Racer (Japan);https://tinyurl.com/24vvopvm
Reel Fishing + Wild (USA);https://tinyurl.com/2deyekwa
Remember 11 - The Age of Infinity - Promotion Disc (Japan);https://tinyurl.com/279n22ef
Ren'ai Chu! Happy Perfect (Japan);https://tinyurl.com/23bccez2
Rent a Hero No.1 (Japan);https://tinyurl.com/2a5xd8x4
Resident Evil - Code - Veronica (Europe) (Demo);https://tinyurl.com/2367k7l8
Resident Evil - Code - Veronica (Europe) (Disc 1);https://tinyurl.com/25fmfvtj
Resident Evil - Code - Veronica (Europe) (Disc 2);https://tinyurl.com/2yjumef3
Resident Evil - Code - Veronica (France) (Disc 1);https://tinyurl.com/22olka2p
Resident Evil - Code - Veronica (France) (Disc 2);https://tinyurl.com/2xkbgpo8
Resident Evil - Code - Veronica (Germany) (Disc 1);https://tinyurl.com/23ah2od3
Resident Evil - Code - Veronica (Germany) (Disc 2);https://tinyurl.com/2a99soow
Resident Evil - Code - Veronica (Spain) (Disc 1);https://tinyurl.com/2ybcda3m
Resident Evil - Code - Veronica (Spain) (Disc 2);https://tinyurl.com/2b3ov2o9
Resident Evil - Code - Veronica (USA) (Disc 1);https://tinyurl.com/25qrvwxf
Resident Evil - Code - Veronica (USA) (Disc 2);https://tinyurl.com/22l83cl5
Resident Evil 2 (Europe) (En,Fr) (Disc 1);https://tinyurl.com/28werzcp
Resident Evil 2 (Europe) (En,Fr) (Disc 2);https://tinyurl.com/24g3w6bx
Resident Evil 2 (USA) (Disc 1);https://tinyurl.com/2a6olhfb
Resident Evil 2 (USA) (Disc 2);https://tinyurl.com/29exrfv8
Resident Evil 3 - Nemesis (Europe) (Fr,Es);https://tinyurl.com/275sd9uc
Resident Evil 3 - Nemesis (Europe);https://tinyurl.com/2y4v6hwd
Resident Evil 3 - Nemesis (Germany);https://tinyurl.com/2dh24flw
Resident Evil 3 - Nemesis (USA);https://tinyurl.com/24o8pbp7
Revive... - Sosei (Japan);https://tinyurl.com/24x8hnz2
Rez (Europe) (En,Ja,Fr,De,Es,It);https://tinyurl.com/2dbuc8p5
Rez (Japan) (En,Ja,Fr,De,Es,It);https://tinyurl.com/2ymvc94p
Ring, The (Japan);https://tinyurl.com/2yece8l2
Ring, The - Terror's Realm (USA);https://tinyurl.com/25cn3thf
Rippin' Riders (USA);https://tinyurl.com/28d578wv
Roadsters (Europe) (En,Fr,De,Es,It,Nl);https://tinyurl.com/27fus9mp
Roadsters (USA);https://tinyurl.com/2yda24es
Roommania 203 (Japan);https://tinyurl.com/27e78tcr
Roommate Asami - Okusama wa Joshikousei - Director's Edition (Japan);https://tinyurl.com/2bfw4at3
Roommate Novel - Satou Yuka (Japan);https://tinyurl.com/2aemc8sa
Run=Dim as Black Soul (Japan);https://tinyurl.com/2d7draw2
Rune Caster (Japan);https://tinyurl.com/23bk3ooj
Rune Jade (Japan);https://tinyurl.com/2apr6cqu
Rush 2049 (Europe) (En,De,Es,It,Nl,Fi) (Beta) (2000-08-07);https://tinyurl.com/28cv4rvn
SGGG - Segagaga (Japan);https://tinyurl.com/25uucyo2
Saka Tsuku Tokudai-gou - J.League Pro Soccer Club o Tsukurou! (Japan) (Rev A);https://tinyurl.com/229t6rla
Saka Tsuku Tokudai-gou - J.League Pro Soccer Club o Tsukurou! (Japan);https://tinyurl.com/26spva4w
Saka Tsuku Tokudai-gou 2 - J.League Pro Soccer Club o Tsukurou! (Japan);https://tinyurl.com/27lgpbm2
Sakura Momoko Gekijou - Coji-Coji (Japan);https://tinyurl.com/29x3yrgg
Sakura Taisen (Japan) (Disc 1);https://tinyurl.com/23qk8hcz
Sakura Taisen (Japan) (Disc 2);https://tinyurl.com/2bzw59dg
Sakura Taisen (Japan) (Omake Disc);https://tinyurl.com/257pe3lt
Sakura Taisen - Hanagumi Taisen Columns 2 (Japan);https://tinyurl.com/23utoy4d
Sakura Taisen 2 - Kimi, Shinitamou Koto Nakare (Japan) (Disc 1) (Rev A);https://tinyurl.com/24m7zqtu
Sakura Taisen 2 - Kimi, Shinitamou Koto Nakare (Japan) (Disc 1);https://tinyurl.com/259qklh6
Sakura Taisen 2 - Kimi, Shinitamou Koto Nakare (Japan) (Disc 2) (Rev A);https://tinyurl.com/27tzxqj5
Sakura Taisen 2 - Kimi, Shinitamou Koto Nakare (Japan) (Disc 2);https://tinyurl.com/288z4kmo
Sakura Taisen 2 - Kimi, Shinitamou Koto Nakare (Japan) (Disc 3) (Rev A);https://tinyurl.com/246q966f
Sakura Taisen 2 - Kimi, Shinitamou Koto Nakare (Japan) (Disc 3);https://tinyurl.com/2ausdt6k
Sakura Taisen 3 - Les Chattes Noires (Japan);https://tinyurl.com/26zryxtn
Sakura Taisen 3 - Paris wa Moeteiru ka (Japan) (Disc 1);https://tinyurl.com/245uwgyg
Sakura Taisen 3 - Paris wa Moeteiru ka (Japan) (Disc 2);https://tinyurl.com/24b2omva
Sakura Taisen 3 - Paris wa Moeteiru ka (Japan) (Disc 3);https://tinyurl.com/23ngmsby
Sakura Taisen 3 - Paris wa Moeteiru ka (Japan) (Tentou-you Demo Movie);https://tinyurl.com/247lztbe
Sakura Taisen 3 - Paris wa Moeteiru ka - Drama Download Disc (Japan);https://tinyurl.com/22k26hur
Sakura Taisen 3 - Paris wa Moeteiru ka - Sakura Taisen 3 Movie Disc (Japan);https://tinyurl.com/28v8unme
Sakura Taisen 4 - Koi seyo Otome (Japan) (Tentou-you Demo Movie);https://tinyurl.com/2y8fu23d
Sakura Taisen 4 - Koi seyo Otome (Japan);https://tinyurl.com/26qvr6au
Sakura Taisen 4 - Koi seyo Otome - Preview Disc (Japan);https://tinyurl.com/24rqfst7
Sakura Taisen Dream Passport 3 (Japan);https://tinyurl.com/295wjyy5
Sakura Taisen Kinematron Hanagumi Mail (Japan);https://tinyurl.com/2a5zompx
Sakura Taisen Online - Paris no Yuuga na Hibi (Japan);https://tinyurl.com/24slpjy6
Sakura Taisen Online - Teito no Nagai Hibi (Japan);https://tinyurl.com/2dct6me8
Samba de Amigo (Europe);https://tinyurl.com/2cc7lth6
Samba de Amigo (Japan);https://tinyurl.com/2ysrtfme
Samba de Amigo (USA);https://tinyurl.com/2xzw6d4v
Samba de Amigo Ver. 2000 (Japan);https://tinyurl.com/2cdv89r4
San Francisco Rush 2049 (Europe) (En,Fr,De,Es,It,Nl);https://tinyurl.com/2b2bvqwn
San Francisco Rush 2049 (USA) (En,Fr,De,Es,It,Nl) (Demo);https://tinyurl.com/25hobcu5
San Francisco Rush 2049 (USA) (En,Fr,De,Es,It,Nl);https://tinyurl.com/2735wfvb
Sangokushi VI (Japan);https://tinyurl.com/29vgalhx
Sangokushi VI with Power-Up Kit (Japan);https://tinyurl.com/22ps6xvc
Seaman (USA);https://tinyurl.com/28syrb3q
Seaman Esa Disc - Kimos Shu no Youchuu Hojuu Kit (Japan);https://tinyurl.com/22r4kj5r
Sega Bass Fishing (Europe);https://tinyurl.com/29wpp6of
Sega Bass Fishing (USA);https://tinyurl.com/22lwsc9x
Sega Bass Fishing 2 (USA);https://tinyurl.com/2dmhgr45
Sega Extreme Sports (Europe) (En,Fr,De,Es);https://tinyurl.com/27vtrfwr
Sega Extreme Sports (Japan);https://tinyurl.com/22hncsh5
Sega GT (Europe) (En,Fr,De,Es);https://tinyurl.com/23h9zh8x
Sega GT (USA);https://tinyurl.com/24sssx2e
Sega GT - Homologation Special (Japan) (Taikenban);https://tinyurl.com/29lkv2ps
Sega GT - Homologation Special (Japan);https://tinyurl.com/2cbvr3nt
Sega Marine Fishing (Japan);https://tinyurl.com/23hesjh6
Sega Marine Fishing (USA);https://tinyurl.com/299q4avf
Sega Rally 2 (Europe) (Rev 1);https://tinyurl.com/29qvxbvs
Sega Rally 2 (Europe);https://tinyurl.com/25etkglv
Sega Rally 2 (Japan) (Alt);https://tinyurl.com/265yzeo4
Sega Rally 2 (Japan);https://tinyurl.com/26rb6mlb
Sega Rally 2 (USA);https://tinyurl.com/248t82qr
Sega Smash Pack - Volume 1 (USA);https://tinyurl.com/23la686z
Sega Tetris (Japan) (Rev A);https://tinyurl.com/26lp9kmy
Sega Worldwide Soccer 2000 (Europe) (Beta) (1999-02-10);https://tinyurl.com/2xws6mrl
Sega Worldwide Soccer 2000 (Europe) (En,Fr,De,Es);https://tinyurl.com/2ycnk736
Sega Worldwide Soccer 2000 - Euro Edition (Europe) (En,Fr,De,Es);https://tinyurl.com/29oq93je
SegaKara for Dreamcast (Japan);https://tinyurl.com/222x8fxd
Seireiki Rayblade (Japan) (Video ROM);https://tinyurl.com/2ath6w73
Seireiki Rayblade (Japan);https://tinyurl.com/28rzu498
Seitai Heiki Expendable (Japan);https://tinyurl.com/2533j3jk
Sekai Fushigi Hakken! Troia (Japan);https://tinyurl.com/2ajstrh6
Sengoku Turb (Japan) (Taikenban);https://tinyurl.com/2y8729a3
Sengoku Turb (Japan);https://tinyurl.com/254r5gtz
Sengoku Turb - Fanfan I Love Me Dunce-doublentendre (Japan);https://tinyurl.com/24rhl32u
Sentimental Graffiti - Yakusoku (Japan);https://tinyurl.com/28psanwa
Sentimental Graffiti 2 (Japan) (Disc 1);https://tinyurl.com/29tnvtfx
Sentimental Graffiti 2 (Japan) (Disc 2);https://tinyurl.com/25q8hylq
Sentimental Graffiti 2 - Third Window (Japan);https://tinyurl.com/2bgt6cq4
Seventh Cross (Japan);https://tinyurl.com/2afjeapb
Seventh Cross Evolution (USA);https://tinyurl.com/2bz5kvxj
Shadow Man (Europe) (En,Fr,Es,It);https://tinyurl.com/26srnluy
Shadow Man (Germany);https://tinyurl.com/2bdxso3p
Shadow Man (USA) (Rev A);https://tinyurl.com/22ycy5tm
Shadow Man (USA);https://tinyurl.com/22w7keaj
Shanghai - Dynasty (Japan);https://tinyurl.com/2xpbkqh5
Shenmue (Europe) (En,Fr,De,Es) (Disc 1);https://tinyurl.com/2d4fzo6o
Shenmue (Europe) (En,Fr,De,Es) (Disc 2);https://tinyurl.com/2693vheo
Shenmue (Europe) (En,Fr,De,Es) (Disc 3);https://tinyurl.com/2c4td2ft
Shenmue (Europe) (En,Fr,De,Es) (Shenmue Passport);https://tinyurl.com/29yaoxvt
Shenmue (USA) (Disc 1);https://tinyurl.com/2bxg2bdj
Shenmue (USA) (Disc 2);https://tinyurl.com/2dnlla2e
Shenmue (USA) (Disc 3);https://tinyurl.com/288jtweq
Shenmue (USA) (Shenmue Passport);https://tinyurl.com/22orj8h7
Shenmue - Ichishou Yokosuka (Japan) (Disc 1);https://tinyurl.com/2dpc7ncc
Shenmue - Ichishou Yokosuka (Japan) (Disc 2);https://tinyurl.com/242zjy6m
Shenmue - Ichishou Yokosuka (Japan) (Disc 3);https://tinyurl.com/2y23flo6
Shenmue - Ichishou Yokosuka (Japan) (Shenmue Passport) (Rev C);https://tinyurl.com/2y8vr8uv
Shenmue - Ichishou Yokosuka (Japan) (Shenmue Passport) (Rev D);https://tinyurl.com/28gaz9qh
Shenmue II (Europe) (En,Fr,De,Es) (Disc 1);https://tinyurl.com/22bw5o8m
Shenmue II (Europe) (En,Fr,De,Es) (Disc 2);https://tinyurl.com/28qk2nk5
Shenmue II (Europe) (En,Fr,De,Es) (Disc 3);https://tinyurl.com/25ox82p8
Shenmue II (Europe) (En,Fr,De,Es) (Disc 4);https://tinyurl.com/2bxu76g2
Shenmue II (Japan) (Disc 1);https://tinyurl.com/2c26w8gs
Shenmue II (Japan) (Disc 2);https://tinyurl.com/26k57ut7
Shenmue II (Japan) (Disc 3);https://tinyurl.com/2aspewj8
Shenmue II (Japan) (Disc 4);https://tinyurl.com/2yjmghr2
Shikigami no Shiro II (Japan);https://tinyurl.com/257nlotr
Shin Honkaku Hanafuda (Japan);https://tinyurl.com/2yehoau8
Shin Nihon Pro Wrestling - Toukon Retsuden 4 (Japan);https://tinyurl.com/2yld2v4x
Shin Seiki Evangelion - Ayanami Ikusei Keikaku (Japan);https://tinyurl.com/26va2yrr
Shin Seiki Evangelion - Typing E Keikaku (Japan);https://tinyurl.com/2c5e2l2g
Shin Seiki Evangelion - Typing Hokan Keikaku (Japan);https://tinyurl.com/237fva8u
Shinki Sekai Evolution (Japan) (Taikenban);https://tinyurl.com/256l9knk
Shinki Sekai Evolution (Japan);https://tinyurl.com/2bg4ed59
Shinki Sekai Evolution 2 - Tooi Yakusoku (Japan);https://tinyurl.com/28pvsege
Shinri Game, The (Japan);https://tinyurl.com/287vmnb2
Shirotsumesouwa - Episode of the Clovers (Japan);https://tinyurl.com/2ytovhjf
Shutokou Battle (Japan) (Taikenban);https://tinyurl.com/2bdzz9nc
Shutokou Battle (Japan);https://tinyurl.com/25clbhpd
Shutokou Battle 2 (Japan);https://tinyurl.com/25tq7zpq
Silent Scope (Europe) (En,Fr,De,Es,It);https://tinyurl.com/26bqcbdp
Silent Scope (Japan);https://tinyurl.com/2cqe9ap8
Silent Scope (USA);https://tinyurl.com/2d8szvfn
Silver (Europe) (En,Nl);https://tinyurl.com/27p387z4
Silver (France) (Fr,It,Pt);https://tinyurl.com/29krdocv
Silver (Germany);https://tinyurl.com/23pu8tgp
Silver (Spain);https://tinyurl.com/2ylk5c58
Silver (USA);https://tinyurl.com/286m853k
Simple 2000 Series DC Vol. 01 - Bittersweet Fools - The Ren'ai Adventure (Japan);https://tinyurl.com/24m28oko
Simple 2000 Series DC Vol. 02 - Natsuiro Celebration - The Ren'ai Simulation (Japan);https://tinyurl.com/2aqg9rqm
Simple 2000 Series DC Vol. 03 - Fureai - The Ren'ai Simulation (Japan);https://tinyurl.com/2yqrj3n5
Simple 2000 Series DC Vol. 04 - Okaeri! The Ren'ai Adventure (Japan);https://tinyurl.com/285ya9ep
Sister Princess - Premium Edition (Japan) (Disc 1);https://tinyurl.com/2axpfq9j
Sister Princess - Premium Edition (Japan) (Disc 2);https://tinyurl.com/22dzb85f
Skies of Arcadia (Europe) (En,Fr,De,Es) (Disc 1);https://tinyurl.com/27nfabt9
Skies of Arcadia (Europe) (En,Fr,De,Es) (Disc 2);https://tinyurl.com/28byc6gz
Skies of Arcadia (USA) (Disc 1);https://tinyurl.com/26kevtzz
Skies of Arcadia (USA) (Disc 2);https://tinyurl.com/2a8g43la
Slave Zero (Europe) (En,Fr,De,Es,It);https://tinyurl.com/2cwv4khk
Slave Zero (USA);https://tinyurl.com/2begghge
SnoCross Championship Racing (Europe) (En,Fr,De);https://tinyurl.com/268xn7cg
SnoCross Championship Racing (USA);https://tinyurl.com/25pjdjmy
Snow (Japan);https://tinyurl.com/2dzqkyrv
Snow Surfers (Europe);https://tinyurl.com/27kf9dbt
Soldier of Fortune (Europe);https://tinyurl.com/2bzpwy89
Soldier of Fortune (USA);https://tinyurl.com/28zaslpq
Sonic Adventure (Europe) (En,Ja,Fr,De,Es);https://tinyurl.com/236na4py
Sonic Adventure (Japan);https://tinyurl.com/24fgl33a
Sonic Adventure (USA) (Demo);https://tinyurl.com/2a64ae7l
Sonic Adventure (USA) (En,Ja,Fr,De,Es) (Rev A);https://tinyurl.com/2cknvccq
Sonic Adventure (USA);https://tinyurl.com/273vklf7
Sonic Adventure - Limited Edition (USA);https://tinyurl.com/27r3zjhd
Sonic Adventure 2 (Europe) (En,Ja,Fr,De,Es) (Beta) (2001-05-21);https://tinyurl.com/2cgefskv
Sonic Adventure 2 (Europe) (En,Ja,Fr,De,Es);https://tinyurl.com/28gd6rek
Sonic Adventure 2 (Japan) (En,Ja,Fr,De,Es) (Taikenban);https://tinyurl.com/2bgsa6u3
Sonic Adventure 2 (Japan) (En,Ja,Fr,De,Es);https://tinyurl.com/23r29zb2
Sonic Adventure 2 (USA) (En,Ja,Fr,De,Es);https://tinyurl.com/29t8usgg
Sonic Adventure 2 - The Trial (Europe) (En,Ja);https://tinyurl.com/2958n79b
Sonic Adventure 2 - The Trial (USA, Japan) (En,Ja);https://tinyurl.com/2dfjgm9a
Sonic Adventure International (Japan) (En,Ja,Fr,De,Es);https://tinyurl.com/27ovrb4w
Sonic Shuffle (Europe) (En,Fr,De,Es);https://tinyurl.com/224paqkh
Sonic Shuffle (Japan);https://tinyurl.com/26jcjpcb
Sonic Shuffle (USA);https://tinyurl.com/257qa9hu
Sorcerian - Shichisei Mahou no Shito (Japan);https://tinyurl.com/26e7rzfh
Soukou no Kihei - Space Griffon (Japan);https://tinyurl.com/25n7ju8c
Soul Fighter (Europe);https://tinyurl.com/2ddxkzrd
Soul Fighter (USA);https://tinyurl.com/2ddb7ncp
Soulcalibur (Europe) (En,Fr,De,Es);https://tinyurl.com/28usmyfw
Soulcalibur (Japan) (Tentou Taikenban);https://tinyurl.com/24zr9662
Soulcalibur (Japan);https://tinyurl.com/2a4a6adj
Soulcalibur (USA);https://tinyurl.com/22oqn2l6
South Park - Chef's Luv Shack (Europe);https://tinyurl.com/28s9pvy2
South Park - Chef's Luv Shack (USA);https://tinyurl.com/22uqowmw
South Park Rally (Europe) (En,Fr,De,Es);https://tinyurl.com/24b3ksrb
South Park Rally (USA);https://tinyurl.com/22bv9zcl
Space Channel 5 (Europe) (En,Fr,De,Es) (Beta) (2000-08-10);https://tinyurl.com/29lxjwz5
Space Channel 5 (Europe) (En,Fr,De,Es);https://tinyurl.com/26zdpbn8
Space Channel 5 (Japan) (Taikenban);https://tinyurl.com/24ww48m2
Space Channel 5 (Japan);https://tinyurl.com/2aya5bt6
Space Channel 5 (USA);https://tinyurl.com/22e3xqp2
Space Channel 5 Part 2 (Japan);https://tinyurl.com/24d8c46p
Spawn - In the Demon's Hand (Europe);https://tinyurl.com/23pma9jg
Spawn - In the Demon's Hand (Japan);https://tinyurl.com/289sfbq7
Spawn - In the Demon's Hand (USA);https://tinyurl.com/26hzflz9
Spec Ops II - Omega Squad (Europe) (En,Fr,De,Es,It);https://tinyurl.com/2aft59em
Spec Ops II - Omega Squad (USA);https://tinyurl.com/2872gra2
Speed Devils (Europe) (En,Fr,De,Es,It);https://tinyurl.com/24ptn7e2
Speed Devils (Japan);https://tinyurl.com/2bl8ae62
Speed Devils (USA);https://tinyurl.com/28flerqp
Speed Devils - Online Racing (Europe);https://tinyurl.com/24rk9kox
Speed Devils - Online Racing (USA);https://tinyurl.com/25f6bfb9
Spider-Man (Europe);https://tinyurl.com/2cd3rpz6
Spider-Man (USA);https://tinyurl.com/2dhrpl5s
Spirit of Speed 1937 (Europe) (En,Fr,De,Es);https://tinyurl.com/2ayvckwu
Spirit of Speed 1937 (Japan);https://tinyurl.com/253kcga6
Spirit of Speed 1937 (USA) (En,Fr,De,Es);https://tinyurl.com/25kp8haj
Sports Jam (Japan);https://tinyurl.com/25x66mna
Sports Jam (USA);https://tinyurl.com/2xq9jya7
Star Gladiator 2 - Nightmare of Bilstein (Japan) (Tentou Taikenban);https://tinyurl.com/2caw3h5p
Star Gladiator 2 - Nightmare of Bilstein (Japan);https://tinyurl.com/29kqhzgu
Star Wars - Demolition (Europe);https://tinyurl.com/2dy4yf7v
Star Wars - Demolition (USA);https://tinyurl.com/2dln39s7
Star Wars - Episode I - Jedi Power Battles (Europe);https://tinyurl.com/26mua9gb
Star Wars - Episode I - Jedi Power Battles (USA);https://tinyurl.com/2cm3ul4c
Star Wars - Episode I - Racer (Europe);https://tinyurl.com/29y2peyk
Star Wars - Episode I - Racer (USA);https://tinyurl.com/23x5zm3l
StarLancer (Europe);https://tinyurl.com/2dd9fbkn
StarLancer (USA);https://tinyurl.com/22nybaj6
Street Fighter Alpha 3 (Europe);https://tinyurl.com/299rxgrg
Street Fighter Alpha 3 (USA);https://tinyurl.com/2bwwjfgb
Street Fighter III - 3rd Strike (Europe);https://tinyurl.com/2aa8fsna
Street Fighter III - 3rd Strike (USA);https://tinyurl.com/2danj85q
Street Fighter III - 3rd Strike - Fight for the Future (Japan);https://tinyurl.com/2cos3qsf
Street Fighter III - Double Impact (Europe);https://tinyurl.com/24mkrg3c
Street Fighter III - Double Impact (USA);https://tinyurl.com/2bvn4u8t
Street Fighter III - W Impact (Japan);https://tinyurl.com/266bt5rk
Street Fighter Zero 3 - Saikyo-ryu Dojo (Japan) (Tentou Taikenban);https://tinyurl.com/2476hscu
Street Fighter Zero 3 - Saikyo-ryu Dojo (Japan);https://tinyurl.com/2yqf6kco
Street Fighter Zero 3 - Saikyo-ryu Dojo for Matching Service (Japan);https://tinyurl.com/27nv7znr
Striker Pro 2000 (USA);https://tinyurl.com/278guvxc
Stunt GP (Europe) (En,Fr,De,Es,It,Nl,Sv);https://tinyurl.com/24y6fvb4
Stupid Invaders (Europe) (En,Fr,De,It) (Disc 1);https://tinyurl.com/2dqjxnvo
Stupid Invaders (Europe) (En,Fr,De,It) (Disc 2);https://tinyurl.com/2cc6pnl5
Stupid Invaders (France) (Disc 1);https://tinyurl.com/26seewnj
Stupid Invaders (France) (Disc 2);https://tinyurl.com/28tacnf7
Stupid Invaders (USA) (Disc 1);https://tinyurl.com/2abarwth
Stupid Invaders (USA) (Disc 2);https://tinyurl.com/2dbpvccx
Suigetsu - Mayoigokoro (Japan) (Disc 1);https://tinyurl.com/25ve5eel
Suigetsu - Mayoigokoro (Japan) (Disc 2);https://tinyurl.com/2yfvjphs
Suika (Japan);https://tinyurl.com/22uw2yw5
Sunrise Eiyuutan (Japan);https://tinyurl.com/22fhpe8n
Super Euro Soccer 2000 (Japan);https://tinyurl.com/2c5pzvgt
Super Magnetic Neo (Europe) (En,Fr,De);https://tinyurl.com/29fjwwsy
Super Magnetic Neo (USA) (Demo);https://tinyurl.com/27gelmdb
Super Magnetic Neo (USA);https://tinyurl.com/24arq3yy
Super Magnetic Niuniu (Japan);https://tinyurl.com/2dmgkl84
Super Magnetic Niuniu - Promotion Disc (Japan);https://tinyurl.com/23cw6rk4
Super Producers - Mezase Show Biz Kai (Japan);https://tinyurl.com/2xw7sjjv
Super Puzzle Fighter II X for Matching Service (Japan);https://tinyurl.com/28mxt85w
Super Robot Taisen Alpha (Japan);https://tinyurl.com/25xwoy37
Super Runabout (Japan) (Rev A);https://tinyurl.com/2ajfl5ao
Super Runabout (Japan) (Taikenban);https://tinyurl.com/24zzedcp
Super Runabout (Japan);https://tinyurl.com/297tbmga
Super Runabout - San Francisco Edition (Europe);https://tinyurl.com/25ufbxpz
Super Runabout - San Francisco Edition (Japan);https://tinyurl.com/29pbrs22
Super Runabout - San Francisco Edition (USA);https://tinyurl.com/2dnmhfvf
Super Speed Racing (Japan);https://tinyurl.com/29ugkyvt
Super Street Fighter II X for Matching Service (Japan);https://tinyurl.com/25sookfk
Surf Rocket Racers (Europe);https://tinyurl.com/249eqr9f
Surf Rocket Racers (USA);https://tinyurl.com/2aacxj7e
Suzuki Alstare - Extreme Racing (Europe) (En,Fr,De,Es,It);https://tinyurl.com/2argtk7r
Suzuki Alstare - Extreme Racing (USA);https://tinyurl.com/26kk8vro
Sweet Season (Japan);https://tinyurl.com/2a32h3v6
Sword of the Berserk - Guts' Rage (Europe);https://tinyurl.com/2yfdu6v8
Sword of the Berserk - Guts' Rage (USA);https://tinyurl.com/24ja6dxk
Sydney 2000 (Australia);https://tinyurl.com/2xq48wyy
Sydney 2000 (Europe);https://tinyurl.com/29dpstxw
Sydney 2000 (France);https://tinyurl.com/2279ezac
Sydney 2000 (Germany);https://tinyurl.com/2aogslne
Sydney 2000 (Italy);https://tinyurl.com/2dz3kdw5
Sydney 2000 (Japan);https://tinyurl.com/23h54krs
Sydney 2000 (Spain);https://tinyurl.com/29sbsqjf
Sydney 2000 (USA);https://tinyurl.com/2cw84wlr
TNN Motorsports Hardcore Heat (USA);https://tinyurl.com/29we8ta2
Taisen Net Gimmick - Capcom & Psikyo All Stars (Japan);https://tinyurl.com/2xmgxocu
Tako no Marine (Japan);https://tinyurl.com/2dpk6a9l
Tamakyuu (Japan);https://tinyurl.com/2aex8qsz
Tanaka Torahiko no Ultra-ryuu Shougi - Ibisha Anaguma-hen (Japan);https://tinyurl.com/2dxah3sy
Tantei Shinshi Dash! (Japan) (Rev A);https://tinyurl.com/2xl6j65f
Tantei Shinshi Dash! (Japan);https://tinyurl.com/29j4ngwy
Taxi 2 - Le Jeu (France);https://tinyurl.com/239lzohc
Tech Romancer (Europe);https://tinyurl.com/2yv298mv
Tech Romancer (USA);https://tinyurl.com/28swpzts
Tee Off (Europe);https://tinyurl.com/25bcq5dw
Tee Off (USA);https://tinyurl.com/23j2qf6y
Tennis 2K2 (USA) (En,Ja,Fr,De,Es) (Rev A);https://tinyurl.com/22973clz
Tenohira o, Taiyou ni (Japan);https://tinyurl.com/28nsxcxy
Tentama - 1st Sunny Side (Japan);https://tinyurl.com/28kf5ann
Test Drive 6 (USA);https://tinyurl.com/2a5tqdot
Test Drive Le Mans (USA) (En,Fr,Es);https://tinyurl.com/2c6po4gh
Test Drive V-Rally (USA) (En,Fr,De);https://tinyurl.com/2crbpw3q
Tetris 4D (Japan);https://tinyurl.com/22hrc5fq
Time Stalkers (Europe) (En,Fr,De,Es);https://tinyurl.com/2aupap4x
Time Stalkers (USA);https://tinyurl.com/26f9p377
Tokusatsu Bouken Katsugeki Super Hero Retsuden (Japan);https://tinyurl.com/2bng4ql3
Tokyo Bus Guide (Japan) (Rev A);https://tinyurl.com/29fankk7
Tokyo Bus Guide (Japan);https://tinyurl.com/24azgnq7
Tokyo Bus Guide - Bijin Bus Guide Tenjou Disc (Japan);https://tinyurl.com/22bd5dbh
Tokyo Highway Challenge (Europe);https://tinyurl.com/2ay66yuz
Tokyo Highway Challenge 2 (Europe);https://tinyurl.com/28et88od
Tokyo Xtreme Racer (USA);https://tinyurl.com/24d4cr84
Tokyo Xtreme Racer 2 (USA);https://tinyurl.com/2599cmc3
Tom Clancy's Rainbow Six - Rogue Spear + Mission Pack - Urban Operations (Europe);https://tinyurl.com/226yapdf
Tom Clancy's Rainbow Six - Rogue Spear + Mission Pack - Urban Operations (France);https://tinyurl.com/2a9zyldx
Tom Clancy's Rainbow Six - Rogue Spear + Mission Pack - Urban Operations (Germany);https://tinyurl.com/24wl2hm6
Tom Clancy's Rainbow Six - Rogue Spear + Mission Pack - Urban Operations (USA);https://tinyurl.com/27l323y3
Tom Clancy's Rainbow Six incl. Eagle Watch Missions (Europe);https://tinyurl.com/27xhx8dr
Tom Clancy's Rainbow Six incl. Eagle Watch Missions (France);https://tinyurl.com/2dzj3yc6
Tom Clancy's Rainbow Six incl. Eagle Watch Missions (Germany);https://tinyurl.com/26c2lnlj
Tom Clancy's Rainbow Six with Eagle Watch Missions (USA);https://tinyurl.com/24qlxkkd
Tomb Raider - Die Chronik (Germany);https://tinyurl.com/28ovn8gq
Tomb Raider - La Revelation Finale (France);https://tinyurl.com/25q769b8
Tomb Raider - Sur les Traces de Lara Croft (France);https://tinyurl.com/2526vl43
Tomb Raider - The Last Revelation (Europe);https://tinyurl.com/2cje27nr
Tomb Raider - The Last Revelation (Italy);https://tinyurl.com/24kabjx8
Tomb Raider - The Last Revelation (Spain);https://tinyurl.com/26eaumz4
Tomb Raider - The Last Revelation (USA);https://tinyurl.com/2ylzrjrn
Tomb Raider Chronicles (Europe);https://tinyurl.com/26hp3g5x
Tomb Raider Chronicles (Spain);https://tinyurl.com/22jeds8k
Tomb Raider Chronicles (USA);https://tinyurl.com/225txn49
Tomb Raider Chronicles - La Leggenda di Lara Croft (Italy);https://tinyurl.com/29y7ktt9
Tomb Raider IV - The Last Revelation (Germany);https://tinyurl.com/26vl3prn
Tomb Raider IV - The Last Revelation (Japan);https://tinyurl.com/24zp27wg
Tony Hawk's Pro Skater (USA);https://tinyurl.com/2bq3q8s2
Tony Hawk's Pro Skater 2 (Europe);https://tinyurl.com/22s5lvyg
Tony Hawk's Pro Skater 2 (Germany);https://tinyurl.com/28plmtcj
Tony Hawk's Pro Skater 2 (USA);https://tinyurl.com/28egspdw
Tony Hawk's Skateboarding (Europe);https://tinyurl.com/29wvgsf5
Totsugeki! Teketeke!! Toy Ranger (Japan) (En,Ja,Fr,Es);https://tinyurl.com/2d246l7j
Toy Commander (Europe) (En,Fr,De,Es);https://tinyurl.com/293qhxb6
Toy Commander (USA) (En,Fr,De,Es);https://tinyurl.com/22yjz6ce
Toy Racer (Europe) (En,Fr,De,Es);https://tinyurl.com/258ux6ym
Treasure Strike (Japan);https://tinyurl.com/2c48kcqm
TrickStyle (Europe) (En,Fr,De,Es,It);https://tinyurl.com/2ddn5k8m
TrickStyle (USA);https://tinyurl.com/25a6eo94
Tricolore Crise (Japan);https://tinyurl.com/22nfyj75
Tricolore Crise - Art Palette (Japan);https://tinyurl.com/2b7mfmk7
Triggerheart Exelica (Japan);https://tinyurl.com/29nvdwsw
Trizeal (Japan);https://tinyurl.com/2yken3te
Tsuki wa Higashi ni Hi wa Nishi ni - Operation Sanctuary (Japan);https://tinyurl.com/27xpsy74
Tsuushin Taisen Logic Battle Daisessen (Japan);https://tinyurl.com/27huo27h
Twinkle Star Sprites (Japan) (En,Ja,Es);https://tinyurl.com/2747xrrx
Typing of the Date (Japan);https://tinyurl.com/2546cr7b
Typing of the Dead, The (Japan);https://tinyurl.com/22xa3l4w
Typing of the Dead, The (USA);https://tinyurl.com/2arr25bm
UEFA Dream Soccer (Europe) (En,Fr,De,Es);https://tinyurl.com/282utqct
UEFA Dream Soccer (France) (En,Fr,De,Es);https://tinyurl.com/2b6r5wf8
UEFA Dream Soccer (Germany) (En,Fr,De,Es);https://tinyurl.com/248ycw3c
UEFA Dream Soccer (Spain);https://tinyurl.com/27msds33
UEFA Striker (Europe) (En,Fr,De,Es,It,Nl) (Beta) (1999-09-01);https://tinyurl.com/25ddz3rp
UEFA Striker (Europe) (En,Fr,De,Es,It,Nl);https://tinyurl.com/24uw8g4a
US Shenmue (Japan) (En,Ja) (Disc 1);https://tinyurl.com/27ojx8dy
US Shenmue (Japan) (En,Ja) (Disc 2);https://tinyurl.com/224cgnsj
US Shenmue (Japan) (En,Ja) (Disc 3);https://tinyurl.com/24u3vpwb
US Shenmue (Japan) (En,Ja) (Shenmue Passport);https://tinyurl.com/2aptdbxg
Ultimate Fighting Championship (Europe);https://tinyurl.com/27pe9vzx
Ultimate Fighting Championship (Japan);https://tinyurl.com/2dckqg2f
Ultimate Fighting Championship (USA) (Demo);https://tinyurl.com/2yc2rhdw
Ultimate Fighting Championship (USA);https://tinyurl.com/22r39qs9
Under Defeat (Japan);https://tinyurl.com/26ss58bz
UnderCover AD2025 Kei (Japan);https://tinyurl.com/2yrh454e
Unreal Tournament (Europe);https://tinyurl.com/25mdkwdv
Unreal Tournament (USA) (En,Fr,De,Es,It);https://tinyurl.com/24l3sud5
Urban Chaos (Europe) (En,Fr);https://tinyurl.com/2a4xtv5p
Urban Chaos (USA) (En,Fr);https://tinyurl.com/24r3urev
Utau - Tumbling Dice (Japan);https://tinyurl.com/22vcpak4
V-Rally 2 - Expert Edition (Europe) (En,Fr,De);https://tinyurl.com/26l4guwr
Vampire Chronicle for Matching Service (Japan);https://tinyurl.com/25njhr49
Vanishing Point (Europe) (En,Fr,De,Es,It);https://tinyurl.com/2cmcarg5
Vanishing Point (USA);https://tinyurl.com/2c6vy6pn
Vermilion Desert (Japan);https://tinyurl.com/27rtlbfq
Vigilante 8 - 2nd Battle (Japan);https://tinyurl.com/2a7pmtbx
Vigilante 8 - 2nd Offense (Europe);https://tinyurl.com/226rs3qc
Vigilante 8 - 2nd Offense (USA);https://tinyurl.com/2384k5r5
Virtua Athlete 2000 (USA) (En,Fr,De,Es);https://tinyurl.com/25cenn5m
Virtua Athlete 2K (Europe) (En,Fr,De,Es);https://tinyurl.com/2cz2saoa
Virtua Athlete 2K (Japan);https://tinyurl.com/253ekrjg
Virtua Cop 2 (Japan);https://tinyurl.com/2yfdfkgo
Virtua Fighter 3tb (Europe);https://tinyurl.com/2yh42xqm
Virtua Fighter 3tb (Japan) (Rev 1);https://tinyurl.com/2bn7axrq
Virtua Fighter 3tb (Japan);https://tinyurl.com/2yqz9ofb
Virtua Fighter 3tb (USA);https://tinyurl.com/26ft7xzt
Virtua Fighter 4 Passport (Japan);https://tinyurl.com/27utmax6
Virtua Fighter History & VF4 (Japan);https://tinyurl.com/2ys8t4p9
Virtua Striker 2 (USA) (En,Ja,De,Es);https://tinyurl.com/2amprlvw
Virtua Striker 2 Ver. 2000.1 (Europe) (Beta) (1999-11-29);https://tinyurl.com/23dnh7qf
Virtua Striker 2 Ver. 2000.1 (Europe) (En,Ja,Fr,De,Es);https://tinyurl.com/25ulvsc9
Virtua Striker 2 Ver. 2000.1 (Japan) (En,Ja,Fr,De,Es);https://tinyurl.com/25kceezl
Virtua Tennis (USA);https://tinyurl.com/26lm6gje
Virtua Tennis - Sega Professional Tennis (Europe) (Beta) (2000-06-15);https://tinyurl.com/29un7tzk
Virtua Tennis - Sega Professional Tennis (Europe) (En,Fr,De,Es) (Beta) (2000-07-14);https://tinyurl.com/2aszr4wh
Virtua Tennis - Sega Professional Tennis (Europe) (En,Fr,De,Es);https://tinyurl.com/22kpkp84
Virtua Tennis 2 - Sega Professional Tennis (Europe) (En,Fr,De,Es);https://tinyurl.com/2ygymtkf
Visual Park (Japan);https://tinyurl.com/28p4xapw
WWF Attitude (Europe);https://tinyurl.com/27f8a88g
WWF Attitude (Germany);https://tinyurl.com/2cbej4zq
WWF Attitude (USA);https://tinyurl.com/2bnsh9vh
WWF Royal Rumble (Europe);https://tinyurl.com/2beseecb
WWF Royal Rumble (Japan);https://tinyurl.com/23p2dpqa
WWF Royal Rumble (USA);https://tinyurl.com/24vgvynu
Wacky Races (Europe) (En,Fr,De,Es,It,Nl);https://tinyurl.com/2a8du5eo
Wacky Races (USA);https://tinyurl.com/227g2cu3
Walt Disney World Quest - Magical Racing Tour (Europe) (En,Fr,De,Es,It);https://tinyurl.com/29u93yg4
Walt Disney World Quest - Magical Racing Tour (USA);https://tinyurl.com/2dza88zt
Weakness Hero Torauman DC (Japan) (Game Disc);https://tinyurl.com/2d2svkse
Weakness Hero Torauman DC (Japan) (Omake Disc);https://tinyurl.com/27yvosuf
Web Browser (USA) (Rev A);https://tinyurl.com/26435kgz
Web Browser (USA);https://tinyurl.com/233nnpm5
Web Browser 2.0 (USA);https://tinyurl.com/267jwvoh
Web Browser 2.0 with SegaNet (USA);https://tinyurl.com/25wyyv7r
Web Browser 2.62 (USA);https://tinyurl.com/253obq8r
Web Mystery - Yochimu o Miru Neko (Japan) (Disc 1);https://tinyurl.com/25kt7r97
Web Mystery - Yochimu o Miru Neko (Japan) (Disc 2);https://tinyurl.com/268f9ltg
Wetrix+ (Europe) (En,Fr,De);https://tinyurl.com/25qyxy6y
Wetrix+ (USA);https://tinyurl.com/2a8gzn2r
What's Shenmue - Yukawa (Moto) Senmu o Sagase (Japan);https://tinyurl.com/25raejdg
Who Wants to Be a Millionaire (Europe);https://tinyurl.com/24ajctm8
Who Wants to Beat Up a Millionaire (USA);https://tinyurl.com/28wua5pq
Wild Metal (Europe) (En,Fr,De,Es,It,Pt);https://tinyurl.com/27vkz3px
Wild Metal (USA) (En,Fr,De,Es,It,Pt);https://tinyurl.com/2a3pvb8g
Wind - A Breath of Heart (Japan);https://tinyurl.com/2c83yskx
Winning Post 4 - Program 2000 (Japan);https://tinyurl.com/28ng2f44
World Neverland 2 Plus - Pluto Kyouwakoku Monogatari (Japan);https://tinyurl.com/2bnv5rjk
World Neverland Plus - Olerud Oukoku Monogatari (Japan);https://tinyurl.com/29lwswlp
World Series Baseball 2K1 (Japan);https://tinyurl.com/29f4hcfx
World Series Baseball 2K1 (USA);https://tinyurl.com/2xrfuff2
World Series Baseball 2K2 (Japan);https://tinyurl.com/25lvjvfe
World Series Baseball 2K2 (USA);https://tinyurl.com/2b953fwt
Worms Armageddon (Europe) (En,Fr,De,Nl,Sv,No,Da);https://tinyurl.com/2a7xynr4
Worms Armageddon (USA) (En,Fr,De,Nl,Sv,No,Da);https://tinyurl.com/27lw7w23
Worms World Party (Europe) (En,Fr,De,Es,It,Nl,Sv,Da);https://tinyurl.com/27w8pcso
Worms World Party (USA) (En,Fr,De,Es,It,Nl,Sv,Da);https://tinyurl.com/2ddtbsdt
Xtreme Sports (USA);https://tinyurl.com/22nl7rcc
Yoshia no Oka de Nekoronde... (Japan);https://tinyurl.com/272mkmm9
Yu Suzuki Game Works Vol. 1 (Japan);https://tinyurl.com/2bjspotx
Yukawa Moto Senmu no Otakara Sagashi (Japan);https://tinyurl.com/23jq7mgb
Yukigatari (Japan);https://tinyurl.com/2dptfmhf
Yume Baken '99 - Internet (Japan);https://tinyurl.com/2yjpjltm
Yume no Tsubasa - Fate of Heart (Japan);https://tinyurl.com/27o3w7eh
Yuukyuu Gensoukyoku 3 - Perpetual Blue (Japan);https://tinyurl.com/23pq9jz4
Zero Gunner 2 (Japan) (En,Ja);https://tinyurl.com/28r4amp8
Zombie Revenge (Europe) (En,Ja);https://tinyurl.com/24ymrok6
Zombie Revenge (Japan) (Rev A);https://tinyurl.com/279x9o9e
Zombie Revenge (Japan) (Taikenban);https://tinyurl.com/2aqk94pa
Zombie Revenge (Japan);https://tinyurl.com/27lxdzdx
Zombie Revenge (USA);https://tinyurl.com/22b3eem6
Zusar Vasar (Japan) (En,Ja);https://tinyurl.com/2bmp8wt9
Zusar Vasar (Japan) (Taikenban);https://tinyurl.com/2yq38ngr
deSPIRIA (Japan);https://tinyurl.com/28uxquph
