102 Dalmatians - Puppies to the Rescue (Unknown) (Beta);https://tinyurl.com/25ukhems
18 Wheeler - American Pro Trucker (USA) (Beta) (2001-04-05);https://tinyurl.com/2dkdz38t
18 Wheeler - American Pro Trucker (Unknown) (Beta) (2001-02-02);https://tinyurl.com/2bs3zdxv
4 Wheel Thunder (Unknown) (Beta) (1999-11-05);https://tinyurl.com/24jy7vse
4 Wheel Thunder (Unknown) (Beta) (2000-01-26);https://tinyurl.com/29nqesme
4 Wheel Thunder (Unknown) (Beta) (2000-01-29);https://tinyurl.com/22eo4egu
4 Wheel Thunder (Unknown) (Beta) (2000-03-31);https://tinyurl.com/2cx8ajup
4x4 Evolution (Unknown) (Beta) (2001-01-09);https://tinyurl.com/28j2hxyp
90 Minutes - Sega Championship Football (Europe) (Beta) (2001-09-18);https://tinyurl.com/2cv3tsbm
Agartha (Unknown) (Beta) (2001-03-05) [b];https://tinyurl.com/2997ev3v
Ball Breakers (Unknown) (Beta) (2000-10-24);https://tinyurl.com/292c3au6
Bomberman Online (Unknown) (Beta) (2001-09-08);https://tinyurl.com/23zjpjwk
Carrier (Unknown) (Beta) (1999-05-20) [b];https://tinyurl.com/26mgyqyw
Confidential Mission (Unknown) (Beta) (2001-03-03) [b];https://tinyurl.com/2advcqok
Cool Boarders Burrrn (Unknown) (Beta) (1999-06-22);https://tinyurl.com/25ckbnhg
Cool Boarders Burrrn (Unknown) (Beta) (1999-08-19);https://tinyurl.com/25965tuk
Dave Mirra Freestyle BMX (USA) (Beta) (2000-09-07);https://tinyurl.com/2yasg9y7
Dave Mirra Freestyle BMX (Unknown) (Beta) (2000-10-16);https://tinyurl.com/2xhnhcel
Daytona USA 2001 (Unknown) (Beta) (2001-02-27);https://tinyurl.com/22kaygg7
Dead or Alive 2 (Unknown) (Beta) (2000-06-11);https://tinyurl.com/2y59j7yu
Dee Dee Planet (Japan) (Proto);https://tinyurl.com/2berxxmu
Deep Fighter (France) (Beta) (2000-05-05);https://tinyurl.com/2ymef82a
Draconus - Cult of the Wyrm (Unknown) (Beta) (2000-01-27);https://tinyurl.com/29agtgbd
Dynamite Cop (Unknown) (Beta) (1999-06-29) [b];https://tinyurl.com/24hoqdkw
Ecco II - Sentinels of the Universe (Unknown) (Beta) (Alt);https://tinyurl.com/29x7c2hp
Ecco II - Sentinels of the Universe (Unknown) (Beta);https://tinyurl.com/2xtnl6z7
Ecco the Dolphin - Defender of the Future (Unknown) (Beta) (2000-04-08) [b];https://tinyurl.com/2bc83u8x
Ecco the Dolphin - Defender of the Future (Unknown) (Beta) (Alt 2);https://tinyurl.com/28m2hvj5
Ecco the Dolphin - Defender of the Future (Unknown) (Beta) (Alt 3);https://tinyurl.com/24dfatt4
Ecco the Dolphin - Defender of the Future (Unknown) (Beta) (Alt);https://tinyurl.com/25sfq6ae
Ecco the Dolphin - Defender of the Future (Unknown) (Beta);https://tinyurl.com/2cumpx96
F355 Challenge (Unknown) (Beta) (2000-04-12) [b];https://tinyurl.com/233jkrbl
F355 Challenge (Unknown) (Beta) (2000-05-01);https://tinyurl.com/28a2e4fj
F355 Challenge (Unknown) (Beta) (2000-08-21);https://tinyurl.com/237xqkvh
Fighting Force 2 (Unknown) (Beta) (1999-12-02);https://tinyurl.com/2czml65k
Flintstones, The - Viva Rock Vegas (Europe) (En,Fr,De,Es,It) (Proto) (2001-07-31);https://tinyurl.com/2d6ex322
Fur Fighters (Unknown) (Beta) (2000-06-02);https://tinyurl.com/2c8zdrl5
Fur Fighters (Unknown) (Beta) (2000-06-12);https://tinyurl.com/256bfxmd
Giant Killers (Unknown) (Beta) (2001-01-09) [b];https://tinyurl.com/227jvygs
Half-Life (Europe) (White Label Promo) (Video);https://tinyurl.com/2crdt8vg
Half-Life (Unknown) (Proto) (2001-07-13) [b];https://tinyurl.com/28bvakyn
Hell Gate (Unknown) (Beta) (2001-04-10) [b];https://tinyurl.com/23etpxje
Heroes of Might and Magic III (Europe) (Proto);https://tinyurl.com/2d3s3wk5
Hitachi SH-4 Demo Disc (Japan);https://tinyurl.com/2cxrph9e
Hydro Thunder (Unknown) (Beta) (1999-06-16);https://tinyurl.com/28cqka6m
Hydro Thunder (Unknown) (Beta) (1999-09-08);https://tinyurl.com/2bormln8
Jet Set Radio (Unknown) (Beta) (2000-10-03);https://tinyurl.com/28fql8o2
Microsoft Combat Flight Simulator - WWII Europe Series (Unknown) (Beta) (1999-07-30);https://tinyurl.com/24rpgyla
Microsoft Combat Flight Simulator - WWII Europe Series (Unknown) (Beta) (1999-08-11) (Landscape Test);https://tinyurl.com/2cqwodtx
Microsoft Combat Flight Simulator - WWII Europe Series (Unknown) (Beta) (1999-10-05);https://tinyurl.com/295vj6q8
Microsoft Combat Flight Simulator - WWII Europe Series (Unknown) (Beta) (1999-11-03) (Movie Test);https://tinyurl.com/255ua5ju
Microsoft Combat Flight Simulator - WWII Europe Series (Unknown) (Beta) (1999-11-05);https://tinyurl.com/2xuvadxk
Microsoft Combat Flight Simulator - WWII Europe Series (Unknown) (Beta) (2000-08-08);https://tinyurl.com/2ajtmcyb
Microsoft Combat Flight Simulator - WWII Europe Series (Unknown) (Beta) (2000-09-27);https://tinyurl.com/26jsdasx
Millennium Racer - Y2K Fighters (Unknown) (Beta) (2001-06-04);https://tinyurl.com/22z3htbo
Nightmare Creatures II (Unknown) (Beta) (2000-05-09);https://tinyurl.com/276j5faa
Nightmare Creatures II (Unknown) (Beta) (2000-07-21);https://tinyurl.com/22rhpkxd
Outtrigger (USA) (Beta) (2001-04-02);https://tinyurl.com/2dhptlyu
Outtrigger (Unknown) (Beta) (2000-07-21);https://tinyurl.com/27mxf3xp
Postal (World) (Aftermarket) (Unl);https://tinyurl.com/2ac6yymk
Power Stone (Unknown) (Beta) (1999-07-15);https://tinyurl.com/27w9wgrd
Propeller Arena (Unknown) (Proto) (2001-09-11) [b];https://tinyurl.com/2anpxxnn
Rayman 2 - The Great Escape (Unknown) (Beta) (2000-02-03);https://tinyurl.com/2byyhehb
Ready 2 Rumble Boxing (Unknown) (Beta) (1999-07-07);https://tinyurl.com/28todu5r
Ready 2 Rumble Boxing (Unknown) (Beta) (1999-08-20);https://tinyurl.com/22ycqndr
Red Dog - Superior Firepower (Unknown) (Beta) (1999-08-23);https://tinyurl.com/27z54ebd
Red Dog - Superior Firepower (Unknown) (Beta) (1999-11-02);https://tinyurl.com/2dy25f4x
Red Dog - Superior Firepower (Unknown) (Beta) (2000-05-11) [b];https://tinyurl.com/27x4vn6y
Red Dog - Superior Firepower (Unknown) (Beta) (2000-09-29);https://tinyurl.com/2b8p5ot2
Rez (Unknown) (Beta) (2001-06-01) [b];https://tinyurl.com/25qnee8e
Rez (Unknown) (Beta) (2001-07-30);https://tinyurl.com/2yvqujvu
Samba de Amigo (Unknown) (Beta) (2000-09-07);https://tinyurl.com/27jby9yo
Samba de Amigo (Unknown) (Beta) (2000-09-19);https://tinyurl.com/279ygs83
Sega Extreme Sports (Unknown) (Beta) (2000-06-05);https://tinyurl.com/29gpq66g
Sega Extreme Sports (Unknown) (Beta) (2000-07-03);https://tinyurl.com/25ya7h9n
Sega Extreme Sports (Unknown) (Beta) (2000-08-23);https://tinyurl.com/23fx9o3z
Slave Zero (Unknown) (Beta) (1999-08-20);https://tinyurl.com/2y24868b
Slave Zero (Unknown) (Beta) (1999-11-22);https://tinyurl.com/27sp8wnd
Space Channel 5 (Unknown) (2000-04-20) (Beta);https://tinyurl.com/2a8lahzk
StarLancer (Unknown) (Beta) (2000-08-07) [b];https://tinyurl.com/27jp6447
StarLancer (Unknown) (Beta) (2000-08-15);https://tinyurl.com/28lyv65x
StarLancer (Unknown) (Beta) (2000-09-20) [b];https://tinyurl.com/25xxpw28
StarLancer (Unknown) (Beta) (2000-11-01) [b];https://tinyurl.com/2cl377bb
System Shock 2 (Unknown) (Beta) (2000-11-28) [b];https://tinyurl.com/27otvbyy
Tennis 2K2 (USA) (v0.902) (Beta) (2001-09);https://tinyurl.com/2279atvg
Test Drive V-Rally (Unknown) (Beta) (2000-01-25);https://tinyurl.com/27rfrefv
Time Stalkers (Unknown) (Beta) (2000-04-11);https://tinyurl.com/257oe9dw
ToeJam & Earl III - Mission to Earth (Unknown) (Beta) (2001-07-02) [b];https://tinyurl.com/2c87qn2q
Toy Commander (Unknown) (Beta) (1999-07-21);https://tinyurl.com/2afuqwrs
UEFA Striker (Unknown) (Beta) (1999-07-21);https://tinyurl.com/29yzzwh9
Ultimate Fighting Championship (Unknown) (Beta) (2000-08-26);https://tinyurl.com/2cmjo6ky
V-Rally 2 - Expert Edition (Unknown) (Beta) (2000-03-06);https://tinyurl.com/232bvkt8
Vanishing Point (Unknown) (Beta) (2000-06-02);https://tinyurl.com/2cxa2vmr
Virtua Athlete 2K (Unknown) (Beta) (2000-07-27);https://tinyurl.com/25yh9vav
Virtua Tennis (Unknown) (Beta) (2000-04-28) [b];https://tinyurl.com/2yqbz8go
Virtua Tennis (Unknown) (Beta) (2000-06-02);https://tinyurl.com/25l822q8
Virtua Tennis (Unknown) (Beta) (2000-07-13) [b];https://tinyurl.com/2738hc7z
Virtua Tennis 2 (Unknown) (Beta) (2001-09-16);https://tinyurl.com/2cet2t8a
Wacky Races (Unknown) (Beta) (2000-02-08);https://tinyurl.com/263mbngn
Wacky Races (Unknown) (Beta) (2000-03-16);https://tinyurl.com/23sguhfr
Wetrix+ (Unknown) (Beta) (1999-10-04);https://tinyurl.com/264vq8o5
Yeah Yeah Beebiss II (Unknown) (Aftermarket) (Unl) [b];https://tinyurl.com/2blo3wlo
Zombie Revenge (Unknown) (Beta) (1999-07-22);https://tinyurl.com/23juwgw4
Zombie Revenge (Unknown) (Beta) (1999-10-06);https://tinyurl.com/2dqy7hx8
