AM2R - Samus Return.7z;https://tinyurl.com/22qdapaz;1.15 GiB;7z;https://archive.org/download/OGFW-Arquivista;zip
Alan Wake - American Nightmare.7z;https://tinyurl.com/26vjcxdn;1.94 GiB;7z;https://archive.org/download/OGFW-Arquivista;zip
Alan Wake.7z;https://tinyurl.com/24brvsbo;7.35 GiB;7z;https://archive.org/download/OGFW-Arquivista;zip
Alien Breed - Impact.7z;https://tinyurl.com/22g3qbgu;812.30 MiB;7z;https://archive.org/download/OGFW-Arquivista;zip
Alien Breed 2 - Assault.7z;https://tinyurl.com/2bq2yge2;780.86 MiB;7z;https://archive.org/download/OGFW-Arquivista;zip
Alien Breed 3 - Descent.7z;https://tinyurl.com/27robshm;902.04 MiB;7z;https://archive.org/download/OGFW-Arquivista;zip
Alien Isolation.7z;https://tinyurl.com/2abyj6wp;16.56 GiB;7z;https://archive.org/download/OGFW-Arquivista;zip
Aliens vs Predator - 2010.7z;https://tinyurl.com/26g52cn8;16.26 GiB;7z;https://archive.org/download/OGFW-Arquivista;zip
Alone in the Dark - The New Nightmare.7z;https://tinyurl.com/23j44qrl;5.34 GiB;7z;https://archive.org/download/OGFW-Arquivista;zip
Anno 1404 - Gold Edition.7z;https://tinyurl.com/2ahyl4yz;2.73 GiB;7z;https://archive.org/download/OGFW-Arquivista;zip
Anno 1701 - AD.7z;https://tinyurl.com/2bp6oq93;2.80 GiB;7z;https://archive.org/download/OGFW-Arquivista;zip
Batman Arkham - Asylum GOTY.7z;https://tinyurl.com/28ht9qjs;7.71 GiB;7z;https://archive.org/download/OGFW-Arquivista;zip
Batman Arkham - City GOTY.7z;https://tinyurl.com/2c2g972o;14.99 GiB;7z;https://archive.org/download/OGFW-Arquivista;zip
Batman Arkham - Origins.7z;https://tinyurl.com/228d5y56;13.39 GiB;7z;https://archive.org/download/OGFW-Arquivista;zip
Binary Domain.7z;https://tinyurl.com/27esvb94;4.00 GiB;7z;https://archive.org/download/OGFW-Arquivista;zip
BioShock - Remastered.7z;https://tinyurl.com/26hxc2s7;12.03 GiB;7z;https://archive.org/download/OGFW-Arquivista;zip
BioShock 2 - Remastered.7z;https://tinyurl.com/258s8dkm;10.99 GiB;7z;https://archive.org/download/OGFW-Arquivista;zip
Biohazard - Resident Evil.7z;https://tinyurl.com/25ywtqdu;4.37 GiB;7z;https://archive.org/download/OGFW-Arquivista;zip
Biohazard 2 - Resident Evil 2.7z;https://tinyurl.com/22wdcmcb;6.16 GiB;7z;https://archive.org/download/OGFW-Arquivista;zip
Biohazard 3 - Chinese Version.7z;https://tinyurl.com/2c5ga5k4;315.31 MiB;7z;https://archive.org/download/OGFW-Arquivista;zip
Biohazard 3 - Resident Evil 3.7z;https://tinyurl.com/22jw4x69;2.66 GiB;7z;https://archive.org/download/OGFW-Arquivista;zip
Biohazard 3 - Taiwan Version.7z;https://tinyurl.com/2yzmbv5g;314.61 MiB;7z;https://archive.org/download/OGFW-Arquivista;zip
Bionic Commando - Rearmed.7z;https://tinyurl.com/25a4mvs4;153.24 MiB;7z;https://archive.org/download/OGFW-Arquivista;zip
Blade Runner.7z;https://tinyurl.com/2344xy6m;853.15 MiB;7z;https://archive.org/download/OGFW-Arquivista;zip
Blood - Fresh Supply.7z;https://tinyurl.com/23hrn8k6;116.85 MiB;7z;https://archive.org/download/OGFW-Arquivista;zip
Blur.7z;https://tinyurl.com/2ad6afc6;4.01 GiB;7z;https://archive.org/download/OGFW-Arquivista;zip
Broforce.7z;https://tinyurl.com/22lmndg7;386.33 MiB;7z;https://archive.org/download/OGFW-Arquivista;zip
Capcom vs Snk - Evolution.7z;https://tinyurl.com/2alp8fst;1.72 GiB;7z;https://archive.org/download/OGFW-Arquivista;zip
Castlevania - Lords of Shadow 2.7z;https://tinyurl.com/2btuc53e;7.37 GiB;7z;https://archive.org/download/OGFW-Arquivista;zip
Castlevania - Lords of Shadow UE.7z;https://tinyurl.com/28cacokz;14.68 GiB;7z;https://archive.org/download/OGFW-Arquivista;zip
Castlevania - Mirror of Fate.7z;https://tinyurl.com/28qy2wy2;703.71 MiB;7z;https://archive.org/download/OGFW-Arquivista;zip
Castlevania Simon Destiny.7z;https://tinyurl.com/249n7jwa;83.47 MiB;7z;https://archive.org/download/OGFW-Arquivista;zip
Cold Fear.7z;https://tinyurl.com/2bzpzy4r;1.25 GiB;7z;https://archive.org/download/OGFW-Arquivista;zip
Condemned - Criminal Origins.7z;https://tinyurl.com/27a5aweq;3.07 GiB;7z;https://archive.org/download/OGFW-Arquivista;zip
Crysis - Warhead.7z;https://tinyurl.com/2bykmx4e;6.26 GiB;7z;https://archive.org/download/OGFW-Arquivista;zip
Crysis 2 - Maximum Edition.7z;https://tinyurl.com/2dhutbjh;7.94 GiB;7z;https://archive.org/download/OGFW-Arquivista;zip
Crysis.7z;https://tinyurl.com/2aeyk5h5;6.42 GiB;7z;https://archive.org/download/OGFW-Arquivista;zip
DMC Devil May Cry - Complete Edition.7z;https://tinyurl.com/2awu2jrg;8.08 GiB;7z;https://archive.org/download/OGFW-Arquivista;zip
Daikatana.7z;https://tinyurl.com/23a4yv8f;388.55 MiB;7z;https://archive.org/download/OGFW-Arquivista;zip
Dark Souls - Prepare to Die Edition.7z;https://tinyurl.com/27yjcvv3;6.43 GiB;7z;https://archive.org/download/OGFW-Arquivista;zip
Dark Souls - Remastered.7z;https://tinyurl.com/2bhyvkrt;6.51 GiB;7z;https://archive.org/download/OGFW-Arquivista;zip
Dark Souls 2 - Scholar of the First Sin.7z;https://tinyurl.com/2bupls8d;13.30 GiB;7z;https://archive.org/download/OGFW-Arquivista;zip
Darksiders - Warmastered Edition.7z;https://tinyurl.com/25tsf3ae;21.68 GiB;7z;https://archive.org/download/OGFW-Arquivista;zip
Darksiders 2 - Deathinitive Edition.7z;https://tinyurl.com/2afp6zr3;13.98 GiB;7z;https://archive.org/download/OGFW-Arquivista;zip
Dead Island - Definitive Edition.7z;https://tinyurl.com/22jpyj5y;5.27 GiB;7z;https://archive.org/download/OGFW-Arquivista;zip
Dead Island Riptide - Definitive Edition.7z;https://tinyurl.com/24ppogqg;5.94 GiB;7z;https://archive.org/download/OGFW-Arquivista;zip
Dead Space 2.7z;https://tinyurl.com/2a63te46;6.84 GiB;7z;https://archive.org/download/OGFW-Arquivista;zip
Dead Space 3.7z;https://tinyurl.com/28acnu9c;7.49 GiB;7z;https://archive.org/download/OGFW-Arquivista;zip
Dead Space.7z;https://tinyurl.com/2xzt3sdd;6.09 GiB;7z;https://archive.org/download/OGFW-Arquivista;zip
Deadpool.7z;https://tinyurl.com/26cuwx4k;4.86 GiB;7z;https://archive.org/download/OGFW-Arquivista;zip
Devil May Cry - HD Collection.7z;https://tinyurl.com/2df4ur3c;10.68 GiB;7z;https://archive.org/download/OGFW-Arquivista;zip
Devil May Cry 4 - Special Edition.7z;https://tinyurl.com/2crzswg3;16.46 GiB;7z;https://archive.org/download/OGFW-Arquivista;zip
Diablo - Hellfire.7z;https://tinyurl.com/24rgau3e;667.40 MiB;7z;https://archive.org/download/OGFW-Arquivista;zip
Diablo 2 - Lords of Destruction.7z;https://tinyurl.com/2xt5l97y;1.78 GiB;7z;https://archive.org/download/OGFW-Arquivista;zip
Dino Crisis 2.7z;https://tinyurl.com/2dxzutht;2.04 GiB;7z;https://archive.org/download/OGFW-Arquivista;zip
Dino Crisis.7z;https://tinyurl.com/2a3zxam9;3.18 GiB;7z;https://archive.org/download/OGFW-Arquivista;zip
Doom - 2016.7z;https://tinyurl.com/26zvxu6d;56.64 GiB;7z;https://archive.org/download/OGFW-Arquivista;zip
Doom 2.7z;https://tinyurl.com/26t7zbxy;295.93 MiB;7z;https://archive.org/download/OGFW-Arquivista;zip
Doom 3 BFG.7z;https://tinyurl.com/28ovnrrs;9.84 GiB;7z;https://archive.org/download/OGFW-Arquivista;zip
Doom 3.7z;https://tinyurl.com/2clzr2ea;2.20 GiB;7z;https://archive.org/download/OGFW-Arquivista;zip
Doom 64.7z;https://tinyurl.com/24vpqds9;117.51 MiB;7z;https://archive.org/download/OGFW-Arquivista;zip
Doom.7z;https://tinyurl.com/2ac3vb5w;202.35 MiB;7z;https://archive.org/download/OGFW-Arquivista;zip
Dragon Ball Xenoverse.7z;https://tinyurl.com/2y3t9jzp;8.72 GiB;7z;https://archive.org/download/OGFW-Arquivista;zip
DuckTales - Remastered.7z;https://tinyurl.com/27zh6zu8;511.62 MiB;7z;https://archive.org/download/OGFW-Arquivista;zip
Earthworm Jim 3D.7z;https://tinyurl.com/26ac2tmn;83.34 MiB;7z;https://archive.org/download/OGFW-Arquivista;zip
Evil Dead Regeneration.7z;https://tinyurl.com/28xhbbz7;1.89 GiB;7z;https://archive.org/download/OGFW-Arquivista;zip
Fable - The Lost Chapters.7z;https://tinyurl.com/2cje2ryt;1.81 GiB;7z;https://archive.org/download/OGFW-Arquivista;zip
Final Fantasy 1 - Pixel Remaster.7z;https://tinyurl.com/26ycxy3h;219.45 MiB;7z;https://archive.org/download/OGFW-Arquivista;zip
Final Fantasy 2 - Pixel Remaster.7z;https://tinyurl.com/25x27w2o;208.96 MiB;7z;https://archive.org/download/OGFW-Arquivista;zip
Final Fantasy 3 - Pixel Remaster.7z;https://tinyurl.com/2addctde;312.22 MiB;7z;https://archive.org/download/OGFW-Arquivista;zip
Final Fantasy 4 - Pixel Remaster.7z;https://tinyurl.com/27lh7hel;285.90 MiB;7z;https://archive.org/download/OGFW-Arquivista;zip
Final Fantasy 5 - Pixel Remaster.7z;https://tinyurl.com/2alwatu4;387.95 MiB;7z;https://archive.org/download/OGFW-Arquivista;zip
Final Fantasy 6 - Pixel Remaster.7z;https://tinyurl.com/2ayd929s;691.30 MiB;7z;https://archive.org/download/OGFW-Arquivista;zip
Final Fantasy 7 - SYW-Unified Edition.7z;https://tinyurl.com/292md3nw;14.25 GiB;7z;https://archive.org/download/OGFW-Arquivista;zip
Final Fantasy 8 - Remastered.7z;https://tinyurl.com/265lfhsc;2.28 GiB;7z;https://archive.org/download/OGFW-Arquivista;zip
FlatOut - Ultimate Carnage.7z;https://tinyurl.com/2bfzelj6;3.37 GiB;7z;https://archive.org/download/OGFW-Arquivista;zip
Freedom Fighters.7z;https://tinyurl.com/26tln62h;1.40 GiB;7z;https://archive.org/download/OGFW-Arquivista;zip
Gatling Gears.7z;https://tinyurl.com/2b8n3yce;498.15 MiB;7z;https://archive.org/download/OGFW-Arquivista;zip
Gauntlet - Slayer Edition.7z;https://tinyurl.com/2dpxacrh;1.76 GiB;7z;https://archive.org/download/OGFW-Arquivista;zip
Grandia - HD Remaster.7z;https://tinyurl.com/25culgb9;3.81 GiB;7z;https://archive.org/download/OGFW-Arquivista;zip
Grandia 2 - HD Remaster.7z;https://tinyurl.com/2b3zarfk;1.83 GiB;7z;https://archive.org/download/OGFW-Arquivista;zip
Half Life 1 and 2 - Complete.7z;https://tinyurl.com/22jato2z;5.29 GiB;7z;https://archive.org/download/OGFW-Arquivista;zip
Hard Reset - Redux.7z;https://tinyurl.com/2ddaqn9a;5.40 GiB;7z;https://archive.org/download/OGFW-Arquivista;zip
Heretic.7z;https://tinyurl.com/29snr9qe;203.81 MiB;7z;https://archive.org/download/OGFW-Arquivista;zip
Hexen 2.7z;https://tinyurl.com/28kznkzt;164.03 MiB;7z;https://archive.org/download/OGFW-Arquivista;zip
Hexen.7z;https://tinyurl.com/23v7qbfb;498.61 MiB;7z;https://archive.org/download/OGFW-Arquivista;zip
Hyper Dragon Ball Z.7z;https://tinyurl.com/24bvgzss;855.51 MiB;7z;https://archive.org/download/OGFW-Arquivista;zip
I am Setsuna.7z;https://tinyurl.com/27frpov7;1.17 GiB;7z;https://archive.org/download/OGFW-Arquivista;zip
Inside.7z;https://tinyurl.com/27tzfwbo;1.09 GiB;7z;https://archive.org/download/OGFW-Arquivista;zip
Just Cause 2 - Complete Edition.7z;https://tinyurl.com/2yd6wjna;3.63 GiB;7z;https://archive.org/download/OGFW-Arquivista;zip
Legacy of Kain - Blood Omen 2.7z;https://tinyurl.com/299sbsg3;669.73 MiB;7z;https://archive.org/download/OGFW-Arquivista;zip
Legacy of Kain - Blood Omen.7z;https://tinyurl.com/288zjqfa;2.71 GiB;7z;https://archive.org/download/OGFW-Arquivista;zip
Legacy of Kain - Defiance.7z;https://tinyurl.com/2dltonqx;962.39 MiB;7z;https://archive.org/download/OGFW-Arquivista;zip
Legacy of Kain - Soul Reaver 2.7z;https://tinyurl.com/2d4osmpk;423.04 MiB;7z;https://archive.org/download/OGFW-Arquivista;zip
Legacy of Kain - Soul Reaver.7z;https://tinyurl.com/2as9wvh9;959.06 MiB;7z;https://archive.org/download/OGFW-Arquivista;zip
Legend of Grimrock 2.7z;https://tinyurl.com/27v92clm;583.55 MiB;7z;https://archive.org/download/OGFW-Arquivista;zip
Legend of Grimrock.7z;https://tinyurl.com/2ah55rzm;303.47 MiB;7z;https://archive.org/download/OGFW-Arquivista;zip
Legend of Kay - Anniversary Edition.7z;https://tinyurl.com/2cjomvk8;5.05 GiB;7z;https://archive.org/download/OGFW-Arquivista;zip
Limbo.7z;https://tinyurl.com/2cctbbdg;76.46 MiB;7z;https://archive.org/download/OGFW-Arquivista;zip
Lost Planet 3 - Complete.7z;https://tinyurl.com/2653pw8p;19.09 GiB;7z;https://archive.org/download/OGFW-Arquivista;zip
Max Payne.7z;https://tinyurl.com/25kvtv8c;1.08 GiB;7z;https://archive.org/download/OGFW-Arquivista;zip
Mega Man 2.5D.7z;https://tinyurl.com/2cn5sp74;578.16 MiB;7z;https://archive.org/download/OGFW-Arquivista;zip
Metal Gear - Rising Revengeance.7z;https://tinyurl.com/2cgah5xc;23.27 GiB;7z;https://archive.org/download/OGFW-Arquivista;zip
Metal Gear Solid - Integral.7z;https://tinyurl.com/223buhpg;673.50 MiB;7z;https://archive.org/download/OGFW-Arquivista;zip
Metal Gear Solid 2 - Substance.7z;https://tinyurl.com/25j8ahve;2.66 GiB;7z;https://archive.org/download/OGFW-Arquivista;zip
Metro 2033 - Redux.7z;https://tinyurl.com/2d9yb6hf;8.69 GiB;7z;https://archive.org/download/OGFW-Arquivista;zip
Metro Last Light - Redux.7z;https://tinyurl.com/2am9vyfg;10.02 GiB;7z;https://archive.org/download/OGFW-Arquivista;zip
Mighty No. 9.7z;https://tinyurl.com/2at59lm8;1.01 GiB;7z;https://archive.org/download/OGFW-Arquivista;zip
Mortal Kombat - Komplete Edition.7z;https://tinyurl.com/2b9swt2p;15.92 GiB;7z;https://archive.org/download/OGFW-Arquivista;zip
Naruto Shippuden - Ultimate Ninja Storm Revolution.7z;https://tinyurl.com/2c5jrt48;5.92 GiB;7z;https://archive.org/download/OGFW-Arquivista;zip
Need For Speed - Underground.7z;https://tinyurl.com/253ct25g;785.61 MiB;7z;https://archive.org/download/OGFW-Arquivista;zip
Need for Speed - Carbon.7z;https://tinyurl.com/2879587s;2.84 GiB;7z;https://archive.org/download/OGFW-Arquivista;zip
Need for Speed - Most Wanted.7z;https://tinyurl.com/2yfbns2o;3.61 GiB;7z;https://archive.org/download/OGFW-Arquivista;zip
Need for Speed - Underground 2.7z;https://tinyurl.com/29cx33sh;1.42 GiB;7z;https://archive.org/download/OGFW-Arquivista;zip
Obscure 2.7z;https://tinyurl.com/2cftc9ut;3.03 GiB;7z;https://archive.org/download/OGFW-Arquivista;zip
Obscure.7z;https://tinyurl.com/2282htjr;3.38 GiB;7z;https://archive.org/download/OGFW-Arquivista;zip
Oceanhorn - Monster of Uncharted Seas.7z;https://tinyurl.com/26k3uoto;265.22 MiB;7z;https://archive.org/download/OGFW-Arquivista;zip
Out Run - Cannonball.7z;https://tinyurl.com/2abj8pjc;1.29 MiB;7z;https://archive.org/download/OGFW-Arquivista;zip
Painkiller - Black Edition.7z;https://tinyurl.com/2caok3y2;3.21 GiB;7z;https://archive.org/download/OGFW-Arquivista;zip
Painkiller - Hell and Damnation.7z;https://tinyurl.com/26udf5nc;7.46 GiB;7z;https://archive.org/download/OGFW-Arquivista;zip
Painkiller - Overdose.7z;https://tinyurl.com/269rdb33;2.32 GiB;7z;https://archive.org/download/OGFW-Arquivista;zip
Painkiller - Recurring Evil.7z;https://tinyurl.com/2d7otlax;2.57 GiB;7z;https://archive.org/download/OGFW-Arquivista;zip
Painkiller - Redemption.7z;https://tinyurl.com/296xy6qo;1.91 GiB;7z;https://archive.org/download/OGFW-Arquivista;zip
Painkiller - Resurrection.7z;https://tinyurl.com/28ue36ay;2.37 GiB;7z;https://archive.org/download/OGFW-Arquivista;zip
Phantasy Star Online - Blue Burst (offline).7z;https://tinyurl.com/2ys74cb9;326.74 MiB;7z;https://archive.org/download/OGFW-Arquivista;zip
Phantasy Star Universe - Ambition of the Illuminus.7z;https://tinyurl.com/26kw7fyn;4.44 GiB;7z;https://archive.org/download/OGFW-Arquivista;zip
Power Bomber Man.7z;https://tinyurl.com/2amo2thw;578.44 MiB;7z;https://archive.org/download/OGFW-Arquivista;zip
Prince of Persia - The Forgotten Sands.7z;https://tinyurl.com/2djpxfdj;3.53 GiB;7z;https://archive.org/download/OGFW-Arquivista;zip
Prince of Persia - The Sands of Time.7z;https://tinyurl.com/248od6a7;891.28 MiB;7z;https://archive.org/download/OGFW-Arquivista;zip
Prince of Persia - The Two Thrones.7z;https://tinyurl.com/25nosfoh;1.05 GiB;7z;https://archive.org/download/OGFW-Arquivista;zip
Prince of Persia - Warrior Within.7z;https://tinyurl.com/25kamm4l;2.64 GiB;7z;https://archive.org/download/OGFW-Arquivista;zip
Prince of Persia.7z;https://tinyurl.com/26yyctz5;4.90 GiB;7z;https://archive.org/download/OGFW-Arquivista;zip
Punch Club.7z;https://tinyurl.com/2yde2xoz;46.29 MiB;7z;https://archive.org/download/OGFW-Arquivista;zip
Quake 2.7z;https://tinyurl.com/2cahhlwr;853.04 MiB;7z;https://archive.org/download/OGFW-Arquivista;zip
Quake 3.7z;https://tinyurl.com/2xt95wo5;764.75 MiB;7z;https://archive.org/download/OGFW-Arquivista;zip
Race Driver GRID.7z;https://tinyurl.com/28puz8gv;4.72 GiB;7z;https://archive.org/download/OGFW-Arquivista;zip
Red Faction - Armageddon.7z;https://tinyurl.com/2a3lzy6d;7.16 GiB;7z;https://archive.org/download/OGFW-Arquivista;zip
Resident Evil - HD Remaster.7z;https://tinyurl.com/2bzmxakn;16.42 GiB;7z;https://archive.org/download/OGFW-Arquivista;zip
Resident Evil - Operation Raccoon City.7z;https://tinyurl.com/2akqe26q;6.19 GiB;7z;https://archive.org/download/OGFW-Arquivista;zip
Resident Evil - Revelations 2.7z;https://tinyurl.com/2ytnlbjw;13.91 GiB;7z;https://archive.org/download/OGFW-Arquivista;zip
Resident Evil - Revelations Complete.7z;https://tinyurl.com/2ax7c7jh;6.58 GiB;7z;https://archive.org/download/OGFW-Arquivista;zip
Resident Evil 0 - HD Remaster.7z;https://tinyurl.com/228np5nz;10.65 GiB;7z;https://archive.org/download/OGFW-Arquivista;zip
Resident Evil 4 - HD Project.7z;https://tinyurl.com/2a5c4egb;32.75 GiB;7z;https://archive.org/download/OGFW-Arquivista;zip
Resident Evil 5 - Gold Edition.7z;https://tinyurl.com/2y7ex3mp;6.83 GiB;7z;https://archive.org/download/OGFW-Arquivista;zip
Return to Castle Wolfenstein - Enhanced.7z;https://tinyurl.com/25mtzpjz;662.93 MiB;7z;https://archive.org/download/OGFW-Arquivista;zip
Robocop.7z;https://tinyurl.com/263k9xx2;308.23 MiB;7z;https://archive.org/download/OGFW-Arquivista;zip
Rocket Knight.7z;https://tinyurl.com/2yas5u9l;634.27 MiB;7z;https://archive.org/download/OGFW-Arquivista;zip
Shadow Tactics - Blades of the Shogun.7z;https://tinyurl.com/2dx8aowh;3.08 GiB;7z;https://archive.org/download/OGFW-Arquivista;zip
Shenmue 1.7z;https://tinyurl.com/29puspa9;1.30 GiB;7z;https://archive.org/download/OGFW-Arquivista;zip
Shenmue 2.7z;https://tinyurl.com/27ggxyyv;3.64 GiB;7z;https://archive.org/download/OGFW-Arquivista;zip
Silent Hill - Homecoming.7z;https://tinyurl.com/29agj4jr;4.28 GiB;7z;https://archive.org/download/OGFW-Arquivista;zip
Silent Hill 2 - Enhanced Edition.7z;https://tinyurl.com/2aphyey4;4.80 GiB;7z;https://archive.org/download/OGFW-Arquivista;zip
Silent Hill 3.7z;https://tinyurl.com/2y6ws8k9;2.23 GiB;7z;https://archive.org/download/OGFW-Arquivista;zip
Silent Hill 4 - The Room.7z;https://tinyurl.com/24xjkxtx;1.83 GiB;7z;https://archive.org/download/OGFW-Arquivista;zip
SimCity 4 - Deluxe Edition.7z;https://tinyurl.com/29duov6n;931.89 MiB;7z;https://archive.org/download/OGFW-Arquivista;zip
Singularity.7z;https://tinyurl.com/2chry492;3.98 GiB;7z;https://archive.org/download/OGFW-Arquivista;zip
Sky Force - Anniversary.7z;https://tinyurl.com/2af7hx7g;122.28 MiB;7z;https://archive.org/download/OGFW-Arquivista;zip
Sonic - Lost World.7z;https://tinyurl.com/2xw96v8z;4.77 GiB;7z;https://archive.org/download/OGFW-Arquivista;zip
Splinter Cell - Chaos Theory.7z;https://tinyurl.com/292pur83;2.29 GiB;7z;https://archive.org/download/OGFW-Arquivista;zip
Splinter Cell - Conviction.7z;https://tinyurl.com/2bwqsd3n;6.04 GiB;7z;https://archive.org/download/OGFW-Arquivista;zip
Splinter Cell - Double Agent.7z;https://tinyurl.com/2byv94mq;3.20 GiB;7z;https://archive.org/download/OGFW-Arquivista;zip
Splinter Cell - Pandora Tomorrow.7z;https://tinyurl.com/25sffrzs;826.06 MiB;7z;https://archive.org/download/OGFW-Arquivista;zip
Splinter Cell.7z;https://tinyurl.com/2xk9344w;1.36 GiB;7z;https://archive.org/download/OGFW-Arquivista;zip
Split Second.7z;https://tinyurl.com/2cm3glxu;5.16 GiB;7z;https://archive.org/download/OGFW-Arquivista;zip
StepMania.7z;https://tinyurl.com/2d9mzfl6;1.89 GiB;7z;https://archive.org/download/OGFW-Arquivista;zip
Street Fighter Alpha 2.7z;https://tinyurl.com/2a97f35n;211.27 MiB;7z;https://archive.org/download/OGFW-Arquivista;zip
Street Fighter vs Mega Man.7z;https://tinyurl.com/2cwdyyrz;34.88 MiB;7z;https://archive.org/download/OGFW-Arquivista;zip
Street Fighter x Tekken.7z;https://tinyurl.com/28rc9txj;3.95 GiB;7z;https://archive.org/download/OGFW-Arquivista;zip
Streets of Rage (Remake).7z;https://tinyurl.com/23ey4vmt;313.28 MiB;7z;https://archive.org/download/OGFW-Arquivista;zip
Strider.7z;https://tinyurl.com/2y4j97ez;3.15 GiB;7z;https://archive.org/download/OGFW-Arquivista;zip
Strife - Veteran Edition.7z;https://tinyurl.com/25kyrtbb;109.40 MiB;7z;https://archive.org/download/OGFW-Arquivista;zip
Sudeki.7z;https://tinyurl.com/23hfap9p;4.50 GiB;7z;https://archive.org/download/OGFW-Arquivista;zip
Super Mario 64 - PC Plus.7z;https://tinyurl.com/2bkwyl9a;55.01 MiB;7z;https://archive.org/download/OGFW-Arquivista;zip
TMNT Rescue Palooza.7z;https://tinyurl.com/222esfsf;139.48 MiB;7z;https://archive.org/download/OGFW-Arquivista;zip
Tales of Symphonia.7z;https://tinyurl.com/26jlxz26;4.68 GiB;7z;https://archive.org/download/OGFW-Arquivista;zip
The King of Fighters 13 - Galaxy Edition.7z;https://tinyurl.com/2dlrwcxv;1.91 GiB;7z;https://archive.org/download/OGFW-Arquivista;zip
The King of Fighters 2002 - Unlimited Match.7z;https://tinyurl.com/2cnwd3ky;592.88 MiB;7z;https://archive.org/download/OGFW-Arquivista;zip
The King of Fighters 98 - Ultimate Match Final Edition.7z;https://tinyurl.com/23sk4t8c;269.63 MiB;7z;https://archive.org/download/OGFW-Arquivista;zip
The Punisher.7z;https://tinyurl.com/29mmxxwj;1.30 GiB;7z;https://archive.org/download/OGFW-Arquivista;zip
TimeShift.7z;https://tinyurl.com/24g66nsl;2.65 GiB;7z;https://archive.org/download/OGFW-Arquivista;zip
Tomb Raider - Anniversary.7z;https://tinyurl.com/2xl9mtj4;1.89 GiB;7z;https://archive.org/download/OGFW-Arquivista;zip
Tomb Raider - Legend.7z;https://tinyurl.com/27ucxaol;3.30 GiB;7z;https://archive.org/download/OGFW-Arquivista;zip
Tomb Raider - Underworld.7z;https://tinyurl.com/2782c2re;6.04 GiB;7z;https://archive.org/download/OGFW-Arquivista;zip
Tony Hawk - Pro Skater HD.7z;https://tinyurl.com/26rblsdu;1.56 GiB;7z;https://archive.org/download/OGFW-Arquivista;zip
Total Overdose.7z;https://tinyurl.com/2dmn925u;1.19 GiB;7z;https://archive.org/download/OGFW-Arquivista;zip
Ultimate Marvel vs Capcom 3.7z;https://tinyurl.com/2cormqpx;2.33 GiB;7z;https://archive.org/download/OGFW-Arquivista;zip
Ultra Street Fighter 4.7z;https://tinyurl.com/27w2joyj;8.66 GiB;7z;https://archive.org/download/OGFW-Arquivista;zip
Vanquish.7z;https://tinyurl.com/23s6xy5t;17.50 GiB;7z;https://archive.org/download/OGFW-Arquivista;zip
Volgarr the Viking.7z;https://tinyurl.com/27jlbysh;140.84 MiB;7z;https://archive.org/download/OGFW-Arquivista;zip
Way of the Samurai 3.7z;https://tinyurl.com/242yblcl;1.57 GiB;7z;https://archive.org/download/OGFW-Arquivista;zip
Way of the Samurai 4.7z;https://tinyurl.com/26eud67s;2.56 GiB;7z;https://archive.org/download/OGFW-Arquivista;zip
Xeno Crisis.7z;https://tinyurl.com/23htfkc8;131.94 MiB;7z;https://archive.org/download/OGFW-Arquivista;zip
Zax - The Alien Hunter.7z;https://tinyurl.com/29zqmca7;286.47 MiB;7z;https://archive.org/download/OGFW-Arquivista;zip
