3 Ninjas Kick Back (USA);http://tinyurl.com/yrwdcd3d;268.2 MiB;ZIP;https://myrient.erista.me/files/Redump/Sega%20-%20Mega%20CD%20%26%20Sega%20CD/
A-Rank Thunder - Tanjou-hen (Japan);http://tinyurl.com/ywsjl9dn;365.9 MiB;ZIP;https://myrient.erista.me/files/Redump/Sega%20-%20Mega%20CD%20%26%20Sega%20CD/
A-X-101 (USA) (RE);http://tinyurl.com/yp5qkkrm;331.5 MiB;ZIP;https://myrient.erista.me/files/Redump/Sega%20-%20Mega%20CD%20%26%20Sega%20CD/
AH3 - Thunderstrike (USA);http://tinyurl.com/yo5qa4yb;347.6 MiB;ZIP;https://myrient.erista.me/files/Redump/Sega%20-%20Mega%20CD%20%26%20Sega%20CD/
AX-101 (Japan);http://tinyurl.com/ykhp4tvj;320.7 MiB;ZIP;https://myrient.erista.me/files/Redump/Sega%20-%20Mega%20CD%20%26%20Sega%20CD/
Adventures of Batman and Robin, The (Europe);http://tinyurl.com/yvu9u5ua;246.2 MiB;ZIP;https://myrient.erista.me/files/Redump/Sega%20-%20Mega%20CD%20%26%20Sega%20CD/
Adventures of Batman and Robin, The (USA);http://tinyurl.com/yqa3dlcs;246.1 MiB;ZIP;https://myrient.erista.me/files/Redump/Sega%20-%20Mega%20CD%20%26%20Sega%20CD/
Adventures of Willy Beamish, The (USA) (Alt);http://tinyurl.com/yrszyoey;182.3 MiB;ZIP;https://myrient.erista.me/files/Redump/Sega%20-%20Mega%20CD%20%26%20Sega%20CD/
Adventures of Willy Beamish, The (USA);http://tinyurl.com/ykjfoa8h;182.3 MiB;ZIP;https://myrient.erista.me/files/Redump/Sega%20-%20Mega%20CD%20%26%20Sega%20CD/
After Armageddon Gaiden - Majuu Toushouden Eclipse (Japan);http://tinyurl.com/yszmwmg7;502.0 MiB;ZIP;https://myrient.erista.me/files/Redump/Sega%20-%20Mega%20CD%20%26%20Sega%20CD/
After Burner III (Europe);http://tinyurl.com/yokcayjr;282.4 MiB;ZIP;https://myrient.erista.me/files/Redump/Sega%20-%20Mega%20CD%20%26%20Sega%20CD/
After Burner III (Japan);http://tinyurl.com/yntc2dcm;389.4 MiB;ZIP;https://myrient.erista.me/files/Redump/Sega%20-%20Mega%20CD%20%26%20Sega%20CD/
After Burner III (USA);http://tinyurl.com/yterwhk6;282.4 MiB;ZIP;https://myrient.erista.me/files/Redump/Sega%20-%20Mega%20CD%20%26%20Sega%20CD/
Aisle Lord (Japan);http://tinyurl.com/yvo9s8sh;209.6 MiB;ZIP;https://myrient.erista.me/files/Redump/Sega%20-%20Mega%20CD%20%26%20Sega%20CD/
Alshark (Japan);http://tinyurl.com/ymmuz4f2;489.9 MiB;ZIP;https://myrient.erista.me/files/Redump/Sega%20-%20Mega%20CD%20%26%20Sega%20CD/
Amazing Spider-Man vs. The Kingpin, The (Europe);http://tinyurl.com/yw27jvpt;399.4 MiB;ZIP;https://myrient.erista.me/files/Redump/Sega%20-%20Mega%20CD%20%26%20Sega%20CD/
Amazing Spider-Man vs. The Kingpin, The (USA) (Rev 1);http://tinyurl.com/yrctmmmb;399.6 MiB;ZIP;https://myrient.erista.me/files/Redump/Sega%20-%20Mega%20CD%20%26%20Sega%20CD/
Amazing Spider-Man vs. The Kingpin, The (USA);http://tinyurl.com/yse6eon4;399.5 MiB;ZIP;https://myrient.erista.me/files/Redump/Sega%20-%20Mega%20CD%20%26%20Sega%20CD/
Android Assault - The Revenge of Bari-Arm (USA);http://tinyurl.com/ywhltjgb;310.1 MiB;ZIP;https://myrient.erista.me/files/Redump/Sega%20-%20Mega%20CD%20%26%20Sega%20CD/
Annett Futatabi (Japan);http://tinyurl.com/yn2zt7mc;480.4 MiB;ZIP;https://myrient.erista.me/files/Redump/Sega%20-%20Mega%20CD%20%26%20Sega%20CD/
Aoki Ookami to Shiroki Mejika - Genchou Hishi (Japan);http://tinyurl.com/ytcuan9x;467.4 MiB;ZIP;https://myrient.erista.me/files/Redump/Sega%20-%20Mega%20CD%20%26%20Sega%20CD/
Arcus I, II, III (Japan);http://tinyurl.com/ywgqjtbc;355.0 MiB;ZIP;https://myrient.erista.me/files/Redump/Sega%20-%20Mega%20CD%20%26%20Sega%20CD/
Arslan Senki (Japan);http://tinyurl.com/ylqzfs9s;361.2 MiB;ZIP;https://myrient.erista.me/files/Redump/Sega%20-%20Mega%20CD%20%26%20Sega%20CD/
BC Racers (Europe) (Demo) (Green Disc);http://tinyurl.com/yutlcdx8;38.9 MiB;ZIP;https://myrient.erista.me/files/Redump/Sega%20-%20Mega%20CD%20%26%20Sega%20CD/
BC Racers (Europe) (Demo) (Yellow Disc);http://tinyurl.com/ys3ykkoh;28.1 MiB;ZIP;https://myrient.erista.me/files/Redump/Sega%20-%20Mega%20CD%20%26%20Sega%20CD/
BC Racers (Europe) (En,Fr,De);http://tinyurl.com/yr3ya3v6;359.5 MiB;ZIP;https://myrient.erista.me/files/Redump/Sega%20-%20Mega%20CD%20%26%20Sega%20CD/
BC Racers (USA);http://tinyurl.com/ymre3285;359.5 MiB;ZIP;https://myrient.erista.me/files/Redump/Sega%20-%20Mega%20CD%20%26%20Sega%20CD/
Bakuden - The Unbalanced Zone (Japan);http://tinyurl.com/ysekjjpk;241.1 MiB;ZIP;https://myrient.erista.me/files/Redump/Sega%20-%20Mega%20CD%20%26%20Sega%20CD/
Bari-Arm (Japan);http://tinyurl.com/yufghah8;310.1 MiB;ZIP;https://myrient.erista.me/files/Redump/Sega%20-%20Mega%20CD%20%26%20Sega%20CD/
Batman Returns (Europe) (Alt);http://tinyurl.com/yozxgc65;449.7 MiB;ZIP;https://myrient.erista.me/files/Redump/Sega%20-%20Mega%20CD%20%26%20Sega%20CD/
Batman Returns (Europe);http://tinyurl.com/yvr2qqbm;449.7 MiB;ZIP;https://myrient.erista.me/files/Redump/Sega%20-%20Mega%20CD%20%26%20Sega%20CD/
Batman Returns (USA) (Alt);http://tinyurl.com/ytk6r5z8;449.8 MiB;ZIP;https://myrient.erista.me/files/Redump/Sega%20-%20Mega%20CD%20%26%20Sega%20CD/
Batman Returns (USA);http://tinyurl.com/yms9cpd4;449.8 MiB;ZIP;https://myrient.erista.me/files/Redump/Sega%20-%20Mega%20CD%20%26%20Sega%20CD/
Battle Fantasy (Japan) (Rev A);http://tinyurl.com/yrlyfs3z;454.9 MiB;ZIP;https://myrient.erista.me/files/Redump/Sega%20-%20Mega%20CD%20%26%20Sega%20CD/
Battle Frenzy (USA) (Unl);http://tinyurl.com/ymtww5n2;501.7 MiB;ZIP;https://myrient.erista.me/files/Redump/Sega%20-%20Mega%20CD%20%26%20Sega%20CD/
BattleTech - Gray Death Legion (USA) (Unl);http://tinyurl.com/yn3saptr;50.5 MiB;ZIP;https://myrient.erista.me/files/Redump/Sega%20-%20Mega%20CD%20%26%20Sega%20CD/
Battlecorps (Europe) (Demo);http://tinyurl.com/yocbyjmo;60.8 MiB;ZIP;https://myrient.erista.me/files/Redump/Sega%20-%20Mega%20CD%20%26%20Sega%20CD/
Battlecorps (Europe) (En,Fr,De,Es);http://tinyurl.com/yt534md5;452.5 MiB;ZIP;https://myrient.erista.me/files/Redump/Sega%20-%20Mega%20CD%20%26%20Sega%20CD/
Battlecorps (Japan);http://tinyurl.com/yomkjxgc;456.6 MiB;ZIP;https://myrient.erista.me/files/Redump/Sega%20-%20Mega%20CD%20%26%20Sega%20CD/
Battlecorps (USA);http://tinyurl.com/ysj7m82r;449.1 MiB;ZIP;https://myrient.erista.me/files/Redump/Sega%20-%20Mega%20CD%20%26%20Sega%20CD/
Beast II (Europe) (Demo);http://tinyurl.com/yoktwk6e;304.1 MiB;ZIP;https://myrient.erista.me/files/Redump/Sega%20-%20Mega%20CD%20%26%20Sega%20CD/
Beast II (Europe);http://tinyurl.com/yrs7ejsm;304.1 MiB;ZIP;https://myrient.erista.me/files/Redump/Sega%20-%20Mega%20CD%20%26%20Sega%20CD/
Bill Walsh College Football (Europe);http://tinyurl.com/ysth6ltf;202.8 MiB;ZIP;https://myrient.erista.me/files/Redump/Sega%20-%20Mega%20CD%20%26%20Sega%20CD/
Bill Walsh College Football (USA);http://tinyurl.com/yvt4xb6w;202.8 MiB;ZIP;https://myrient.erista.me/files/Redump/Sega%20-%20Mega%20CD%20%26%20Sega%20CD/
Black Hole Assault (Japan);http://tinyurl.com/yt5vecz4;474.8 MiB;ZIP;https://myrient.erista.me/files/Redump/Sega%20-%20Mega%20CD%20%26%20Sega%20CD/
Blackhole Assault (Europe);http://tinyurl.com/ym75lc68;468.4 MiB;ZIP;https://myrient.erista.me/files/Redump/Sega%20-%20Mega%20CD%20%26%20Sega%20CD/
Blackhole Assault (USA) (Alt);http://tinyurl.com/yp9bb4vm;468.3 MiB;ZIP;https://myrient.erista.me/files/Redump/Sega%20-%20Mega%20CD%20%26%20Sega%20CD/
Blackhole Assault (USA);http://tinyurl.com/ytlcox8j;468.3 MiB;ZIP;https://myrient.erista.me/files/Redump/Sega%20-%20Mega%20CD%20%26%20Sega%20CD/
Bloodshot ~ Battle Frenzy (Europe) (En,Fr,De,Es);http://tinyurl.com/yowyqo5y;501.8 MiB;ZIP;https://myrient.erista.me/files/Redump/Sega%20-%20Mega%20CD%20%26%20Sega%20CD/
Bouncers (USA);http://tinyurl.com/yocp6ep7;229.1 MiB;ZIP;https://myrient.erista.me/files/Redump/Sega%20-%20Mega%20CD%20%26%20Sega%20CD/
Bram Stoker's Dracula (USA) (Alt 1);http://tinyurl.com/ynbfecoe;360.2 MiB;ZIP;https://myrient.erista.me/files/Redump/Sega%20-%20Mega%20CD%20%26%20Sega%20CD/
Bram Stoker's Dracula (USA) (Alt 2);http://tinyurl.com/ylca329o;360.2 MiB;ZIP;https://myrient.erista.me/files/Redump/Sega%20-%20Mega%20CD%20%26%20Sega%20CD/
Bram Stoker's Dracula (USA) (Version 2.0);http://tinyurl.com/ytxchazr;360.1 MiB;ZIP;https://myrient.erista.me/files/Redump/Sega%20-%20Mega%20CD%20%26%20Sega%20CD/
Bram Stoker's Dracula (USA);http://tinyurl.com/yv6d7879;360.2 MiB;ZIP;https://myrient.erista.me/files/Redump/Sega%20-%20Mega%20CD%20%26%20Sega%20CD/
Brutal - Paws of Fury (Europe) (En,Fr,De);http://tinyurl.com/ynwtpugm;305.0 MiB;ZIP;https://myrient.erista.me/files/Redump/Sega%20-%20Mega%20CD%20%26%20Sega%20CD/
Brutal - Paws of Fury (USA);http://tinyurl.com/yohylvh2;305.0 MiB;ZIP;https://myrient.erista.me/files/Redump/Sega%20-%20Mega%20CD%20%26%20Sega%20CD/
Bug Blasters - The Exterminators (USA) (Unl) (Rerelease);http://tinyurl.com/ylqt2ws7;504.9 MiB;ZIP;https://myrient.erista.me/files/Redump/Sega%20-%20Mega%20CD%20%26%20Sega%20CD/
Burai - Yatsudama no Yuushi Densetsu (Japan);http://tinyurl.com/yotyppkl;226.2 MiB;ZIP;https://myrient.erista.me/files/Redump/Sega%20-%20Mega%20CD%20%26%20Sega%20CD/
Burning Fists - Force Striker (USA) (Unl);http://tinyurl.com/ywt4asxa;385.3 MiB;ZIP;https://myrient.erista.me/files/Redump/Sega%20-%20Mega%20CD%20%26%20Sega%20CD/
CD Sonic The Hedgehog (Japan) (Beta 1);http://tinyurl.com/yk7c2pkr;96.1 MiB;ZIP;https://myrient.erista.me/files/Redump/Sega%20-%20Mega%20CD%20%26%20Sega%20CD/
CD Sonic The Hedgehog (Japan) (Beta 2);http://tinyurl.com/ysasqlkc;401.0 MiB;ZIP;https://myrient.erista.me/files/Redump/Sega%20-%20Mega%20CD%20%26%20Sega%20CD/
CD Sonic The Hedgehog (Japan) (Beta 3);http://tinyurl.com/yvpyk8gc;424.9 MiB;ZIP;https://myrient.erista.me/files/Redump/Sega%20-%20Mega%20CD%20%26%20Sega%20CD/
Cadillacs and Dinosaurs - The Second Cataclysm (USA, Brazil) (RE);http://tinyurl.com/yt7xqgob;523.1 MiB;ZIP;https://myrient.erista.me/files/Redump/Sega%20-%20Mega%20CD%20%26%20Sega%20CD/
Captain Tsubasa (Japan);http://tinyurl.com/ypzwl9lj;100.4 MiB;ZIP;https://myrient.erista.me/files/Redump/Sega%20-%20Mega%20CD%20%26%20Sega%20CD/
Championship Soccer '94 (USA);http://tinyurl.com/ynwmngfe;201.0 MiB;ZIP;https://myrient.erista.me/files/Redump/Sega%20-%20Mega%20CD%20%26%20Sega%20CD/
Chuck Rock (Europe);http://tinyurl.com/yuok4tkz;266.3 MiB;ZIP;https://myrient.erista.me/files/Redump/Sega%20-%20Mega%20CD%20%26%20Sega%20CD/
Chuck Rock (USA);http://tinyurl.com/ysf595c7;266.2 MiB;ZIP;https://myrient.erista.me/files/Redump/Sega%20-%20Mega%20CD%20%26%20Sega%20CD/
Chuck Rock II - Son of Chuck (Europe);http://tinyurl.com/ysr5cwfq;360.1 MiB;ZIP;https://myrient.erista.me/files/Redump/Sega%20-%20Mega%20CD%20%26%20Sega%20CD/
Chuck Rock II - Son of Chuck (USA);http://tinyurl.com/yow8t569;359.3 MiB;ZIP;https://myrient.erista.me/files/Redump/Sega%20-%20Mega%20CD%20%26%20Sega%20CD/
Citizen X (USA) (Unl);http://tinyurl.com/yvrkgbv9;200.8 MiB;ZIP;https://myrient.erista.me/files/Redump/Sega%20-%20Mega%20CD%20%26%20Sega%20CD/
Cliffhanger (USA);http://tinyurl.com/yurk5s4v;260.9 MiB;ZIP;https://myrient.erista.me/files/Redump/Sega%20-%20Mega%20CD%20%26%20Sega%20CD/
Cobra Command (Europe);http://tinyurl.com/ynsrcrq2;84.8 MiB;ZIP;https://myrient.erista.me/files/Redump/Sega%20-%20Mega%20CD%20%26%20Sega%20CD/
Cobra Command (USA);http://tinyurl.com/ytea9wxj;84.8 MiB;ZIP;https://myrient.erista.me/files/Redump/Sega%20-%20Mega%20CD%20%26%20Sega%20CD/
Colors of Modern Rock, The (USA);http://tinyurl.com/ynnmkkt8;132.2 MiB;ZIP;https://myrient.erista.me/files/Redump/Sega%20-%20Mega%20CD%20%26%20Sega%20CD/
Compton's Interactive Encyclopedia (USA) (Version 2.00S);http://tinyurl.com/yob8mfgh;122.7 MiB;ZIP;https://myrient.erista.me/files/Redump/Sega%20-%20Mega%20CD%20%26%20Sega%20CD/
Compton's Interactive Encyclopedia (USA) (Version 2.01R);http://tinyurl.com/ypssxsco;224.0 MiB;ZIP;https://myrient.erista.me/files/Redump/Sega%20-%20Mega%20CD%20%26%20Sega%20CD/
Compton's Interactive Encyclopedia (USA) (Version 2.01S);http://tinyurl.com/2x8bh354;119.7 MiB;ZIP;https://myrient.erista.me/files/Redump/Sega%20-%20Mega%20CD%20%26%20Sega%20CD/
Compton's Interactive Encyclopedia (USA) (Version 2.10) (RE2);http://tinyurl.com/ymcvks6q;223.9 MiB;ZIP;https://myrient.erista.me/files/Redump/Sega%20-%20Mega%20CD%20%26%20Sega%20CD/
Corpse Killer (Europe) (Mega-CD 32X);http://tinyurl.com/yrjee5ao;541.0 MiB;ZIP;https://myrient.erista.me/files/Redump/Sega%20-%20Mega%20CD%20%26%20Sega%20CD/
Corpse Killer (Europe);http://tinyurl.com/yuqot4ww;512.1 MiB;ZIP;https://myrient.erista.me/files/Redump/Sega%20-%20Mega%20CD%20%26%20Sega%20CD/
Corpse Killer (USA) (Sega CD 32X);http://tinyurl.com/yvsyw53d;541.0 MiB;ZIP;https://myrient.erista.me/files/Redump/Sega%20-%20Mega%20CD%20%26%20Sega%20CD/
Corpse Killer (USA);http://tinyurl.com/ymgd4jta;512.1 MiB;ZIP;https://myrient.erista.me/files/Redump/Sega%20-%20Mega%20CD%20%26%20Sega%20CD/
Cosmic Fantasy Stories (Japan);http://tinyurl.com/yomdrhhp;368.8 MiB;ZIP;https://myrient.erista.me/files/Redump/Sega%20-%20Mega%20CD%20%26%20Sega%20CD/
Crime Patrol (USA);http://tinyurl.com/ytr6yebp;220.1 MiB;ZIP;https://myrient.erista.me/files/Redump/Sega%20-%20Mega%20CD%20%26%20Sega%20CD/
Cyborg 009 (Japan);http://tinyurl.com/ykc3y2hq;400.5 MiB;ZIP;https://myrient.erista.me/files/Redump/Sega%20-%20Mega%20CD%20%26%20Sega%20CD/
Daihoushinden (Japan);http://tinyurl.com/ymlhtqq4;172.3 MiB;ZIP;https://myrient.erista.me/files/Redump/Sega%20-%20Mega%20CD%20%26%20Sega%20CD/
Dark Wizard (USA);http://tinyurl.com/2x42chfu;288.1 MiB;ZIP;https://myrient.erista.me/files/Redump/Sega%20-%20Mega%20CD%20%26%20Sega%20CD/
Dark Wizard - Yomigaerishi Yami no Madoushi (Japan);http://tinyurl.com/ynsrnpsn;304.8 MiB;ZIP;https://myrient.erista.me/files/Redump/Sega%20-%20Mega%20CD%20%26%20Sega%20CD/
Death Bringer (Japan);http://tinyurl.com/ylyqr5hg;122.0 MiB;ZIP;https://myrient.erista.me/files/Redump/Sega%20-%20Mega%20CD%20%26%20Sega%20CD/
Demolition Man (USA);http://tinyurl.com/ywqbn8jq;310.7 MiB;ZIP;https://myrient.erista.me/files/Redump/Sega%20-%20Mega%20CD%20%26%20Sega%20CD/
Dennin Aleste - Nobunaga and His Ninja Force (Japan);http://tinyurl.com/ykch5uk9;473.4 MiB;ZIP;https://myrient.erista.me/files/Redump/Sega%20-%20Mega%20CD%20%26%20Sega%20CD/
Detonator Orgun (Japan);http://tinyurl.com/yto6xfrc;169.4 MiB;ZIP;https://myrient.erista.me/files/Redump/Sega%20-%20Mega%20CD%20%26%20Sega%20CD/
Devastator (Japan);http://tinyurl.com/yv8pbsnj;363.9 MiB;ZIP;https://myrient.erista.me/files/Redump/Sega%20-%20Mega%20CD%20%26%20Sega%20CD/
Double Switch (Europe);http://tinyurl.com/ylcvl9g3;494.2 MiB;ZIP;https://myrient.erista.me/files/Redump/Sega%20-%20Mega%20CD%20%26%20Sega%20CD/
Double Switch (Japan);http://tinyurl.com/2x673psb;489.2 MiB;ZIP;https://myrient.erista.me/files/Redump/Sega%20-%20Mega%20CD%20%26%20Sega%20CD/
Double Switch (USA);http://tinyurl.com/ykr35s5p;494.2 MiB;ZIP;https://myrient.erista.me/files/Redump/Sega%20-%20Mega%20CD%20%26%20Sega%20CD/
Dracula Unleashed (Europe) (Disc 1) (Made in E.U.);http://tinyurl.com/yqsljt7f;380.4 MiB;ZIP;https://myrient.erista.me/files/Redump/Sega%20-%20Mega%20CD%20%26%20Sega%20CD/
Dracula Unleashed (Europe) (Disc 1) (Made in Japan);http://tinyurl.com/ysam25lp;380.4 MiB;ZIP;https://myrient.erista.me/files/Redump/Sega%20-%20Mega%20CD%20%26%20Sega%20CD/
Dracula Unleashed (Europe) (Disc 2) (Made in E.U.);http://tinyurl.com/yu2wystn;431.6 MiB;ZIP;https://myrient.erista.me/files/Redump/Sega%20-%20Mega%20CD%20%26%20Sega%20CD/
Dracula Unleashed (Europe) (Disc 2) (Made in Japan);http://tinyurl.com/yppl8dto;431.6 MiB;ZIP;https://myrient.erista.me/files/Redump/Sega%20-%20Mega%20CD%20%26%20Sega%20CD/
Dracula Unleashed (USA) (Disc 1);http://tinyurl.com/yu78hclz;380.4 MiB;ZIP;https://myrient.erista.me/files/Redump/Sega%20-%20Mega%20CD%20%26%20Sega%20CD/
Dracula Unleashed (USA) (Disc 2);http://tinyurl.com/ynm6ejn6;431.6 MiB;ZIP;https://myrient.erista.me/files/Redump/Sega%20-%20Mega%20CD%20%26%20Sega%20CD/
Dragon's Lair (Europe);http://tinyurl.com/yvurumjz;186.1 MiB;ZIP;https://myrient.erista.me/files/Redump/Sega%20-%20Mega%20CD%20%26%20Sega%20CD/
Dragon's Lair (Japan) (En,Ja,Fr,De,It);http://tinyurl.com/yvnwj2cq;186.7 MiB;ZIP;https://myrient.erista.me/files/Redump/Sega%20-%20Mega%20CD%20%26%20Sega%20CD/
Dragon's Lair (USA) (Demo);http://tinyurl.com/ynzb3vxr;6.4 MiB;ZIP;https://myrient.erista.me/files/Redump/Sega%20-%20Mega%20CD%20%26%20Sega%20CD/
Dragon's Lair (USA);http://tinyurl.com/yw5wnsxp;118.2 MiB;ZIP;https://myrient.erista.me/files/Redump/Sega%20-%20Mega%20CD%20%26%20Sega%20CD/
Dune (Europe) (En,Fr,De,Es,It,Ar);http://tinyurl.com/yvgn2k3z;273.3 MiB;ZIP;https://myrient.erista.me/files/Redump/Sega%20-%20Mega%20CD%20%26%20Sega%20CD/
Dune (USA);http://tinyurl.com/yupmrvtd;273.4 MiB;ZIP;https://myrient.erista.me/files/Redump/Sega%20-%20Mega%20CD%20%26%20Sega%20CD/
Dungeon Explorer (Europe);http://tinyurl.com/yqrc5bxx;411.4 MiB;ZIP;https://myrient.erista.me/files/Redump/Sega%20-%20Mega%20CD%20%26%20Sega%20CD/
Dungeon Explorer (USA);http://tinyurl.com/ymvkbqzh;411.4 MiB;ZIP;https://myrient.erista.me/files/Redump/Sega%20-%20Mega%20CD%20%26%20Sega%20CD/
Dungeon Master II - Skullkeep (Europe);http://tinyurl.com/yo3b9m66;154.4 MiB;ZIP;https://myrient.erista.me/files/Redump/Sega%20-%20Mega%20CD%20%26%20Sega%20CD/
Dungeon Master II - Skullkeep (Japan);http://tinyurl.com/ywkznpj8;144.3 MiB;ZIP;https://myrient.erista.me/files/Redump/Sega%20-%20Mega%20CD%20%26%20Sega%20CD/
Dungeon Master II - Skullkeep (USA) (RE3);http://tinyurl.com/ylzafue5;154.4 MiB;ZIP;https://myrient.erista.me/files/Redump/Sega%20-%20Mega%20CD%20%26%20Sega%20CD/
Dynamic Country Club (Japan);http://tinyurl.com/ywzs4c9a;174.6 MiB;ZIP;https://myrient.erista.me/files/Redump/Sega%20-%20Mega%20CD%20%26%20Sega%20CD/
ESPN Baseball Tonight (Europe);http://tinyurl.com/ymg625s2;166.4 MiB;ZIP;https://myrient.erista.me/files/Redump/Sega%20-%20Mega%20CD%20%26%20Sega%20CD/
ESPN Baseball Tonight (USA);http://tinyurl.com/ysh38uqy;166.4 MiB;ZIP;https://myrient.erista.me/files/Redump/Sega%20-%20Mega%20CD%20%26%20Sega%20CD/
ESPN NBA Hangtime '95 (USA);http://tinyurl.com/ylf6u8cl;390.3 MiB;ZIP;https://myrient.erista.me/files/Redump/Sega%20-%20Mega%20CD%20%26%20Sega%20CD/
ESPN National Hockey Night (USA);http://tinyurl.com/yvtt38uf;298.2 MiB;ZIP;https://myrient.erista.me/files/Redump/Sega%20-%20Mega%20CD%20%26%20Sega%20CD/
ESPN Sunday Night NFL (USA);http://tinyurl.com/ywhf53ho;214.5 MiB;ZIP;https://myrient.erista.me/files/Redump/Sega%20-%20Mega%20CD%20%26%20Sega%20CD/
Earnest Evans (Japan);http://tinyurl.com/yuwxhxgz;508.3 MiB;ZIP;https://myrient.erista.me/files/Redump/Sega%20-%20Mega%20CD%20%26%20Sega%20CD/
Earthworm Jim - Special Edition (Europe);http://tinyurl.com/yqmzx8lz;311.4 MiB;ZIP;https://myrient.erista.me/files/Redump/Sega%20-%20Mega%20CD%20%26%20Sega%20CD/
Earthworm Jim - Special Edition (USA) (RE);http://tinyurl.com/yuheh2v2;318.2 MiB;ZIP;https://myrient.erista.me/files/Redump/Sega%20-%20Mega%20CD%20%26%20Sega%20CD/
Ecco - The Tides of Time (Europe) (En,Fr,De,Es);http://tinyurl.com/yp984ch6;568.4 MiB;ZIP;https://myrient.erista.me/files/Redump/Sega%20-%20Mega%20CD%20%26%20Sega%20CD/
Ecco - The Tides of Time (USA) (Alt);http://tinyurl.com/yp2cppae;566.6 MiB;ZIP;https://myrient.erista.me/files/Redump/Sega%20-%20Mega%20CD%20%26%20Sega%20CD/
Ecco - The Tides of Time (USA);http://tinyurl.com/ypahzuol;568.4 MiB;ZIP;https://myrient.erista.me/files/Redump/Sega%20-%20Mega%20CD%20%26%20Sega%20CD/
Ecco the Dolphin (Australia);http://tinyurl.com/2xxajjam;525.6 MiB;ZIP;https://myrient.erista.me/files/Redump/Sega%20-%20Mega%20CD%20%26%20Sega%20CD/
Ecco the Dolphin (Europe) (Rerelease);http://tinyurl.com/ykmu8yvy;525.6 MiB;ZIP;https://myrient.erista.me/files/Redump/Sega%20-%20Mega%20CD%20%26%20Sega%20CD/
Ecco the Dolphin (Europe);http://tinyurl.com/ymyghhpf;525.6 MiB;ZIP;https://myrient.erista.me/files/Redump/Sega%20-%20Mega%20CD%20%26%20Sega%20CD/
Ecco the Dolphin (USA);http://tinyurl.com/ywlafp73;545.5 MiB;ZIP;https://myrient.erista.me/files/Redump/Sega%20-%20Mega%20CD%20%26%20Sega%20CD/
Ecco the Dolphin CD (Japan) (Disc 1) (Ecco the Dolphin);http://tinyurl.com/ywa5ll8g;545.5 MiB;ZIP;https://myrient.erista.me/files/Redump/Sega%20-%20Mega%20CD%20%26%20Sega%20CD/
Ecco the Dolphin CD (Japan) (Disc 2) (Ecco the Dolphin II);http://tinyurl.com/ysm4ge5o;568.4 MiB;ZIP;https://myrient.erista.me/files/Redump/Sega%20-%20Mega%20CD%20%26%20Sega%20CD/
Egawa Suguru no Super League CD (Japan);http://tinyurl.com/yw6ofrlk;73.5 MiB;ZIP;https://myrient.erista.me/files/Redump/Sega%20-%20Mega%20CD%20%26%20Sega%20CD/
Eternal Champions - Challenge from the Dark Side (Europe) (Beta);http://tinyurl.com/yof7sppl;392.8 MiB;ZIP;https://myrient.erista.me/files/Redump/Sega%20-%20Mega%20CD%20%26%20Sega%20CD/
Eternal Champions - Challenge from the Dark Side (Europe);http://tinyurl.com/ylp29r3q;392.8 MiB;ZIP;https://myrient.erista.me/files/Redump/Sega%20-%20Mega%20CD%20%26%20Sega%20CD/
Eternal Champions - Challenge from the Dark Side (USA) (Beta);http://tinyurl.com/ynv2wop8;392.8 MiB;ZIP;https://myrient.erista.me/files/Redump/Sega%20-%20Mega%20CD%20%26%20Sega%20CD/
Eternal Champions - Challenge from the Dark Side (USA) (RE);http://tinyurl.com/yvxv5rro;392.8 MiB;ZIP;https://myrient.erista.me/files/Redump/Sega%20-%20Mega%20CD%20%26%20Sega%20CD/
Eternal Champions - Challenge from the Dark Side (USA);http://tinyurl.com/ywtmbbmz;392.8 MiB;ZIP;https://myrient.erista.me/files/Redump/Sega%20-%20Mega%20CD%20%26%20Sega%20CD/
Eye of the Beholder (Europe);http://tinyurl.com/ytfghoqz;382.4 MiB;ZIP;https://myrient.erista.me/files/Redump/Sega%20-%20Mega%20CD%20%26%20Sega%20CD/
Eye of the Beholder (Japan);http://tinyurl.com/ytmbtcxa;382.9 MiB;ZIP;https://myrient.erista.me/files/Redump/Sega%20-%20Mega%20CD%20%26%20Sega%20CD/
Eye of the Beholder (USA);http://tinyurl.com/yoxeqe5u;382.5 MiB;ZIP;https://myrient.erista.me/files/Redump/Sega%20-%20Mega%20CD%20%26%20Sega%20CD/
F1 Circus CD (Japan);http://tinyurl.com/ywhm7hzw;354.4 MiB;ZIP;https://myrient.erista.me/files/Redump/Sega%20-%20Mega%20CD%20%26%20Sega%20CD/
FIFA International Soccer (USA);http://tinyurl.com/yw7cn3pb;448.0 MiB;ZIP;https://myrient.erista.me/files/Redump/Sega%20-%20Mega%20CD%20%26%20Sega%20CD/
FIFA International Soccer - Championship Edition (Europe) (Demo) (Alt);http://tinyurl.com/ymanmrct;154.1 MiB;ZIP;https://myrient.erista.me/files/Redump/Sega%20-%20Mega%20CD%20%26%20Sega%20CD/
FIFA International Soccer - Championship Edition (Europe) (Demo);http://tinyurl.com/ykbzbgv6;154.1 MiB;ZIP;https://myrient.erista.me/files/Redump/Sega%20-%20Mega%20CD%20%26%20Sega%20CD/
FIFA International Soccer - Championship Edition (Europe) (En,Fr,De,Es);http://tinyurl.com/ynt5aue2;448.0 MiB;ZIP;https://myrient.erista.me/files/Redump/Sega%20-%20Mega%20CD%20%26%20Sega%20CD/
Fahrenheit (Europe);http://tinyurl.com/ywpcsrun;464.0 MiB;ZIP;https://myrient.erista.me/files/Redump/Sega%20-%20Mega%20CD%20%26%20Sega%20CD/
Fahrenheit (France);http://tinyurl.com/ytlgjlsb;434.4 MiB;ZIP;https://myrient.erista.me/files/Redump/Sega%20-%20Mega%20CD%20%26%20Sega%20CD/
Fahrenheit (Japan);http://tinyurl.com/yrffto6t;447.8 MiB;ZIP;https://myrient.erista.me/files/Redump/Sega%20-%20Mega%20CD%20%26%20Sega%20CD/
Fahrenheit (USA) (Disc 1) (Key Disc) (Sega CD);http://tinyurl.com/yqrtrtjk;464.0 MiB;ZIP;https://myrient.erista.me/files/Redump/Sega%20-%20Mega%20CD%20%26%20Sega%20CD/
Fahrenheit (USA) (Disc 2) (32X CD);http://tinyurl.com/ymusjqum;458.7 MiB;ZIP;https://myrient.erista.me/files/Redump/Sega%20-%20Mega%20CD%20%26%20Sega%20CD/
Fatal Fury Special (Europe) (Beta);http://tinyurl.com/ymdnnpu9;441.2 MiB;ZIP;https://myrient.erista.me/files/Redump/Sega%20-%20Mega%20CD%20%26%20Sega%20CD/
Fatal Fury Special (Europe) (Demo);http://tinyurl.com/2xe8c7pe;65.9 MiB;ZIP;https://myrient.erista.me/files/Redump/Sega%20-%20Mega%20CD%20%26%20Sega%20CD/
Fatal Fury Special (Europe);http://tinyurl.com/yvgqkakm;441.2 MiB;ZIP;https://myrient.erista.me/files/Redump/Sega%20-%20Mega%20CD%20%26%20Sega%20CD/
Fatal Fury Special (USA);http://tinyurl.com/ynnjdsep;441.7 MiB;ZIP;https://myrient.erista.me/files/Redump/Sega%20-%20Mega%20CD%20%26%20Sega%20CD/
Final Fight CD (Europe);http://tinyurl.com/yqxy9jn3;365.7 MiB;ZIP;https://myrient.erista.me/files/Redump/Sega%20-%20Mega%20CD%20%26%20Sega%20CD/
Final Fight CD (Japan) (Rev A);http://tinyurl.com/ymvnth2l;378.4 MiB;ZIP;https://myrient.erista.me/files/Redump/Sega%20-%20Mega%20CD%20%26%20Sega%20CD/
Final Fight CD (Japan);http://tinyurl.com/ywrhk3a4;378.4 MiB;ZIP;https://myrient.erista.me/files/Redump/Sega%20-%20Mega%20CD%20%26%20Sega%20CD/
Final Fight CD (USA) (Alt 1);http://tinyurl.com/yu4cy4l9;365.7 MiB;ZIP;https://myrient.erista.me/files/Redump/Sega%20-%20Mega%20CD%20%26%20Sega%20CD/
Final Fight CD (USA) (Alt 2);http://tinyurl.com/ysxyuk9p;365.7 MiB;ZIP;https://myrient.erista.me/files/Redump/Sega%20-%20Mega%20CD%20%26%20Sega%20CD/
Final Fight CD (USA);http://tinyurl.com/yt4psfue;365.7 MiB;ZIP;https://myrient.erista.me/files/Redump/Sega%20-%20Mega%20CD%20%26%20Sega%20CD/
Flashback (Europe) (Demo);http://tinyurl.com/yrmun8pa;91.6 MiB;ZIP;https://myrient.erista.me/files/Redump/Sega%20-%20Mega%20CD%20%26%20Sega%20CD/
Flashback - The Quest for Identity (USA);http://tinyurl.com/yowp4a3f;376.9 MiB;ZIP;https://myrient.erista.me/files/Redump/Sega%20-%20Mega%20CD%20%26%20Sega%20CD/
Flink (Europe);http://tinyurl.com/ym65chro;417.1 MiB;ZIP;https://myrient.erista.me/files/Redump/Sega%20-%20Mega%20CD%20%26%20Sega%20CD/
Flink (USA);http://tinyurl.com/ymba4ooz;417.1 MiB;ZIP;https://myrient.erista.me/files/Redump/Sega%20-%20Mega%20CD%20%26%20Sega%20CD/
Formula One World Championship - Beyond the Limit (Europe);http://tinyurl.com/yrs2ffm4;553.8 MiB;ZIP;https://myrient.erista.me/files/Redump/Sega%20-%20Mega%20CD%20%26%20Sega%20CD/
Formula One World Championship - Beyond the Limit (USA);http://tinyurl.com/yqd2x67r;553.9 MiB;ZIP;https://myrient.erista.me/files/Redump/Sega%20-%20Mega%20CD%20%26%20Sega%20CD/
Fresh Cleaner (Japan);http://tinyurl.com/ywqrkfeb;48.2 MiB;ZIP;https://myrient.erista.me/files/Redump/Sega%20-%20Mega%20CD%20%26%20Sega%20CD/
Game no Kandume Vol. 1 (Japan);http://tinyurl.com/ynf5pu78;319.1 MiB;ZIP;https://myrient.erista.me/files/Redump/Sega%20-%20Mega%20CD%20%26%20Sega%20CD/
Game no Kandume Vol. 2 (Japan);http://tinyurl.com/yw4hw7h4;354.0 MiB;ZIP;https://myrient.erista.me/files/Redump/Sega%20-%20Mega%20CD%20%26%20Sega%20CD/
Garou Densetsu Special (Japan);http://tinyurl.com/ymfjk8gd;441.5 MiB;ZIP;https://myrient.erista.me/files/Redump/Sega%20-%20Mega%20CD%20%26%20Sega%20CD/
Gen'ei Toshi - Illusion City (Japan);http://tinyurl.com/ysggrxec;308.3 MiB;ZIP;https://myrient.erista.me/files/Redump/Sega%20-%20Mega%20CD%20%26%20Sega%20CD/
Ground Zero Texas (Europe) (Disc 1);http://tinyurl.com/ysolk5sj;341.7 MiB;ZIP;https://myrient.erista.me/files/Redump/Sega%20-%20Mega%20CD%20%26%20Sega%20CD/
Ground Zero Texas (Europe) (Disc 2);http://tinyurl.com/ywcmpcvb;329.8 MiB;ZIP;https://myrient.erista.me/files/Redump/Sega%20-%20Mega%20CD%20%26%20Sega%20CD/
Ground Zero Texas (USA) (Disc 1);http://tinyurl.com/yp8p75ml;342.1 MiB;ZIP;https://myrient.erista.me/files/Redump/Sega%20-%20Mega%20CD%20%26%20Sega%20CD/
Ground Zero Texas (USA) (Disc 2) (Alt);http://tinyurl.com/ysclgbpx;329.2 MiB;ZIP;https://myrient.erista.me/files/Redump/Sega%20-%20Mega%20CD%20%26%20Sega%20CD/
Ground Zero Texas (USA) (Disc 2);http://tinyurl.com/ynu5ums7;329.2 MiB;ZIP;https://myrient.erista.me/files/Redump/Sega%20-%20Mega%20CD%20%26%20Sega%20CD/
Gyuwambler Jiko Chuushinha 2 - Gekitou! Tokyo Mahjongland-hen (Japan);http://tinyurl.com/yn5adbg3;461.8 MiB;ZIP;https://myrient.erista.me/files/Redump/Sega%20-%20Mega%20CD%20%26%20Sega%20CD/
Heart of the Alien - Out of This World Parts I and II (USA) (RE);http://tinyurl.com/yv5cvdsp;326.2 MiB;ZIP;https://myrient.erista.me/files/Redump/Sega%20-%20Mega%20CD%20%26%20Sega%20CD/
Heavenly Symphony - Formula One World Championship 1993 (Japan) (Demo);http://tinyurl.com/ynfjup9o;550.6 MiB;ZIP;https://myrient.erista.me/files/Redump/Sega%20-%20Mega%20CD%20%26%20Sega%20CD/
Heavenly Symphony - Formula One World Championship 1993 (Japan);http://tinyurl.com/ynrkyjda;550.9 MiB;ZIP;https://myrient.erista.me/files/Redump/Sega%20-%20Mega%20CD%20%26%20Sega%20CD/
Heavy Nova (Japan);http://tinyurl.com/yv73hr5n;417.6 MiB;ZIP;https://myrient.erista.me/files/Redump/Sega%20-%20Mega%20CD%20%26%20Sega%20CD/
Heimdall (Japan);http://tinyurl.com/yoboukdn;191.4 MiB;ZIP;https://myrient.erista.me/files/Redump/Sega%20-%20Mega%20CD%20%26%20Sega%20CD/
Heimdall (USA);http://tinyurl.com/yw9yh5a7;177.9 MiB;ZIP;https://myrient.erista.me/files/Redump/Sega%20-%20Mega%20CD%20%26%20Sega%20CD/
Hook (Europe);http://tinyurl.com/yofran4a;300.4 MiB;ZIP;https://myrient.erista.me/files/Redump/Sega%20-%20Mega%20CD%20%26%20Sega%20CD/
Hook (USA) (Alt);http://tinyurl.com/yu3xr7lp;300.5 MiB;ZIP;https://myrient.erista.me/files/Redump/Sega%20-%20Mega%20CD%20%26%20Sega%20CD/
Hook (USA);http://tinyurl.com/ypymq4el;300.4 MiB;ZIP;https://myrient.erista.me/files/Redump/Sega%20-%20Mega%20CD%20%26%20Sega%20CD/
IIIrd World War, The (Japan);http://tinyurl.com/yov8karp;280.7 MiB;ZIP;https://myrient.erista.me/files/Redump/Sega%20-%20Mega%20CD%20%26%20Sega%20CD/
Iron Helix (USA);http://tinyurl.com/yl2gqqd9;291.6 MiB;ZIP;https://myrient.erista.me/files/Redump/Sega%20-%20Mega%20CD%20%26%20Sega%20CD/
Ishii Hisaichi no Daiseikai (Japan);http://tinyurl.com/yuxev46s;2.9 MiB;ZIP;https://myrient.erista.me/files/Redump/Sega%20-%20Mega%20CD%20%26%20Sega%20CD/
Jaguar XJ220 (Europe) (En,Ja);http://tinyurl.com/ynym53rw;401.1 MiB;ZIP;https://myrient.erista.me/files/Redump/Sega%20-%20Mega%20CD%20%26%20Sega%20CD/
Jaguar XJ220 (Japan) (En,Ja);http://tinyurl.com/ytzxlggd;401.1 MiB;ZIP;https://myrient.erista.me/files/Redump/Sega%20-%20Mega%20CD%20%26%20Sega%20CD/
Jaguar XJ220 (USA);http://tinyurl.com/2x2kktw9;401.1 MiB;ZIP;https://myrient.erista.me/files/Redump/Sega%20-%20Mega%20CD%20%26%20Sega%20CD/
Jangou World Cup (Japan);http://tinyurl.com/yma7pkzb;395.7 MiB;ZIP;https://myrient.erista.me/files/Redump/Sega%20-%20Mega%20CD%20%26%20Sega%20CD/
Jeopardy! (USA);http://tinyurl.com/ykn2z477;81.0 MiB;ZIP;https://myrient.erista.me/files/Redump/Sega%20-%20Mega%20CD%20%26%20Sega%20CD/
Joe Montana's NFL Football (USA);http://tinyurl.com/yscszpq8;190.5 MiB;ZIP;https://myrient.erista.me/files/Redump/Sega%20-%20Mega%20CD%20%26%20Sega%20CD/
Jurassic Park (Europe) (Rerelease);http://tinyurl.com/2x9yrm3z;353.2 MiB;ZIP;https://myrient.erista.me/files/Redump/Sega%20-%20Mega%20CD%20%26%20Sega%20CD/
Jurassic Park (Europe);http://tinyurl.com/yu55zgy6;353.2 MiB;ZIP;https://myrient.erista.me/files/Redump/Sega%20-%20Mega%20CD%20%26%20Sega%20CD/
Jurassic Park (France);http://tinyurl.com/yw3fk3au;355.9 MiB;ZIP;https://myrient.erista.me/files/Redump/Sega%20-%20Mega%20CD%20%26%20Sega%20CD/
Jurassic Park (Germany);http://tinyurl.com/yre4mr7c;356.2 MiB;ZIP;https://myrient.erista.me/files/Redump/Sega%20-%20Mega%20CD%20%26%20Sega%20CD/
Jurassic Park (Japan);http://tinyurl.com/ylqv69mu;357.8 MiB;ZIP;https://myrient.erista.me/files/Redump/Sega%20-%20Mega%20CD%20%26%20Sega%20CD/
Jurassic Park (Spain);http://tinyurl.com/yrj9fy46;356.3 MiB;ZIP;https://myrient.erista.me/files/Redump/Sega%20-%20Mega%20CD%20%26%20Sega%20CD/
Jurassic Park (USA) (RE);http://tinyurl.com/ytzeqbzt;353.2 MiB;ZIP;https://myrient.erista.me/files/Redump/Sega%20-%20Mega%20CD%20%26%20Sega%20CD/
Kamen Rider ZO (Japan);http://tinyurl.com/ylslpmws;263.5 MiB;ZIP;https://myrient.erista.me/files/Redump/Sega%20-%20Mega%20CD%20%26%20Sega%20CD/
Keio Flying Squadron (Europe) (Demo);http://tinyurl.com/yr2f64m5;449.1 MiB;ZIP;https://myrient.erista.me/files/Redump/Sega%20-%20Mega%20CD%20%26%20Sega%20CD/
Keio Flying Squadron (Europe);http://tinyurl.com/yvvlfxwf;449.1 MiB;ZIP;https://myrient.erista.me/files/Redump/Sega%20-%20Mega%20CD%20%26%20Sega%20CD/
Keio Flying Squadron (USA);http://tinyurl.com/yvb2d6c6;449.1 MiB;ZIP;https://myrient.erista.me/files/Redump/Sega%20-%20Mega%20CD%20%26%20Sega%20CD/
Keiou Yuugekitai (Japan) (Demo);http://tinyurl.com/yv2gf5sg;260.3 MiB;ZIP;https://myrient.erista.me/files/Redump/Sega%20-%20Mega%20CD%20%26%20Sega%20CD/
Keiou Yuugekitai (Japan);http://tinyurl.com/yktd75rc;476.9 MiB;ZIP;https://myrient.erista.me/files/Redump/Sega%20-%20Mega%20CD%20%26%20Sega%20CD/
Kids on Site (Europe) (RE-1);http://tinyurl.com/yr7jvbzw;390.4 MiB;ZIP;https://myrient.erista.me/files/Redump/Sega%20-%20Mega%20CD%20%26%20Sega%20CD/
Kids on Site (USA);http://tinyurl.com/yqtf47kc;390.4 MiB;ZIP;https://myrient.erista.me/files/Redump/Sega%20-%20Mega%20CD%20%26%20Sega%20CD/
Lawnmower Man, The (Europe) (Demo);http://tinyurl.com/yr3afrr4;39.3 MiB;ZIP;https://myrient.erista.me/files/Redump/Sega%20-%20Mega%20CD%20%26%20Sega%20CD/
Lawnmower Man, The (Europe);http://tinyurl.com/yo2scfbl;255.7 MiB;ZIP;https://myrient.erista.me/files/Redump/Sega%20-%20Mega%20CD%20%26%20Sega%20CD/
Lawnmower Man, The (USA);http://tinyurl.com/yp454hce;255.7 MiB;ZIP;https://myrient.erista.me/files/Redump/Sega%20-%20Mega%20CD%20%26%20Sega%20CD/
Lethal Enforcers (Europe);http://tinyurl.com/ymwsyxxu;536.6 MiB;ZIP;https://myrient.erista.me/files/Redump/Sega%20-%20Mega%20CD%20%26%20Sega%20CD/
Lethal Enforcers (Japan);http://tinyurl.com/yna4zdrz;536.6 MiB;ZIP;https://myrient.erista.me/files/Redump/Sega%20-%20Mega%20CD%20%26%20Sega%20CD/
Lethal Enforcers (USA) (Alt);http://tinyurl.com/ykl8exd5;536.6 MiB;ZIP;https://myrient.erista.me/files/Redump/Sega%20-%20Mega%20CD%20%26%20Sega%20CD/
Lethal Enforcers (USA);http://tinyurl.com/yl5daydz;536.6 MiB;ZIP;https://myrient.erista.me/files/Redump/Sega%20-%20Mega%20CD%20%26%20Sega%20CD/
Lethal Enforcers II - Gun Fighters (Europe) (Beta);http://tinyurl.com/2xxcbv2o;521.1 MiB;ZIP;https://myrient.erista.me/files/Redump/Sega%20-%20Mega%20CD%20%26%20Sega%20CD/
Lethal Enforcers II - Gun Fighters (Europe) (Demo);http://tinyurl.com/yv9pvl4o;267.0 MiB;ZIP;https://myrient.erista.me/files/Redump/Sega%20-%20Mega%20CD%20%26%20Sega%20CD/
Lethal Enforcers II - Gun Fighters (Europe);http://tinyurl.com/yvd74eok;521.1 MiB;ZIP;https://myrient.erista.me/files/Redump/Sega%20-%20Mega%20CD%20%26%20Sega%20CD/
Lethal Enforcers II - Gun Fighters (USA);http://tinyurl.com/yor9ovl9;521.1 MiB;ZIP;https://myrient.erista.me/files/Redump/Sega%20-%20Mega%20CD%20%26%20Sega%20CD/
Lethal Enforcers II - The Western (Japan);http://tinyurl.com/yljw9vwy;521.1 MiB;ZIP;https://myrient.erista.me/files/Redump/Sega%20-%20Mega%20CD%20%26%20Sega%20CD/
Links - The Challenge of Golf (USA) (RE);http://tinyurl.com/yteu2ret;281.8 MiB;ZIP;https://myrient.erista.me/files/Redump/Sega%20-%20Mega%20CD%20%26%20Sega%20CD/
Links - The Challenge of Golf (USA);http://tinyurl.com/yutuz3t6;286.7 MiB;ZIP;https://myrient.erista.me/files/Redump/Sega%20-%20Mega%20CD%20%26%20Sega%20CD/
Loadstar - The Legend of Tully Bodine (USA, Brazil);http://tinyurl.com/yqsqtvgl;504.6 MiB;ZIP;https://myrient.erista.me/files/Redump/Sega%20-%20Mega%20CD%20%26%20Sega%20CD/
Lords of Thunder (Europe);http://tinyurl.com/yu9wnzcl;509.1 MiB;ZIP;https://myrient.erista.me/files/Redump/Sega%20-%20Mega%20CD%20%26%20Sega%20CD/
Lords of Thunder (USA);http://tinyurl.com/yvu4vynp;509.1 MiB;ZIP;https://myrient.erista.me/files/Redump/Sega%20-%20Mega%20CD%20%26%20Sega%20CD/
Lunar - Eternal Blue (Japan) (Demo);http://tinyurl.com/yo7bud4o;17.1 MiB;ZIP;https://myrient.erista.me/files/Redump/Sega%20-%20Mega%20CD%20%26%20Sega%20CD/
Lunar - Eternal Blue (Japan) (Rev A);http://tinyurl.com/yovc5ybt;239.5 MiB;ZIP;https://myrient.erista.me/files/Redump/Sega%20-%20Mega%20CD%20%26%20Sega%20CD/
Lunar - Eternal Blue (Japan);http://tinyurl.com/yodbwa6h;239.5 MiB;ZIP;https://myrient.erista.me/files/Redump/Sega%20-%20Mega%20CD%20%26%20Sega%20CD/
Lunar - Eternal Blue (USA) (RE);http://tinyurl.com/yvwnr55m;295.5 MiB;ZIP;https://myrient.erista.me/files/Redump/Sega%20-%20Mega%20CD%20%26%20Sega%20CD/
Lunar - The Silver Star (Japan);http://tinyurl.com/yp4c6vdm;405.9 MiB;ZIP;https://myrient.erista.me/files/Redump/Sega%20-%20Mega%20CD%20%26%20Sega%20CD/
Lunar - The Silver Star (USA) (RE);http://tinyurl.com/ys6hto63;409.2 MiB;ZIP;https://myrient.erista.me/files/Redump/Sega%20-%20Mega%20CD%20%26%20Sega%20CD/
Lunar - The Silver Star (USA);http://tinyurl.com/ykrydgdn;409.2 MiB;ZIP;https://myrient.erista.me/files/Redump/Sega%20-%20Mega%20CD%20%26%20Sega%20CD/
Mad Dog II - The Lost Gold (USA);http://tinyurl.com/ynh6wf2z;213.6 MiB;ZIP;https://myrient.erista.me/files/Redump/Sega%20-%20Mega%20CD%20%26%20Sega%20CD/
Mad Dog McCree (USA);http://tinyurl.com/ynpbpkgp;138.8 MiB;ZIP;https://myrient.erista.me/files/Redump/Sega%20-%20Mega%20CD%20%26%20Sega%20CD/
Mahou no Shoujo - Silky Lip (Japan);http://tinyurl.com/yogcx8nu;310.4 MiB;ZIP;https://myrient.erista.me/files/Redump/Sega%20-%20Mega%20CD%20%26%20Sega%20CD/
Make My Video - INXS (Europe);http://tinyurl.com/yqo39jma;368.4 MiB;ZIP;https://myrient.erista.me/files/Redump/Sega%20-%20Mega%20CD%20%26%20Sega%20CD/
Make My Video - INXS (USA) (Beta);http://tinyurl.com/yuzwqdvr;354.0 MiB;ZIP;https://myrient.erista.me/files/Redump/Sega%20-%20Mega%20CD%20%26%20Sega%20CD/
Make My Video - INXS (USA);http://tinyurl.com/yraryo4k;366.9 MiB;ZIP;https://myrient.erista.me/files/Redump/Sega%20-%20Mega%20CD%20%26%20Sega%20CD/
Make My Video - Kris Kross (Europe);http://tinyurl.com/ypyc5wt9;290.8 MiB;ZIP;https://myrient.erista.me/files/Redump/Sega%20-%20Mega%20CD%20%26%20Sega%20CD/
Make My Video - Kris Kross (USA);http://tinyurl.com/youvx69d;289.6 MiB;ZIP;https://myrient.erista.me/files/Redump/Sega%20-%20Mega%20CD%20%26%20Sega%20CD/
Make My Video - Marky Mark and the Funky Bunch (USA) (Beta);http://tinyurl.com/yskmoqm3;407.3 MiB;ZIP;https://myrient.erista.me/files/Redump/Sega%20-%20Mega%20CD%20%26%20Sega%20CD/
Make My Video - Marky Mark and the Funky Bunch (USA);http://tinyurl.com/ysx3mwyr;407.3 MiB;ZIP;https://myrient.erista.me/files/Redump/Sega%20-%20Mega%20CD%20%26%20Sega%20CD/
Mansion of Hidden Souls (USA);http://tinyurl.com/ywt9vsc4;282.2 MiB;ZIP;https://myrient.erista.me/files/Redump/Sega%20-%20Mega%20CD%20%26%20Sega%20CD/
Marko (USA) (Unl);http://tinyurl.com/ylsrvv52;321.3 MiB;ZIP;https://myrient.erista.me/files/Redump/Sega%20-%20Mega%20CD%20%26%20Sega%20CD/
Marko's Magic Football (Europe) (En,Fr,De,Es);http://tinyurl.com/ysafsugz;301.3 MiB;ZIP;https://myrient.erista.me/files/Redump/Sega%20-%20Mega%20CD%20%26%20Sega%20CD/
Mary Shelley's Frankenstein (USA);http://tinyurl.com/ysrkovgv;205.1 MiB;ZIP;https://myrient.erista.me/files/Redump/Sega%20-%20Mega%20CD%20%26%20Sega%20CD/
Masked Rider, The - Kamen Rider ZO (USA);http://tinyurl.com/yrvfp3cw;257.1 MiB;ZIP;https://myrient.erista.me/files/Redump/Sega%20-%20Mega%20CD%20%26%20Sega%20CD/
Mega Schwarzschild (Japan);http://tinyurl.com/yq65pd5y;469.8 MiB;ZIP;https://myrient.erista.me/files/Redump/Sega%20-%20Mega%20CD%20%26%20Sega%20CD/
MegaRace (USA);http://tinyurl.com/ylr4chs4;395.0 MiB;ZIP;https://myrient.erista.me/files/Redump/Sega%20-%20Mega%20CD%20%26%20Sega%20CD/
Mickey Mania (Europe) (Demo) (Mega Power, Sega Pro);http://tinyurl.com/yoqo675l;416.1 MiB;ZIP;https://myrient.erista.me/files/Redump/Sega%20-%20Mega%20CD%20%26%20Sega%20CD/
Mickey Mania (Europe) (Demo) (Mega Sega);http://tinyurl.com/yvm2qdul;416.1 MiB;ZIP;https://myrient.erista.me/files/Redump/Sega%20-%20Mega%20CD%20%26%20Sega%20CD/
Mickey Mania (Europe);http://tinyurl.com/ym6wq23m;416.1 MiB;ZIP;https://myrient.erista.me/files/Redump/Sega%20-%20Mega%20CD%20%26%20Sega%20CD/
Mickey Mania - The Timeless Adventures of Mickey Mouse (USA);http://tinyurl.com/yvuloeeb;416.1 MiB;ZIP;https://myrient.erista.me/files/Redump/Sega%20-%20Mega%20CD%20%26%20Sega%20CD/
Microcosm (Europe) (Alt);http://tinyurl.com/yrzkbj4e;373.0 MiB;ZIP;https://myrient.erista.me/files/Redump/Sega%20-%20Mega%20CD%20%26%20Sega%20CD/
Microcosm (Europe);http://tinyurl.com/ym34fdea;373.0 MiB;ZIP;https://myrient.erista.me/files/Redump/Sega%20-%20Mega%20CD%20%26%20Sega%20CD/
Microcosm (Japan) (Demo);http://tinyurl.com/ylwn9jre;373.0 MiB;ZIP;https://myrient.erista.me/files/Redump/Sega%20-%20Mega%20CD%20%26%20Sega%20CD/
Microcosm (Japan);http://tinyurl.com/ylc47p75;373.0 MiB;ZIP;https://myrient.erista.me/files/Redump/Sega%20-%20Mega%20CD%20%26%20Sega%20CD/
Microcosm (USA);http://tinyurl.com/ytrl2fa9;373.0 MiB;ZIP;https://myrient.erista.me/files/Redump/Sega%20-%20Mega%20CD%20%26%20Sega%20CD/
Midnight Raiders (Europe);http://tinyurl.com/ykcz23ga;437.1 MiB;ZIP;https://myrient.erista.me/files/Redump/Sega%20-%20Mega%20CD%20%26%20Sega%20CD/
Midnight Raiders (USA);http://tinyurl.com/yrlkchlr;437.1 MiB;ZIP;https://myrient.erista.me/files/Redump/Sega%20-%20Mega%20CD%20%26%20Sega%20CD/
Might and Magic III - Isles of Terra (Japan);http://tinyurl.com/yspgxn4h;478.0 MiB;ZIP;https://myrient.erista.me/files/Redump/Sega%20-%20Mega%20CD%20%26%20Sega%20CD/
Mighty Mighty Missile (USA) (Unl);http://tinyurl.com/yvc7ds6g;367.9 MiB;ZIP;https://myrient.erista.me/files/Redump/Sega%20-%20Mega%20CD%20%26%20Sega%20CD/
Mighty Morphin Power Rangers (Europe);http://tinyurl.com/ykgrhk85;374.4 MiB;ZIP;https://myrient.erista.me/files/Redump/Sega%20-%20Mega%20CD%20%26%20Sega%20CD/
Mighty Morphin Power Rangers (USA);http://tinyurl.com/ywf7pah7;374.4 MiB;ZIP;https://myrient.erista.me/files/Redump/Sega%20-%20Mega%20CD%20%26%20Sega%20CD/
Mortal Kombat (Europe);http://tinyurl.com/ym9pojjr;314.2 MiB;ZIP;https://myrient.erista.me/files/Redump/Sega%20-%20Mega%20CD%20%26%20Sega%20CD/
Mortal Kombat (USA);http://tinyurl.com/ykakd954;314.2 MiB;ZIP;https://myrient.erista.me/files/Redump/Sega%20-%20Mega%20CD%20%26%20Sega%20CD/
Mortal Kombat Kanzenban (Japan);http://tinyurl.com/ysxdduo5;314.2 MiB;ZIP;https://myrient.erista.me/files/Redump/Sega%20-%20Mega%20CD%20%26%20Sega%20CD/
My Paint (USA);http://tinyurl.com/ymp7y7a9;378.0 MiB;ZIP;https://myrient.erista.me/files/Redump/Sega%20-%20Mega%20CD%20%26%20Sega%20CD/
NBA Jam (Europe);http://tinyurl.com/yw3ssphc;354.5 MiB;ZIP;https://myrient.erista.me/files/Redump/Sega%20-%20Mega%20CD%20%26%20Sega%20CD/
NBA Jam (Japan);http://tinyurl.com/yppm4jpp;354.6 MiB;ZIP;https://myrient.erista.me/files/Redump/Sega%20-%20Mega%20CD%20%26%20Sega%20CD/
NBA Jam (USA);http://tinyurl.com/yta94x8l;354.5 MiB;ZIP;https://myrient.erista.me/files/Redump/Sega%20-%20Mega%20CD%20%26%20Sega%20CD/
NFL Football Trivia Challenge (USA);http://tinyurl.com/yoqv8l6t;259.5 MiB;ZIP;https://myrient.erista.me/files/Redump/Sega%20-%20Mega%20CD%20%26%20Sega%20CD/
NFL's Greatest - San Francisco vs. Dallas 1978-1993 (USA);http://tinyurl.com/yuxeyvar;373.5 MiB;ZIP;https://myrient.erista.me/files/Redump/Sega%20-%20Mega%20CD%20%26%20Sega%20CD/
NHL '94 (USA);http://tinyurl.com/youceeqp;381.6 MiB;ZIP;https://myrient.erista.me/files/Redump/Sega%20-%20Mega%20CD%20%26%20Sega%20CD/
NHL Hockey '94 (Europe);http://tinyurl.com/yuq4swru;381.7 MiB;ZIP;https://myrient.erista.me/files/Redump/Sega%20-%20Mega%20CD%20%26%20Sega%20CD/
Night Striker (Japan, Korea);http://tinyurl.com/yp77rxhu;445.8 MiB;ZIP;https://myrient.erista.me/files/Redump/Sega%20-%20Mega%20CD%20%26%20Sega%20CD/
Night Trap (Europe) (Disc 1) (Mega-CD 32X);http://tinyurl.com/yprqss56;465.4 MiB;ZIP;https://myrient.erista.me/files/Redump/Sega%20-%20Mega%20CD%20%26%20Sega%20CD/
Night Trap (Europe) (Disc 1);http://tinyurl.com/yon2uwhh;355.9 MiB;ZIP;https://myrient.erista.me/files/Redump/Sega%20-%20Mega%20CD%20%26%20Sega%20CD/
Night Trap (Europe) (Disc 2) (Mega-CD 32X);http://tinyurl.com/yqh3h32d;387.2 MiB;ZIP;https://myrient.erista.me/files/Redump/Sega%20-%20Mega%20CD%20%26%20Sega%20CD/
Night Trap (Europe) (Disc 2);http://tinyurl.com/ymt2bswl;299.6 MiB;ZIP;https://myrient.erista.me/files/Redump/Sega%20-%20Mega%20CD%20%26%20Sega%20CD/
Night Trap (France) (Disc 1);http://tinyurl.com/2x25jtxp;355.3 MiB;ZIP;https://myrient.erista.me/files/Redump/Sega%20-%20Mega%20CD%20%26%20Sega%20CD/
Night Trap (France) (Disc 2);http://tinyurl.com/ymoptc7q;298.9 MiB;ZIP;https://myrient.erista.me/files/Redump/Sega%20-%20Mega%20CD%20%26%20Sega%20CD/
Night Trap (Japan) (Demo);http://tinyurl.com/yub4o76v;355.2 MiB;ZIP;https://myrient.erista.me/files/Redump/Sega%20-%20Mega%20CD%20%26%20Sega%20CD/
Night Trap (Japan) (Disc 1);http://tinyurl.com/2xfyxd9a;355.2 MiB;ZIP;https://myrient.erista.me/files/Redump/Sega%20-%20Mega%20CD%20%26%20Sega%20CD/
Night Trap (Japan) (Disc 2);http://tinyurl.com/yug9ge3p;299.9 MiB;ZIP;https://myrient.erista.me/files/Redump/Sega%20-%20Mega%20CD%20%26%20Sega%20CD/
Night Trap (USA) (Disc 1) (Alt);http://tinyurl.com/ypd7sujn;354.7 MiB;ZIP;https://myrient.erista.me/files/Redump/Sega%20-%20Mega%20CD%20%26%20Sega%20CD/
Night Trap (USA) (Disc 1) (Rerelease) (Alt);http://tinyurl.com/yrmmolsy;353.9 MiB;ZIP;https://myrient.erista.me/files/Redump/Sega%20-%20Mega%20CD%20%26%20Sega%20CD/
Night Trap (USA) (Disc 1) (Rerelease);http://tinyurl.com/yqy4htpb;353.9 MiB;ZIP;https://myrient.erista.me/files/Redump/Sega%20-%20Mega%20CD%20%26%20Sega%20CD/
Night Trap (USA) (Disc 1) (Sega CD 32X) (RE-1);http://tinyurl.com/yq7wtgw3;465.4 MiB;ZIP;https://myrient.erista.me/files/Redump/Sega%20-%20Mega%20CD%20%26%20Sega%20CD/
Night Trap (USA) (Disc 1);http://tinyurl.com/ylzlw7sz;354.7 MiB;ZIP;https://myrient.erista.me/files/Redump/Sega%20-%20Mega%20CD%20%26%20Sega%20CD/
Night Trap (USA) (Disc 2) (Rerelease) (Alt);http://tinyurl.com/2xdly4ho;299.4 MiB;ZIP;https://myrient.erista.me/files/Redump/Sega%20-%20Mega%20CD%20%26%20Sega%20CD/
Night Trap (USA) (Disc 2) (Rerelease);http://tinyurl.com/yla3y7bs;299.4 MiB;ZIP;https://myrient.erista.me/files/Redump/Sega%20-%20Mega%20CD%20%26%20Sega%20CD/
Night Trap (USA) (Disc 2) (Sega CD 32X) (RE-1);http://tinyurl.com/ys8sr7no;387.2 MiB;ZIP;https://myrient.erista.me/files/Redump/Sega%20-%20Mega%20CD%20%26%20Sega%20CD/
Night Trap (USA) (Disc 2);http://tinyurl.com/ymahgj7m;298.4 MiB;ZIP;https://myrient.erista.me/files/Redump/Sega%20-%20Mega%20CD%20%26%20Sega%20CD/
Ninja Warriors, The (Japan);http://tinyurl.com/yvwfsz8d;448.9 MiB;ZIP;https://myrient.erista.me/files/Redump/Sega%20-%20Mega%20CD%20%26%20Sega%20CD/
Nobunaga no Yabou - Haouden (Japan);http://tinyurl.com/yuv63g7k;389.3 MiB;ZIP;https://myrient.erista.me/files/Redump/Sega%20-%20Mega%20CD%20%26%20Sega%20CD/
Nostalgia 1907 - In North Atlantic Sea (Japan);http://tinyurl.com/ysqswvt3;120.3 MiB;ZIP;https://myrient.erista.me/files/Redump/Sega%20-%20Mega%20CD%20%26%20Sega%20CD/
Note! Color Mechanica (USA) (Unl) (Alt);http://tinyurl.com/yuqyb9aq;480.6 MiB;ZIP;https://myrient.erista.me/files/Redump/Sega%20-%20Mega%20CD%20%26%20Sega%20CD/
Note! Color Mechanica (USA) (Unl);http://tinyurl.com/yqx986kc;480.6 MiB;ZIP;https://myrient.erista.me/files/Redump/Sega%20-%20Mega%20CD%20%26%20Sega%20CD/
Novastorm (Europe) (Demo);http://tinyurl.com/yw2ftgpq;299.1 MiB;ZIP;https://myrient.erista.me/files/Redump/Sega%20-%20Mega%20CD%20%26%20Sega%20CD/
Novastorm (Europe);http://tinyurl.com/2x76rcdf;322.8 MiB;ZIP;https://myrient.erista.me/files/Redump/Sega%20-%20Mega%20CD%20%26%20Sega%20CD/
Novastorm (USA);http://tinyurl.com/yoedf8gn;323.1 MiB;ZIP;https://myrient.erista.me/files/Redump/Sega%20-%20Mega%20CD%20%26%20Sega%20CD/
Panic! (USA) (RE);http://tinyurl.com/yw46fu2o;368.3 MiB;ZIP;https://myrient.erista.me/files/Redump/Sega%20-%20Mega%20CD%20%26%20Sega%20CD/
Pier Solar and the Great Architects - The Definitive Original Soundtrack (Europe) (Disc 4) (Enhanced Soundtrack Disc);http://tinyurl.com/yt3ochk8;616.1 MiB;ZIP;https://myrient.erista.me/files/Redump/Sega%20-%20Mega%20CD%20%26%20Sega%20CD/
Pier Solar and the Great Architects Enhanced Soundtrack Disc (USA);http://tinyurl.com/2x2225gl;445.4 MiB;ZIP;https://myrient.erista.me/files/Redump/Sega%20-%20Mega%20CD%20%26%20Sega%20CD/
Pitfall - The Mayan Adventure (Europe) (Demo);http://tinyurl.com/yulanugf;122.3 MiB;ZIP;https://myrient.erista.me/files/Redump/Sega%20-%20Mega%20CD%20%26%20Sega%20CD/
Pitfall - The Mayan Adventure (Europe);http://tinyurl.com/ylncjjmt;466.3 MiB;ZIP;https://myrient.erista.me/files/Redump/Sega%20-%20Mega%20CD%20%26%20Sega%20CD/
Pitfall - The Mayan Adventure (USA);http://tinyurl.com/ystxo78h;466.3 MiB;ZIP;https://myrient.erista.me/files/Redump/Sega%20-%20Mega%20CD%20%26%20Sega%20CD/
Popful Mail (USA) (RE);http://tinyurl.com/yv3pxz6u;289.7 MiB;ZIP;https://myrient.erista.me/files/Redump/Sega%20-%20Mega%20CD%20%26%20Sega%20CD/
PopfulMail (Japan) (Demo);http://tinyurl.com/ytc3842n;201.6 MiB;ZIP;https://myrient.erista.me/files/Redump/Sega%20-%20Mega%20CD%20%26%20Sega%20CD/
PopfulMail (Japan);http://tinyurl.com/yq86vvxb;200.7 MiB;ZIP;https://myrient.erista.me/files/Redump/Sega%20-%20Mega%20CD%20%26%20Sega%20CD/
Power Factory (Europe);http://tinyurl.com/yq4pq4df;318.4 MiB;ZIP;https://myrient.erista.me/files/Redump/Sega%20-%20Mega%20CD%20%26%20Sega%20CD/
Power Factory (USA);http://tinyurl.com/2xx4db5f;317.2 MiB;ZIP;https://myrient.erista.me/files/Redump/Sega%20-%20Mega%20CD%20%26%20Sega%20CD/
Power Monger (USA);http://tinyurl.com/yrvqc7vb;242.8 MiB;ZIP;https://myrient.erista.me/files/Redump/Sega%20-%20Mega%20CD%20%26%20Sega%20CD/
PowerMonger (Europe);http://tinyurl.com/yt3ha3jx;242.8 MiB;ZIP;https://myrient.erista.me/files/Redump/Sega%20-%20Mega%20CD%20%26%20Sega%20CD/
Prince of Persia (Europe);http://tinyurl.com/ylrewmdg;273.4 MiB;ZIP;https://myrient.erista.me/files/Redump/Sega%20-%20Mega%20CD%20%26%20Sega%20CD/
Prince of Persia (Japan);http://tinyurl.com/yqfuk8c2;280.0 MiB;ZIP;https://myrient.erista.me/files/Redump/Sega%20-%20Mega%20CD%20%26%20Sega%20CD/
Prince of Persia (USA);http://tinyurl.com/ynmasg3b;273.4 MiB;ZIP;https://myrient.erista.me/files/Redump/Sega%20-%20Mega%20CD%20%26%20Sega%20CD/
Prize Fighter (Europe) (Disc 1);http://tinyurl.com/ypz2xwv5;321.3 MiB;ZIP;https://myrient.erista.me/files/Redump/Sega%20-%20Mega%20CD%20%26%20Sega%20CD/
Prize Fighter (Europe) (Disc 2);http://tinyurl.com/yofymhke;373.3 MiB;ZIP;https://myrient.erista.me/files/Redump/Sega%20-%20Mega%20CD%20%26%20Sega%20CD/
Prize Fighter (Japan) (Disc 1);http://tinyurl.com/2xcwqsex;311.4 MiB;ZIP;https://myrient.erista.me/files/Redump/Sega%20-%20Mega%20CD%20%26%20Sega%20CD/
Prize Fighter (Japan) (Disc 2);http://tinyurl.com/ytovllb8;364.2 MiB;ZIP;https://myrient.erista.me/files/Redump/Sega%20-%20Mega%20CD%20%26%20Sega%20CD/
Prize Fighter (USA) (Disc 1) (Alt);http://tinyurl.com/yukmglco;321.2 MiB;ZIP;https://myrient.erista.me/files/Redump/Sega%20-%20Mega%20CD%20%26%20Sega%20CD/
Prize Fighter (USA) (Disc 1);http://tinyurl.com/ywgdm57z;321.2 MiB;ZIP;https://myrient.erista.me/files/Redump/Sega%20-%20Mega%20CD%20%26%20Sega%20CD/
Prize Fighter (USA) (Disc 2);http://tinyurl.com/ylcertph;365.7 MiB;ZIP;https://myrient.erista.me/files/Redump/Sega%20-%20Mega%20CD%20%26%20Sega%20CD/
Pro Yakyuu Super League CD (Japan);http://tinyurl.com/ylhjk3mb;97.9 MiB;ZIP;https://myrient.erista.me/files/Redump/Sega%20-%20Mega%20CD%20%26%20Sega%20CD/
Psychic Detective Series Vol. 3 - Aya (Japan) (Demo);http://tinyurl.com/ykcsm8ym;6.4 MiB;ZIP;https://myrient.erista.me/files/Redump/Sega%20-%20Mega%20CD%20%26%20Sega%20CD/
Psychic Detective Series Vol. 3 - Aya (Japan);http://tinyurl.com/ypjbfz5k;185.7 MiB;ZIP;https://myrient.erista.me/files/Redump/Sega%20-%20Mega%20CD%20%26%20Sega%20CD/
Psychic Detective Series Vol. 4 - Orgel (Japan);http://tinyurl.com/yuemeoav;207.6 MiB;ZIP;https://myrient.erista.me/files/Redump/Sega%20-%20Mega%20CD%20%26%20Sega%20CD/
Psygnosis Christmas Sampler (Europe) (Alt);http://tinyurl.com/ysmcfy3x;278.1 MiB;ZIP;https://myrient.erista.me/files/Redump/Sega%20-%20Mega%20CD%20%26%20Sega%20CD/
Psygnosis Christmas Sampler (Europe);http://tinyurl.com/ym7ozyoh;278.1 MiB;ZIP;https://myrient.erista.me/files/Redump/Sega%20-%20Mega%20CD%20%26%20Sega%20CD/
Puggsy (Europe);http://tinyurl.com/yp9u7rgv;422.0 MiB;ZIP;https://myrient.erista.me/files/Redump/Sega%20-%20Mega%20CD%20%26%20Sega%20CD/
Puggsy (USA);http://tinyurl.com/yrjc3zp9;422.0 MiB;ZIP;https://myrient.erista.me/files/Redump/Sega%20-%20Mega%20CD%20%26%20Sega%20CD/
Quiz Scramble Special (Japan) (Rev B);http://tinyurl.com/yrtlkwzu;117.1 MiB;ZIP;https://myrient.erista.me/files/Redump/Sega%20-%20Mega%20CD%20%26%20Sega%20CD/
Quiz Tonosama no Yabou (Japan);http://tinyurl.com/ylsto9u4;176.1 MiB;ZIP;https://myrient.erista.me/files/Redump/Sega%20-%20Mega%20CD%20%26%20Sega%20CD/
RDF - Global Conflict (USA);http://tinyurl.com/yvvzqgbc;257.0 MiB;ZIP;https://myrient.erista.me/files/Redump/Sega%20-%20Mega%20CD%20%26%20Sega%20CD/
Racing Aces (USA);http://tinyurl.com/yo8pprpb;248.5 MiB;ZIP;https://myrient.erista.me/files/Redump/Sega%20-%20Mega%20CD%20%26%20Sega%20CD/
Radical Rex (USA);http://tinyurl.com/ymbbxukj;238.8 MiB;ZIP;https://myrient.erista.me/files/Redump/Sega%20-%20Mega%20CD%20%26%20Sega%20CD/
Ranma 1-2 - Byakuranaika (Japan);http://tinyurl.com/ylnow3xa;369.3 MiB;ZIP;https://myrient.erista.me/files/Redump/Sega%20-%20Mega%20CD%20%26%20Sega%20CD/
Record of Lodoss War (Japan) (Demo);http://tinyurl.com/ym7ts4xn;127.7 MiB;ZIP;https://myrient.erista.me/files/Redump/Sega%20-%20Mega%20CD%20%26%20Sega%20CD/
Record of Lodoss War (Japan);http://tinyurl.com/yu743g8d;307.9 MiB;ZIP;https://myrient.erista.me/files/Redump/Sega%20-%20Mega%20CD%20%26%20Sega%20CD/
Revenge of the Ninja (USA);http://tinyurl.com/yurn5asm;179.6 MiB;ZIP;https://myrient.erista.me/files/Redump/Sega%20-%20Mega%20CD%20%26%20Sega%20CD/
Revengers of Vengeance (USA);http://tinyurl.com/yrdhbnwm;456.2 MiB;ZIP;https://myrient.erista.me/files/Redump/Sega%20-%20Mega%20CD%20%26%20Sega%20CD/
Rise of the Dragon (USA) (Rerelease) (RE);http://tinyurl.com/2xxns8h4;149.7 MiB;ZIP;https://myrient.erista.me/files/Redump/Sega%20-%20Mega%20CD%20%26%20Sega%20CD/
Rise of the Dragon (USA);http://tinyurl.com/ytxmj7aq;149.9 MiB;ZIP;https://myrient.erista.me/files/Redump/Sega%20-%20Mega%20CD%20%26%20Sega%20CD/
Rise of the Dragon - A Blade Hunter Mystery (Japan);http://tinyurl.com/ytvz5fon;172.7 MiB;ZIP;https://myrient.erista.me/files/Redump/Sega%20-%20Mega%20CD%20%26%20Sega%20CD/
Road Avenger (Europe);http://tinyurl.com/ytj3tqzl;168.4 MiB;ZIP;https://myrient.erista.me/files/Redump/Sega%20-%20Mega%20CD%20%26%20Sega%20CD/
Road Avenger (USA);http://tinyurl.com/ylc6x3w7;168.6 MiB;ZIP;https://myrient.erista.me/files/Redump/Sega%20-%20Mega%20CD%20%26%20Sega%20CD/
Road Blaster FX (Japan);http://tinyurl.com/yrbckfk8;168.6 MiB;ZIP;https://myrient.erista.me/files/Redump/Sega%20-%20Mega%20CD%20%26%20Sega%20CD/
Road Rash (USA);http://tinyurl.com/yktong8p;429.3 MiB;ZIP;https://myrient.erista.me/files/Redump/Sega%20-%20Mega%20CD%20%26%20Sega%20CD/
Robo Aleste (Europe);http://tinyurl.com/ywnsfmpw;464.1 MiB;ZIP;https://myrient.erista.me/files/Redump/Sega%20-%20Mega%20CD%20%26%20Sega%20CD/
Robo Aleste (USA);http://tinyurl.com/yo6lyjcu;463.8 MiB;ZIP;https://myrient.erista.me/files/Redump/Sega%20-%20Mega%20CD%20%26%20Sega%20CD/
Samurai Shodown (Europe) (Demo);http://tinyurl.com/yq5qctrk;577.3 MiB;ZIP;https://myrient.erista.me/files/Redump/Sega%20-%20Mega%20CD%20%26%20Sega%20CD/
Samurai Shodown (Europe);http://tinyurl.com/yu442hox;371.0 MiB;ZIP;https://myrient.erista.me/files/Redump/Sega%20-%20Mega%20CD%20%26%20Sega%20CD/
Samurai Shodown (USA) (RE);http://tinyurl.com/yvazjqlk;371.0 MiB;ZIP;https://myrient.erista.me/files/Redump/Sega%20-%20Mega%20CD%20%26%20Sega%20CD/
San Diego Zoo Presents... The Animals!, The (Europe);http://tinyurl.com/ykr5rcqs;410.2 MiB;ZIP;https://myrient.erista.me/files/Redump/Sega%20-%20Mega%20CD%20%26%20Sega%20CD/
San Diego Zoo Presents... The Animals!, The (USA);http://tinyurl.com/yqs3y4or;410.2 MiB;ZIP;https://myrient.erista.me/files/Redump/Sega%20-%20Mega%20CD%20%26%20Sega%20CD/
Sangokushi III (Japan);http://tinyurl.com/yw27ynwg;496.6 MiB;ZIP;https://myrient.erista.me/files/Redump/Sega%20-%20Mega%20CD%20%26%20Sega%20CD/
Secret of Monkey Island, The (Japan);http://tinyurl.com/ywq79c6l;382.5 MiB;ZIP;https://myrient.erista.me/files/Redump/Sega%20-%20Mega%20CD%20%26%20Sega%20CD/
Secret of Monkey Island, The (USA) (Limited Run Games);http://tinyurl.com/yquerr5g;378.4 MiB;ZIP;https://myrient.erista.me/files/Redump/Sega%20-%20Mega%20CD%20%26%20Sega%20CD/
Secret of Monkey Island, The (USA) (RE);http://tinyurl.com/yo798sgl;378.4 MiB;ZIP;https://myrient.erista.me/files/Redump/Sega%20-%20Mega%20CD%20%26%20Sega%20CD/
Sega CD Demo (Japan) (Proto);http://tinyurl.com/ys9y49wu;37.1 MiB;ZIP;https://myrient.erista.me/files/Redump/Sega%20-%20Mega%20CD%20%26%20Sega%20CD/
Sega Classic Arcade Collection - Limited Edition (Japan);http://tinyurl.com/yu4p9qro;172.7 MiB;ZIP;https://myrient.erista.me/files/Redump/Sega%20-%20Mega%20CD%20%26%20Sega%20CD/
Sega Classics Arcade Collection (USA) (4-in-1) (RE);http://tinyurl.com/ym3rfya3;172.7 MiB;ZIP;https://myrient.erista.me/files/Redump/Sega%20-%20Mega%20CD%20%26%20Sega%20CD/
Sega Classics Arcade Collection (USA) (4-in-1) (RE2);http://tinyurl.com/yo2wqboq;169.9 MiB;ZIP;https://myrient.erista.me/files/Redump/Sega%20-%20Mega%20CD%20%26%20Sega%20CD/
Sega Classics Arcade Collection (USA) (5-in-1);http://tinyurl.com/yl489cj8;169.9 MiB;ZIP;https://myrient.erista.me/files/Redump/Sega%20-%20Mega%20CD%20%26%20Sega%20CD/
Sega Classics Arcade Collection - Limited Edition (Europe) (Rev A) (Alt);http://tinyurl.com/yrwjtjb8;169.9 MiB;ZIP;https://myrient.erista.me/files/Redump/Sega%20-%20Mega%20CD%20%26%20Sega%20CD/
Sega Classics Arcade Collection - Limited Edition (Europe) (Rev A);http://tinyurl.com/ys9tex4t;169.9 MiB;ZIP;https://myrient.erista.me/files/Redump/Sega%20-%20Mega%20CD%20%26%20Sega%20CD/
Seima Densetsu 3x3 Eyes (Japan, Korea);http://tinyurl.com/yp6x4r2h;356.9 MiB;ZIP;https://myrient.erista.me/files/Redump/Sega%20-%20Mega%20CD%20%26%20Sega%20CD/
Seirei Shinseiki - Fhey Area (Japan);http://tinyurl.com/yttkgldh;478.2 MiB;ZIP;https://myrient.erista.me/files/Redump/Sega%20-%20Mega%20CD%20%26%20Sega%20CD/
Sengoku Denshou (Japan);http://tinyurl.com/yvugec55;257.2 MiB;ZIP;https://myrient.erista.me/files/Redump/Sega%20-%20Mega%20CD%20%26%20Sega%20CD/
Sensible Soccer (Europe) (Demo);http://tinyurl.com/ymwzaybj;199.7 MiB;ZIP;https://myrient.erista.me/files/Redump/Sega%20-%20Mega%20CD%20%26%20Sega%20CD/
Sensible Soccer (Europe);http://tinyurl.com/ymt447on;199.8 MiB;ZIP;https://myrient.erista.me/files/Redump/Sega%20-%20Mega%20CD%20%26%20Sega%20CD/
Sewer Shark (Europe);http://tinyurl.com/ytofoegn;312.3 MiB;ZIP;https://myrient.erista.me/files/Redump/Sega%20-%20Mega%20CD%20%26%20Sega%20CD/
Sewer Shark (USA) (Not for Resale) (Alt 1);http://tinyurl.com/ym48jtcj;312.3 MiB;ZIP;https://myrient.erista.me/files/Redump/Sega%20-%20Mega%20CD%20%26%20Sega%20CD/
Sewer Shark (USA) (Not for Resale) (Alt 2);http://tinyurl.com/2x87e4rk;312.3 MiB;ZIP;https://myrient.erista.me/files/Redump/Sega%20-%20Mega%20CD%20%26%20Sega%20CD/
Sewer Shark (USA) (Not for Resale);http://tinyurl.com/ylw3rmfp;312.3 MiB;ZIP;https://myrient.erista.me/files/Redump/Sega%20-%20Mega%20CD%20%26%20Sega%20CD/
Sewer Shark (USA) (Rev 1);http://tinyurl.com/ykur2kew;312.0 MiB;ZIP;https://myrient.erista.me/files/Redump/Sega%20-%20Mega%20CD%20%26%20Sega%20CD/
Sewer Shark (USA);http://tinyurl.com/yopnjeog;312.0 MiB;ZIP;https://myrient.erista.me/files/Redump/Sega%20-%20Mega%20CD%20%26%20Sega%20CD/
Shadow of the Beast II (USA);http://tinyurl.com/ymnemf89;304.1 MiB;ZIP;https://myrient.erista.me/files/Redump/Sega%20-%20Mega%20CD%20%26%20Sega%20CD/
Shadow of the Beast II - Juushin no Jubaku (Japan);http://tinyurl.com/ylweery4;400.9 MiB;ZIP;https://myrient.erista.me/files/Redump/Sega%20-%20Mega%20CD%20%26%20Sega%20CD/
Shadowrun (Japan);http://tinyurl.com/ykv4mpxb;193.3 MiB;ZIP;https://myrient.erista.me/files/Redump/Sega%20-%20Mega%20CD%20%26%20Sega%20CD/
Sherlock Holmes - Consulting Detective (Europe);http://tinyurl.com/ywv8gsjb;268.1 MiB;ZIP;https://myrient.erista.me/files/Redump/Sega%20-%20Mega%20CD%20%26%20Sega%20CD/
Sherlock Holmes - Consulting Detective (USA);http://tinyurl.com/ywe3krzv;272.7 MiB;ZIP;https://myrient.erista.me/files/Redump/Sega%20-%20Mega%20CD%20%26%20Sega%20CD/
Sherlock Holmes - Consulting Detective Vol. II (Europe) (Disc 1);http://tinyurl.com/yszbra4f;251.8 MiB;ZIP;https://myrient.erista.me/files/Redump/Sega%20-%20Mega%20CD%20%26%20Sega%20CD/
Sherlock Holmes - Consulting Detective Vol. II (Europe) (Disc 2);http://tinyurl.com/yv8hd8qa;146.7 MiB;ZIP;https://myrient.erista.me/files/Redump/Sega%20-%20Mega%20CD%20%26%20Sega%20CD/
Sherlock Holmes - Consulting Detective Vol. II (USA) (Disc 1);http://tinyurl.com/yvzqumjv;251.8 MiB;ZIP;https://myrient.erista.me/files/Redump/Sega%20-%20Mega%20CD%20%26%20Sega%20CD/
Sherlock Holmes - Consulting Detective Vol. II (USA) (Disc 2);http://tinyurl.com/yrbuay6s;146.7 MiB;ZIP;https://myrient.erista.me/files/Redump/Sega%20-%20Mega%20CD%20%26%20Sega%20CD/
Shin Megami Tensei (Japan);http://tinyurl.com/ykd4hxrw;370.9 MiB;ZIP;https://myrient.erista.me/files/Redump/Sega%20-%20Mega%20CD%20%26%20Sega%20CD/
Shining Force CD (Europe);http://tinyurl.com/ypak7fco;410.8 MiB;ZIP;https://myrient.erista.me/files/Redump/Sega%20-%20Mega%20CD%20%26%20Sega%20CD/
Shining Force CD (Japan);http://tinyurl.com/yu8h2oww;412.0 MiB;ZIP;https://myrient.erista.me/files/Redump/Sega%20-%20Mega%20CD%20%26%20Sega%20CD/
Shining Force CD (USA) (3R);http://tinyurl.com/yuylo4q7;410.8 MiB;ZIP;https://myrient.erista.me/files/Redump/Sega%20-%20Mega%20CD%20%26%20Sega%20CD/
Shining Force CD (USA) (5R, 6R);http://tinyurl.com/yvd8xkkl;410.8 MiB;ZIP;https://myrient.erista.me/files/Redump/Sega%20-%20Mega%20CD%20%26%20Sega%20CD/
Silpheed (Europe);http://tinyurl.com/ysplapdn;312.1 MiB;ZIP;https://myrient.erista.me/files/Redump/Sega%20-%20Mega%20CD%20%26%20Sega%20CD/
Silpheed (Japan) (Demo) (Fixed Dump);http://tinyurl.com/yre2y9j9;143.4 MiB;ZIP;https://myrient.erista.me/files/Redump/Sega%20-%20Mega%20CD%20%26%20Sega%20CD/
Silpheed (Japan) (Demo);http://tinyurl.com/ywkhrjn7;176.2 MiB;ZIP;https://myrient.erista.me/files/Redump/Sega%20-%20Mega%20CD%20%26%20Sega%20CD/
Silpheed (Japan);http://tinyurl.com/ymcox6c5;313.3 MiB;ZIP;https://myrient.erista.me/files/Redump/Sega%20-%20Mega%20CD%20%26%20Sega%20CD/
Silpheed (USA);http://tinyurl.com/ykr9c3aw;313.3 MiB;ZIP;https://myrient.erista.me/files/Redump/Sega%20-%20Mega%20CD%20%26%20Sega%20CD/
SimEarth (Japan);http://tinyurl.com/yqxp5deu;225.1 MiB;ZIP;https://myrient.erista.me/files/Redump/Sega%20-%20Mega%20CD%20%26%20Sega%20CD/
Sing!! Sega Game Music Presented by B. B. Queens (Japan);http://tinyurl.com/yveohjtb;361.1 MiB;ZIP;https://myrient.erista.me/files/Redump/Sega%20-%20Mega%20CD%20%26%20Sega%20CD/
Slam City with Scottie Pippen (Europe) (Disc 1) (Fingers) (Demo);http://tinyurl.com/ypo3s8px;387.1 MiB;ZIP;https://myrient.erista.me/files/Redump/Sega%20-%20Mega%20CD%20%26%20Sega%20CD/
Slam City with Scottie Pippen (Europe) (Disc 1) (Fingers) (Mega-CD 32X);http://tinyurl.com/ynelwhgm;518.4 MiB;ZIP;https://myrient.erista.me/files/Redump/Sega%20-%20Mega%20CD%20%26%20Sega%20CD/
Slam City with Scottie Pippen (Europe) (Disc 1) (Fingers);http://tinyurl.com/yw4y5rqz;484.5 MiB;ZIP;https://myrient.erista.me/files/Redump/Sega%20-%20Mega%20CD%20%26%20Sega%20CD/
Slam City with Scottie Pippen (Europe) (Disc 2) (Juice) (Mega-CD 32X);http://tinyurl.com/yrsdvq3h;503.2 MiB;ZIP;https://myrient.erista.me/files/Redump/Sega%20-%20Mega%20CD%20%26%20Sega%20CD/
Slam City with Scottie Pippen (Europe) (Disc 2) (Juice);http://tinyurl.com/yto549vb;470.3 MiB;ZIP;https://myrient.erista.me/files/Redump/Sega%20-%20Mega%20CD%20%26%20Sega%20CD/
Slam City with Scottie Pippen (Europe) (Disc 3) (Mad Dog) (Mega-CD 32X);http://tinyurl.com/yr3zeeod;508.8 MiB;ZIP;https://myrient.erista.me/files/Redump/Sega%20-%20Mega%20CD%20%26%20Sega%20CD/
Slam City with Scottie Pippen (Europe) (Disc 3) (Mad Dog);http://tinyurl.com/yvwonbyn;468.8 MiB;ZIP;https://myrient.erista.me/files/Redump/Sega%20-%20Mega%20CD%20%26%20Sega%20CD/
Slam City with Scottie Pippen (Europe) (Disc 4) (Smash) (Mega-CD 32X);http://tinyurl.com/2xyyfd2g;480.4 MiB;ZIP;https://myrient.erista.me/files/Redump/Sega%20-%20Mega%20CD%20%26%20Sega%20CD/
Slam City with Scottie Pippen (Europe) (Disc 4) (Smash);http://tinyurl.com/ytyx6bt5;446.3 MiB;ZIP;https://myrient.erista.me/files/Redump/Sega%20-%20Mega%20CD%20%26%20Sega%20CD/
Slam City with Scottie Pippen (USA) (Disc 1) (Fingers) (Sega CD 32X);http://tinyurl.com/yt7shw2u;518.4 MiB;ZIP;https://myrient.erista.me/files/Redump/Sega%20-%20Mega%20CD%20%26%20Sega%20CD/
Slam City with Scottie Pippen (USA) (Disc 1) (Fingers);http://tinyurl.com/yllgn43p;484.5 MiB;ZIP;https://myrient.erista.me/files/Redump/Sega%20-%20Mega%20CD%20%26%20Sega%20CD/
Slam City with Scottie Pippen (USA) (Disc 2) (Juice) (Sega CD 32X);http://tinyurl.com/yk7pmctu;503.2 MiB;ZIP;https://myrient.erista.me/files/Redump/Sega%20-%20Mega%20CD%20%26%20Sega%20CD/
Slam City with Scottie Pippen (USA) (Disc 3) (Mad Dog) (Sega CD 32X);http://tinyurl.com/ypxhpfkb;508.8 MiB;ZIP;https://myrient.erista.me/files/Redump/Sega%20-%20Mega%20CD%20%26%20Sega%20CD/
Slam City with Scottie Pippen (USA) (Disc 3) (Mad Dog);http://tinyurl.com/ylq7afv3;468.8 MiB;ZIP;https://myrient.erista.me/files/Redump/Sega%20-%20Mega%20CD%20%26%20Sega%20CD/
Slam City with Scottie Pippen (USA) (Disc 4) (Smash) (RE-1);http://tinyurl.com/ytsxevkn;446.3 MiB;ZIP;https://myrient.erista.me/files/Redump/Sega%20-%20Mega%20CD%20%26%20Sega%20CD/
Slam City with Scottie Pippen (USA) (Disc 4) (Smash) (Sega CD 32X);http://tinyurl.com/yv6joef4;480.4 MiB;ZIP;https://myrient.erista.me/files/Redump/Sega%20-%20Mega%20CD%20%26%20Sega%20CD/
Slam City with Scottie Pippen (USA, Brazil) (Disc 1) (Fingers) (RE-1);http://tinyurl.com/yrlwpxw8;484.5 MiB;ZIP;https://myrient.erista.me/files/Redump/Sega%20-%20Mega%20CD%20%26%20Sega%20CD/
Slam City with Scottie Pippen (USA, Brazil) (Disc 2) (Juice) (RE-1);http://tinyurl.com/yu4emm9c;470.2 MiB;ZIP;https://myrient.erista.me/files/Redump/Sega%20-%20Mega%20CD%20%26%20Sega%20CD/
Slam City with Scottie Pippen (USA, Brazil) (Disc 3) (Mad Dog) (RE-1);http://tinyurl.com/yrjdsuhb;468.8 MiB;ZIP;https://myrient.erista.me/files/Redump/Sega%20-%20Mega%20CD%20%26%20Sega%20CD/
Slam City with Scottie Pippen (USA, Brazil) (Disc 4) (Smash);http://tinyurl.com/yn3va8kz;446.3 MiB;ZIP;https://myrient.erista.me/files/Redump/Sega%20-%20Mega%20CD%20%26%20Sega%20CD/
Smurfs, The (Europe) (En,Fr,De,Es,It);http://tinyurl.com/yvs2dohu;289.4 MiB;ZIP;https://myrient.erista.me/files/Redump/Sega%20-%20Mega%20CD%20%26%20Sega%20CD/
Snatcher (Europe) (Beta);http://tinyurl.com/yownqhpu;489.4 MiB;ZIP;https://myrient.erista.me/files/Redump/Sega%20-%20Mega%20CD%20%26%20Sega%20CD/
Snatcher (Europe);http://tinyurl.com/yr4xu24e;489.4 MiB;ZIP;https://myrient.erista.me/files/Redump/Sega%20-%20Mega%20CD%20%26%20Sega%20CD/
Snatcher (USA);http://tinyurl.com/ywnc3tgu;489.4 MiB;ZIP;https://myrient.erista.me/files/Redump/Sega%20-%20Mega%20CD%20%26%20Sega%20CD/
Software Toolworks' Star Wars Chess, The (Europe);http://tinyurl.com/ymrzda9e;109.5 MiB;ZIP;https://myrient.erista.me/files/Redump/Sega%20-%20Mega%20CD%20%26%20Sega%20CD/
Software Toolworks' Star Wars Chess, The (USA) (Alt);http://tinyurl.com/ykvr7qek;109.5 MiB;ZIP;https://myrient.erista.me/files/Redump/Sega%20-%20Mega%20CD%20%26%20Sega%20CD/
Software Toolworks' Star Wars Chess, The (USA);http://tinyurl.com/yvgujkja;109.5 MiB;ZIP;https://myrient.erista.me/files/Redump/Sega%20-%20Mega%20CD%20%26%20Sega%20CD/
Sol-Feace (Europe) (Alt);http://tinyurl.com/ywy2fljn;427.1 MiB;ZIP;https://myrient.erista.me/files/Redump/Sega%20-%20Mega%20CD%20%26%20Sega%20CD/
Sol-Feace (Europe);http://tinyurl.com/yngsyz6l;427.1 MiB;ZIP;https://myrient.erista.me/files/Redump/Sega%20-%20Mega%20CD%20%26%20Sega%20CD/
Sol-Feace (Japan);http://tinyurl.com/yvepsc6t;489.7 MiB;ZIP;https://myrient.erista.me/files/Redump/Sega%20-%20Mega%20CD%20%26%20Sega%20CD/
Sol-Feace (USA) (RE);http://tinyurl.com/yqwa9na3;417.5 MiB;ZIP;https://myrient.erista.me/files/Redump/Sega%20-%20Mega%20CD%20%26%20Sega%20CD/
Sol-Feace (USA) (RE2);http://tinyurl.com/ykvd2vc4;417.5 MiB;ZIP;https://myrient.erista.me/files/Redump/Sega%20-%20Mega%20CD%20%26%20Sega%20CD/
Sonic CD (Europe) (Beta 1);http://tinyurl.com/yosx65vj;443.4 MiB;ZIP;https://myrient.erista.me/files/Redump/Sega%20-%20Mega%20CD%20%26%20Sega%20CD/
Sonic CD (Europe) (Beta 2);http://tinyurl.com/yohnlp4v;443.4 MiB;ZIP;https://myrient.erista.me/files/Redump/Sega%20-%20Mega%20CD%20%26%20Sega%20CD/
Sonic CD (Europe);http://tinyurl.com/yvd28vtv;443.2 MiB;ZIP;https://myrient.erista.me/files/Redump/Sega%20-%20Mega%20CD%20%26%20Sega%20CD/
Sonic CD (USA) (Alt);http://tinyurl.com/yn592j5z;448.8 MiB;ZIP;https://myrient.erista.me/files/Redump/Sega%20-%20Mega%20CD%20%26%20Sega%20CD/
Sonic CD (USA) (Beta);http://tinyurl.com/ymxz4nht;448.8 MiB;ZIP;https://myrient.erista.me/files/Redump/Sega%20-%20Mega%20CD%20%26%20Sega%20CD/
Sonic CD (USA) (RE125) (Alt);http://tinyurl.com/ypvsrbe9;448.8 MiB;ZIP;https://myrient.erista.me/files/Redump/Sega%20-%20Mega%20CD%20%26%20Sega%20CD/
Sonic CD (USA) (RE125);http://tinyurl.com/ys6k3mcm;448.8 MiB;ZIP;https://myrient.erista.me/files/Redump/Sega%20-%20Mega%20CD%20%26%20Sega%20CD/
Sonic CD (USA);http://tinyurl.com/ywygkgm6;448.8 MiB;ZIP;https://myrient.erista.me/files/Redump/Sega%20-%20Mega%20CD%20%26%20Sega%20CD/
Sonic MegaMix (USA) (Unl);http://tinyurl.com/ylxvwyry;10.0 MiB;ZIP;https://myrient.erista.me/files/Redump/Sega%20-%20Mega%20CD%20%26%20Sega%20CD/
Sonic The Hedgehog CD (Japan) (Beta 1);http://tinyurl.com/ykey4gag;444.3 MiB;ZIP;https://myrient.erista.me/files/Redump/Sega%20-%20Mega%20CD%20%26%20Sega%20CD/
Sonic The Hedgehog CD (Japan) (Beta 2);http://tinyurl.com/yvvnlw6y;443.4 MiB;ZIP;https://myrient.erista.me/files/Redump/Sega%20-%20Mega%20CD%20%26%20Sega%20CD/
Sonic The Hedgehog CD (Japan) (Demo);http://tinyurl.com/yomlbzxh;443.4 MiB;ZIP;https://myrient.erista.me/files/Redump/Sega%20-%20Mega%20CD%20%26%20Sega%20CD/
Sonic The Hedgehog CD (Japan);http://tinyurl.com/ymbftdf8;443.4 MiB;ZIP;https://myrient.erista.me/files/Redump/Sega%20-%20Mega%20CD%20%26%20Sega%20CD/
SoulStar & Battlecorps (Europe) (Demo);http://tinyurl.com/ypbuwpuo;144.0 MiB;ZIP;https://myrient.erista.me/files/Redump/Sega%20-%20Mega%20CD%20%26%20Sega%20CD/
SoulStar (Europe) (Demo);http://tinyurl.com/yvcs6hsn;87.6 MiB;ZIP;https://myrient.erista.me/files/Redump/Sega%20-%20Mega%20CD%20%26%20Sega%20CD/
SoulStar (Europe) (En,Fr,De);http://tinyurl.com/yszd52fx;503.3 MiB;ZIP;https://myrient.erista.me/files/Redump/Sega%20-%20Mega%20CD%20%26%20Sega%20CD/
SoulStar (Japan);http://tinyurl.com/ysp8gmlp;488.6 MiB;ZIP;https://myrient.erista.me/files/Redump/Sega%20-%20Mega%20CD%20%26%20Sega%20CD/
SoulStar (USA);http://tinyurl.com/yrdm76rb;503.3 MiB;ZIP;https://myrient.erista.me/files/Redump/Sega%20-%20Mega%20CD%20%26%20Sega%20CD/
Space Ace (USA) (Demo);http://tinyurl.com/2xejdvpa;4.2 MiB;ZIP;https://myrient.erista.me/files/Redump/Sega%20-%20Mega%20CD%20%26%20Sega%20CD/
Space Ace (USA);http://tinyurl.com/yn6pjze8;196.3 MiB;ZIP;https://myrient.erista.me/files/Redump/Sega%20-%20Mega%20CD%20%26%20Sega%20CD/
Space Adventure, The - Cobra - The Legendary Bandit (Europe);http://tinyurl.com/ykd5rq5h;158.5 MiB;ZIP;https://myrient.erista.me/files/Redump/Sega%20-%20Mega%20CD%20%26%20Sega%20CD/
Space Adventure, The - Cobra - The Legendary Bandit (USA);http://tinyurl.com/yop77lfe;158.5 MiB;ZIP;https://myrient.erista.me/files/Redump/Sega%20-%20Mega%20CD%20%26%20Sega%20CD/
Star Wars - Rebel Assault (Europe) (Demo) (Mega Power);http://tinyurl.com/ynbg6u8j;67.3 MiB;ZIP;https://myrient.erista.me/files/Redump/Sega%20-%20Mega%20CD%20%26%20Sega%20CD/
Star Wars - Rebel Assault (Europe) (Demo) (Sega Pro);http://tinyurl.com/ykvk5cdc;63.7 MiB;ZIP;https://myrient.erista.me/files/Redump/Sega%20-%20Mega%20CD%20%26%20Sega%20CD/
Star Wars - Rebel Assault (Europe);http://tinyurl.com/ylhfkqnn;270.9 MiB;ZIP;https://myrient.erista.me/files/Redump/Sega%20-%20Mega%20CD%20%26%20Sega%20CD/
Star Wars - Rebel Assault (Japan);http://tinyurl.com/ynngaoc5;270.9 MiB;ZIP;https://myrient.erista.me/files/Redump/Sega%20-%20Mega%20CD%20%26%20Sega%20CD/
Star Wars - Rebel Assault (USA) (Limited Run Games);http://tinyurl.com/yleyfx3r;270.9 MiB;ZIP;https://myrient.erista.me/files/Redump/Sega%20-%20Mega%20CD%20%26%20Sega%20CD/
Star Wars - Rebel Assault (USA);http://tinyurl.com/yswzx4vx;270.9 MiB;ZIP;https://myrient.erista.me/files/Redump/Sega%20-%20Mega%20CD%20%26%20Sega%20CD/
Starblade (Europe);http://tinyurl.com/ykbtd7v2;173.2 MiB;ZIP;https://myrient.erista.me/files/Redump/Sega%20-%20Mega%20CD%20%26%20Sega%20CD/
Starblade (Japan);http://tinyurl.com/yvq4ou6o;170.8 MiB;ZIP;https://myrient.erista.me/files/Redump/Sega%20-%20Mega%20CD%20%26%20Sega%20CD/
Starblade (USA);http://tinyurl.com/ym5twbfv;170.8 MiB;ZIP;https://myrient.erista.me/files/Redump/Sega%20-%20Mega%20CD%20%26%20Sega%20CD/
Stellar-Fire (USA);http://tinyurl.com/ym2fqht2;382.3 MiB;ZIP;https://myrient.erista.me/files/Redump/Sega%20-%20Mega%20CD%20%26%20Sega%20CD/
Super Strike Trilogy (USA) (Unl);http://tinyurl.com/yleton8q;309.3 MiB;ZIP;https://myrient.erista.me/files/Redump/Sega%20-%20Mega%20CD%20%26%20Sega%20CD/
Supreme Warrior (Europe) (Disc 1) (Mega-CD 32X);http://tinyurl.com/yrmwu6vt;421.3 MiB;ZIP;https://myrient.erista.me/files/Redump/Sega%20-%20Mega%20CD%20%26%20Sega%20CD/
Supreme Warrior (Europe) (Disc 1);http://tinyurl.com/ylm2nfxu;402.2 MiB;ZIP;https://myrient.erista.me/files/Redump/Sega%20-%20Mega%20CD%20%26%20Sega%20CD/
Supreme Warrior (Europe) (Disc 2) (Mega-CD 32X);http://tinyurl.com/yomhqrgd;416.0 MiB;ZIP;https://myrient.erista.me/files/Redump/Sega%20-%20Mega%20CD%20%26%20Sega%20CD/
Supreme Warrior (Europe) (Disc 2);http://tinyurl.com/yox85jj6;392.3 MiB;ZIP;https://myrient.erista.me/files/Redump/Sega%20-%20Mega%20CD%20%26%20Sega%20CD/
Supreme Warrior (USA) (Disc 1) (Fire & Earth) (Alt);http://tinyurl.com/yt6nvtn4;401.3 MiB;ZIP;https://myrient.erista.me/files/Redump/Sega%20-%20Mega%20CD%20%26%20Sega%20CD/
Supreme Warrior (USA) (Disc 1) (Fire & Earth) (Sega CD 32X);http://tinyurl.com/ys8scl97;421.3 MiB;ZIP;https://myrient.erista.me/files/Redump/Sega%20-%20Mega%20CD%20%26%20Sega%20CD/
Supreme Warrior (USA) (Disc 1) (Fire & Earth);http://tinyurl.com/yqqrubru;402.6 MiB;ZIP;https://myrient.erista.me/files/Redump/Sega%20-%20Mega%20CD%20%26%20Sega%20CD/
Supreme Warrior (USA) (Disc 2) (Wind & Fang Tu) (Sega CD 32X);http://tinyurl.com/yv8f6ajo;416.0 MiB;ZIP;https://myrient.erista.me/files/Redump/Sega%20-%20Mega%20CD%20%26%20Sega%20CD/
Supreme Warrior (USA) (Disc 2) (Wind & Fang Tu);http://tinyurl.com/yq5dzr2m;392.8 MiB;ZIP;https://myrient.erista.me/files/Redump/Sega%20-%20Mega%20CD%20%26%20Sega%20CD/
Surgical Strike (Brazil) (Sega CD 32X);http://tinyurl.com/ymkqjdjq;413.2 MiB;ZIP;https://myrient.erista.me/files/Redump/Sega%20-%20Mega%20CD%20%26%20Sega%20CD/
Surgical Strike (Europe);http://tinyurl.com/ym5c9ptb;388.4 MiB;ZIP;https://myrient.erista.me/files/Redump/Sega%20-%20Mega%20CD%20%26%20Sega%20CD/
Surgical Strike (Japan);http://tinyurl.com/yna37lhx;389.6 MiB;ZIP;https://myrient.erista.me/files/Redump/Sega%20-%20Mega%20CD%20%26%20Sega%20CD/
Surgical Strike (USA) (Alt);http://tinyurl.com/yqyz85da;388.4 MiB;ZIP;https://myrient.erista.me/files/Redump/Sega%20-%20Mega%20CD%20%26%20Sega%20CD/
Surgical Strike (USA);http://tinyurl.com/ywttsc5a;388.4 MiB;ZIP;https://myrient.erista.me/files/Redump/Sega%20-%20Mega%20CD%20%26%20Sega%20CD/
Switch (Japan);http://tinyurl.com/yss4wumy;367.0 MiB;ZIP;https://myrient.erista.me/files/Redump/Sega%20-%20Mega%20CD%20%26%20Sega%20CD/
Syndicate (Europe);http://tinyurl.com/ytexfbwc;288.6 MiB;ZIP;https://myrient.erista.me/files/Redump/Sega%20-%20Mega%20CD%20%26%20Sega%20CD/
Tenbu Mega CD Special (Japan);http://tinyurl.com/ynncqxsy;337.6 MiB;ZIP;https://myrient.erista.me/files/Redump/Sega%20-%20Mega%20CD%20%26%20Sega%20CD/
Tenkafubu - Eiyuutachi no Houkou (Japan);http://tinyurl.com/ync7vtte;447.8 MiB;ZIP;https://myrient.erista.me/files/Redump/Sega%20-%20Mega%20CD%20%26%20Sega%20CD/
Terminator, The (Europe);http://tinyurl.com/ykwbucy7;350.5 MiB;ZIP;https://myrient.erista.me/files/Redump/Sega%20-%20Mega%20CD%20%26%20Sega%20CD/
Terminator, The (USA);http://tinyurl.com/yknpwbhh;347.9 MiB;ZIP;https://myrient.erista.me/files/Redump/Sega%20-%20Mega%20CD%20%26%20Sega%20CD/
Theme Park (Europe);http://tinyurl.com/yo8cvpxd;95.5 MiB;ZIP;https://myrient.erista.me/files/Redump/Sega%20-%20Mega%20CD%20%26%20Sega%20CD/
Third World War (USA);http://tinyurl.com/yrfndoml;383.8 MiB;ZIP;https://myrient.erista.me/files/Redump/Sega%20-%20Mega%20CD%20%26%20Sega%20CD/
Thunder Storm FX (Japan);http://tinyurl.com/yvxad55h;88.0 MiB;ZIP;https://myrient.erista.me/files/Redump/Sega%20-%20Mega%20CD%20%26%20Sega%20CD/
Thunderhawk (Europe) (Demo) (Mega Power, Sega Pro);http://tinyurl.com/ys3umsdl;85.6 MiB;ZIP;https://myrient.erista.me/files/Redump/Sega%20-%20Mega%20CD%20%26%20Sega%20CD/
Thunderhawk (Europe) (Demo);http://tinyurl.com/yvvr6mn5;92.4 MiB;ZIP;https://myrient.erista.me/files/Redump/Sega%20-%20Mega%20CD%20%26%20Sega%20CD/
Thunderhawk (Europe) (En,Fr,De,Es) (RE);http://tinyurl.com/2xx3vonv;347.6 MiB;ZIP;https://myrient.erista.me/files/Redump/Sega%20-%20Mega%20CD%20%26%20Sega%20CD/
Thunderhawk (Japan) (Demo);http://tinyurl.com/ysq7b3as;80.3 MiB;ZIP;https://myrient.erista.me/files/Redump/Sega%20-%20Mega%20CD%20%26%20Sega%20CD/
Thunderhawk (Japan);http://tinyurl.com/ysmq59nw;324.2 MiB;ZIP;https://myrient.erista.me/files/Redump/Sega%20-%20Mega%20CD%20%26%20Sega%20CD/
Time Gal (Europe);http://tinyurl.com/yqdb9zfl;83.7 MiB;ZIP;https://myrient.erista.me/files/Redump/Sega%20-%20Mega%20CD%20%26%20Sega%20CD/
Time Gal (Japan);http://tinyurl.com/ymao4drd;87.2 MiB;ZIP;https://myrient.erista.me/files/Redump/Sega%20-%20Mega%20CD%20%26%20Sega%20CD/
Time Gal (USA);http://tinyurl.com/yuaqmg72;83.7 MiB;ZIP;https://myrient.erista.me/files/Redump/Sega%20-%20Mega%20CD%20%26%20Sega%20CD/
TimeCop (Europe) (Demo);http://tinyurl.com/ytn7kljq;12.4 MiB;ZIP;https://myrient.erista.me/files/Redump/Sega%20-%20Mega%20CD%20%26%20Sega%20CD/
Tomcat Alley (Australia);http://tinyurl.com/ymcenr4b;462.2 MiB;ZIP;https://myrient.erista.me/files/Redump/Sega%20-%20Mega%20CD%20%26%20Sega%20CD/
Tomcat Alley (Europe);http://tinyurl.com/yozfdopq;462.2 MiB;ZIP;https://myrient.erista.me/files/Redump/Sega%20-%20Mega%20CD%20%26%20Sega%20CD/
Tomcat Alley (France);http://tinyurl.com/ytb7grg7;427.5 MiB;ZIP;https://myrient.erista.me/files/Redump/Sega%20-%20Mega%20CD%20%26%20Sega%20CD/
Tomcat Alley (Germany);http://tinyurl.com/yn85zr5r;427.4 MiB;ZIP;https://myrient.erista.me/files/Redump/Sega%20-%20Mega%20CD%20%26%20Sega%20CD/
Tomcat Alley (Japan);http://tinyurl.com/ykn4p2dq;426.7 MiB;ZIP;https://myrient.erista.me/files/Redump/Sega%20-%20Mega%20CD%20%26%20Sega%20CD/
Tomcat Alley (Spain);http://tinyurl.com/yptkzcho;427.5 MiB;ZIP;https://myrient.erista.me/files/Redump/Sega%20-%20Mega%20CD%20%26%20Sega%20CD/
Tomcat Alley (USA) (Alt);http://tinyurl.com/yuzvfll9;462.2 MiB;ZIP;https://myrient.erista.me/files/Redump/Sega%20-%20Mega%20CD%20%26%20Sega%20CD/
Tomcat Alley (USA);http://tinyurl.com/yszurlyk;462.8 MiB;ZIP;https://myrient.erista.me/files/Redump/Sega%20-%20Mega%20CD%20%26%20Sega%20CD/
Trivial Pursuit (USA);http://tinyurl.com/yl9sh6t3;290.1 MiB;ZIP;https://myrient.erista.me/files/Redump/Sega%20-%20Mega%20CD%20%26%20Sega%20CD/
Ultraverse Prime (USA);http://tinyurl.com/youtmdvs;364.6 MiB;ZIP;https://myrient.erista.me/files/Redump/Sega%20-%20Mega%20CD%20%26%20Sega%20CD/
Urusei Yatsura - Dear My Friends (Japan) (Demo);http://tinyurl.com/yskleybz;26.3 MiB;ZIP;https://myrient.erista.me/files/Redump/Sega%20-%20Mega%20CD%20%26%20Sega%20CD/
Urusei Yatsura - Dear My Friends (Japan);http://tinyurl.com/yp3yeksm;187.2 MiB;ZIP;https://myrient.erista.me/files/Redump/Sega%20-%20Mega%20CD%20%26%20Sega%20CD/
Vay (USA);http://tinyurl.com/2x9wbaf3;307.0 MiB;ZIP;https://myrient.erista.me/files/Redump/Sega%20-%20Mega%20CD%20%26%20Sega%20CD/
Vay - Ryuusei no Yoroi (Japan);http://tinyurl.com/ypkbko58;245.9 MiB;ZIP;https://myrient.erista.me/files/Redump/Sega%20-%20Mega%20CD%20%26%20Sega%20CD/
WWF - Rage in the Cage (Europe);http://tinyurl.com/yu9mzx8q;85.8 MiB;ZIP;https://myrient.erista.me/files/Redump/Sega%20-%20Mega%20CD%20%26%20Sega%20CD/
WWF - Rage in the Cage (USA);http://tinyurl.com/ynxk7j39;85.8 MiB;ZIP;https://myrient.erista.me/files/Redump/Sega%20-%20Mega%20CD%20%26%20Sega%20CD/
WWF Mania Tour - WWF - Rage in the Cage (Japan);http://tinyurl.com/ymbajb62;85.8 MiB;ZIP;https://myrient.erista.me/files/Redump/Sega%20-%20Mega%20CD%20%26%20Sega%20CD/
Wakusei Woodstock - Funky Horror Band (Japan);http://tinyurl.com/ylkabmvu;161.5 MiB;ZIP;https://myrient.erista.me/files/Redump/Sega%20-%20Mega%20CD%20%26%20Sega%20CD/
Warau Salesman (Japan);http://tinyurl.com/ysflvtnu;114.0 MiB;ZIP;https://myrient.erista.me/files/Redump/Sega%20-%20Mega%20CD%20%26%20Sega%20CD/
What is X'Eye Multi Entertainment System (USA);http://tinyurl.com/ytqcvmdc;83.8 MiB;ZIP;https://myrient.erista.me/files/Redump/Sega%20-%20Mega%20CD%20%26%20Sega%20CD/
Wheel of Fortune (USA);http://tinyurl.com/yrdgu4z5;109.2 MiB;ZIP;https://myrient.erista.me/files/Redump/Sega%20-%20Mega%20CD%20%26%20Sega%20CD/
Who Shot Johnny Rock (USA);http://tinyurl.com/2xee3tg4;198.4 MiB;ZIP;https://myrient.erista.me/files/Redump/Sega%20-%20Mega%20CD%20%26%20Sega%20CD/
Wild Woody (USA);http://tinyurl.com/ylat3wa8;398.0 MiB;ZIP;https://myrient.erista.me/files/Redump/Sega%20-%20Mega%20CD%20%26%20Sega%20CD/
Wing Commander (Japan);http://tinyurl.com/ywszlf5q;313.6 MiB;ZIP;https://myrient.erista.me/files/Redump/Sega%20-%20Mega%20CD%20%26%20Sega%20CD/
Wing Commander (USA);http://tinyurl.com/ywln9rwy;304.2 MiB;ZIP;https://myrient.erista.me/files/Redump/Sega%20-%20Mega%20CD%20%26%20Sega%20CD/
Winning Post (Japan);http://tinyurl.com/yksxmgha;108.3 MiB;ZIP;https://myrient.erista.me/files/Redump/Sega%20-%20Mega%20CD%20%26%20Sega%20CD/
WireHead (Europe) (Beta);http://tinyurl.com/yotphvxj;293 B;ZIP;https://myrient.erista.me/files/Redump/Sega%20-%20Mega%20CD%20%26%20Sega%20CD/
WireHead (USA);http://tinyurl.com/ywawkj2u;488.8 MiB;ZIP;https://myrient.erista.me/files/Redump/Sega%20-%20Mega%20CD%20%26%20Sega%20CD/
Wolfchild (Europe);http://tinyurl.com/ynnbxm2w;322.3 MiB;ZIP;https://myrient.erista.me/files/Redump/Sega%20-%20Mega%20CD%20%26%20Sega%20CD/
Wolfchild (Japan);http://tinyurl.com/yn2ovrfn;322.3 MiB;ZIP;https://myrient.erista.me/files/Redump/Sega%20-%20Mega%20CD%20%26%20Sega%20CD/
Wolfchild (USA);http://tinyurl.com/ys4v9krq;322.3 MiB;ZIP;https://myrient.erista.me/files/Redump/Sega%20-%20Mega%20CD%20%26%20Sega%20CD/
Wonder Dog (Europe);http://tinyurl.com/yogu4dpy;490.1 MiB;ZIP;https://myrient.erista.me/files/Redump/Sega%20-%20Mega%20CD%20%26%20Sega%20CD/
Wonder Dog (Japan);http://tinyurl.com/ykwa5x95;482.4 MiB;ZIP;https://myrient.erista.me/files/Redump/Sega%20-%20Mega%20CD%20%26%20Sega%20CD/
Wonder Dog (USA) (RE);http://tinyurl.com/ys6lty4o;490.1 MiB;ZIP;https://myrient.erista.me/files/Redump/Sega%20-%20Mega%20CD%20%26%20Sega%20CD/
WonderMega Collection (Japan) (Rev 2);http://tinyurl.com/yu6fekn5;496.2 MiB;ZIP;https://myrient.erista.me/files/Redump/Sega%20-%20Mega%20CD%20%26%20Sega%20CD/
World Cup USA '94 (Europe);http://tinyurl.com/ymud46hl;482.3 MiB;ZIP;https://myrient.erista.me/files/Redump/Sega%20-%20Mega%20CD%20%26%20Sega%20CD/
World Cup USA '94 (USA);http://tinyurl.com/yv4bxt42;482.3 MiB;ZIP;https://myrient.erista.me/files/Redump/Sega%20-%20Mega%20CD%20%26%20Sega%20CD/
Yumemi Mystery Mansion (Australia);http://tinyurl.com/yluqvhqq;282.2 MiB;ZIP;https://myrient.erista.me/files/Redump/Sega%20-%20Mega%20CD%20%26%20Sega%20CD/
Yumemi Mystery Mansion (Europe) (Made in EU);http://tinyurl.com/yrzxf2b8;282.2 MiB;ZIP;https://myrient.erista.me/files/Redump/Sega%20-%20Mega%20CD%20%26%20Sega%20CD/
Yumemi Mystery Mansion (Europe) (Made in Japan);http://tinyurl.com/ytutgk6f;282.2 MiB;ZIP;https://myrient.erista.me/files/Redump/Sega%20-%20Mega%20CD%20%26%20Sega%20CD/
Yumemi Yakata no Monogatari (Japan) (Demo);http://tinyurl.com/yvyp4pm5;303.7 MiB;ZIP;https://myrient.erista.me/files/Redump/Sega%20-%20Mega%20CD%20%26%20Sega%20CD/
Yumemi Yakata no Monogatari (Japan);http://tinyurl.com/yuxfcnlc;303.7 MiB;ZIP;https://myrient.erista.me/files/Redump/Sega%20-%20Mega%20CD%20%26%20Sega%20CD/
Yumimi Mix (Japan);http://tinyurl.com/ynfd9unx;162.3 MiB;ZIP;https://myrient.erista.me/files/Redump/Sega%20-%20Mega%20CD%20%26%20Sega%20CD/
