Mat Hoffman's Pro BMX 2.7z;https://tinyurl.com/27pk4kv5;1.22 GiB;7z;https://archive.org/download/gamecubeeuroperedump;zip
Medabots Infinity.7z;https://tinyurl.com/2bnur8rz;1.17 GiB;7z;https://archive.org/download/gamecubeeuroperedump;zip
Medal of Honor - European Assault.7z;https://tinyurl.com/23r9fxyp;911.62 MiB;7z;https://archive.org/download/gamecubeeuroperedump;zip
Medal of Honor - Frontline.7z;https://tinyurl.com/2bved55y;600.02 MiB;7z;https://archive.org/download/gamecubeeuroperedump;zip
Medal of Honor - Rising Sun.7z;https://tinyurl.com/2cmekqc6;1.64 GiB;7z;https://archive.org/download/gamecubeeuroperedump;zip
Mega Man - Network Transmission.7z;https://tinyurl.com/2bl4sobd;1.22 GiB;7z;https://archive.org/download/gamecubeeuroperedump;zip
Mega Man X - Command Mission.7z;https://tinyurl.com/23tl8mfe;613.46 MiB;7z;https://archive.org/download/gamecubeeuroperedump;zip
Men in Black II - Alien Escape.7z;https://tinyurl.com/2dyeokfp;787.29 MiB;7z;https://archive.org/download/gamecubeeuroperedump;zip
Metal Arms - Glitch in the System.7z;https://tinyurl.com/254qcbmw;1.10 GiB;7z;https://archive.org/download/gamecubeeuroperedump;zip
Metal Gear Solid - The Twin Snake.7z;https://tinyurl.com/27xhhshq;2.44 GiB;7z;https://archive.org/download/gamecubeeuroperedump;zip
Metroid Prime 2 - Echoes.7z;https://tinyurl.com/yde6zy57;1.00 GiB;7z;https://archive.org/download/gamecubeeuroperedump;zip
Metroid Prime.7z;https://tinyurl.com/y893nwps;941.65 MiB;7z;https://archive.org/download/gamecubeeuroperedump;zip
Micro Machines.7z;https://tinyurl.com/25yc6z33;1.16 GiB;7z;https://archive.org/download/gamecubeeuroperedump;zip
Minority Report - Everybody Runs.7z;https://tinyurl.com/23q72ssz;1.10 GiB;7z;https://archive.org/download/gamecubeeuroperedump;zip
Mission - Impossible - Operation Surma.7z;https://tinyurl.com/24n7ce4g;1013.71 MiB;7z;https://archive.org/download/gamecubeeuroperedump;zip
Monopoly Party.7z;https://tinyurl.com/26pqtz62;1.10 GiB;7z;https://archive.org/download/gamecubeeuroperedump;zip
Monster House.7z;https://tinyurl.com/24u2oyb8;1.07 GiB;7z;https://archive.org/download/gamecubeeuroperedump;zip
Monster Jam - Maximum Destruction.7z;https://tinyurl.com/29fwfgru;1.18 GiB;7z;https://archive.org/download/gamecubeeuroperedump;zip
Mortal Kombat - Deadly Alliance.7z;https://tinyurl.com/2dl5gov2;983.22 MiB;7z;https://archive.org/download/gamecubeeuroperedump;zip
Mystic Heroes.7z;https://tinyurl.com/2yftuef8;1.13 GiB;7z;https://archive.org/download/gamecubeeuroperedump;zip
NBA 2K3.7z;https://tinyurl.com/29cz9n8y;1.18 GiB;7z;https://archive.org/download/gamecubeeuroperedump;zip
NBA Courtside 2002.7z;https://tinyurl.com/2xsasjrw;959.29 MiB;7z;https://archive.org/download/gamecubeeuroperedump;zip
NBA Live 06.7z;https://tinyurl.com/26mcnoj6;925.01 MiB;7z;https://archive.org/download/gamecubeeuroperedump;zip
NBA Live 2003.7z;https://tinyurl.com/29jdlaeq;1.09 GiB;7z;https://archive.org/download/gamecubeeuroperedump;zip
NBA Live 2004.7z;https://tinyurl.com/2xjoujb9;958.81 MiB;7z;https://archive.org/download/gamecubeeuroperedump;zip
NBA Live 2005.7z;https://tinyurl.com/2d2ayako;1010.25 MiB;7z;https://archive.org/download/gamecubeeuroperedump;zip
NBA Street V3.7z;https://tinyurl.com/2dgxozy8;1.11 GiB;7z;https://archive.org/download/gamecubeeuroperedump;zip
NBA Street Vol. 2.7z;https://tinyurl.com/25mqz2sb;919.86 MiB;7z;https://archive.org/download/gamecubeeuroperedump;zip
NFL 2K3.7z;https://tinyurl.com/2592rser;822.85 MiB;7z;https://archive.org/download/gamecubeeuroperedump;zip
NFL Street 2.7z;https://tinyurl.com/2527g882;752.29 MiB;7z;https://archive.org/download/gamecubeeuroperedump;zip
NFL Street.7z;https://tinyurl.com/26acjufk;1.00 GiB;7z;https://archive.org/download/gamecubeeuroperedump;zip
NHL 06.7z;https://tinyurl.com/27jr54uk;1.02 GiB;7z;https://archive.org/download/gamecubeeuroperedump;zip
NHL 2003.7z;https://tinyurl.com/2xofhv5k;1.15 GiB;7z;https://archive.org/download/gamecubeeuroperedump;zip
NHL 2004.7z;https://tinyurl.com/2bz4rprx;1.14 GiB;7z;https://archive.org/download/gamecubeeuroperedump;zip
NHL 2005.7z;https://tinyurl.com/23lgfhy7;1.09 GiB;7z;https://archive.org/download/gamecubeeuroperedump;zip
NHL 2K3.7z;https://tinyurl.com/26ychyte;1.11 GiB;7z;https://archive.org/download/gamecubeeuroperedump;zip
NHL Hitz 2002.7z;https://tinyurl.com/22gphldz;1.14 GiB;7z;https://archive.org/download/gamecubeeuroperedump;zip
NHL Hitz 2003.7z;https://tinyurl.com/2y8kdw6x;1.03 GiB;7z;https://archive.org/download/gamecubeeuroperedump;zip
Namco Museum 50th Anniversary.7z;https://tinyurl.com/2bdx2zu6;1.25 GiB;7z;https://archive.org/download/gamecubeeuroperedump;zip
Naruto - Clash of Ninja.7z;https://tinyurl.com/2bqnpqan;1.21 GiB;7z;https://archive.org/download/gamecubeeuroperedump;zip
Need for Speed - Carbon.7z;https://tinyurl.com/26k7wg6p;978.68 MiB;7z;https://archive.org/download/gamecubeeuroperedump;zip
Need for Speed - Hot Pursuit 2.7z;https://tinyurl.com/25c2sqw7;1013.94 MiB;7z;https://archive.org/download/gamecubeeuroperedump;zip
Need for Speed - Most Wanted.7z;https://tinyurl.com/24xgjb4q;1003.52 MiB;7z;https://archive.org/download/gamecubeeuroperedump;zip
Need for Speed - Underground 2.7z;https://tinyurl.com/26gqqmjt;970.36 MiB;7z;https://archive.org/download/gamecubeeuroperedump;zip
Need for Speed - Underground.7z;https://tinyurl.com/247buvbz;1.01 GiB;7z;https://archive.org/download/gamecubeeuroperedump;zip
Nick Jr. Dora the Explorer - Journey to the Purple Planet.7z;https://tinyurl.com/27vr8wy6;334.40 MiB;7z;https://archive.org/download/gamecubeeuroperedump;zip
Nickelodeon Avatar - The Legend of Aang.7z;https://tinyurl.com/28srzha4;1.01 GiB;7z;https://archive.org/download/gamecubeeuroperedump;zip
Nickelodeon Barnyard.7z;https://tinyurl.com/28f3s9tk;1.07 GiB;7z;https://archive.org/download/gamecubeeuroperedump;zip
Nickelodeon Jimmy Neutron - Boy Genius - Attack of the Twonkies.7z;https://tinyurl.com/2bjx4fvw;1007.10 MiB;7z;https://archive.org/download/gamecubeeuroperedump;zip
Nickelodeon Jimmy Neutron - Boy Genius.7z;https://tinyurl.com/2aasxqoe;1.14 GiB;7z;https://archive.org/download/gamecubeeuroperedump;zip
Nickelodeon Party Blast.7z;https://tinyurl.com/26fvgweu;869.19 MiB;7z;https://archive.org/download/gamecubeeuroperedump;zip
Nickelodeon Rocket Power - Beach Bandits.7z;https://tinyurl.com/2arwtror;1.10 GiB;7z;https://archive.org/download/gamecubeeuroperedump;zip
Nickelodeon Rugrats - Royal Ransom.7z;https://tinyurl.com/2b8nk25b;639.84 MiB;7z;https://archive.org/download/gamecubeeuroperedump;zip
Nickelodeon SpongeBob SquarePants - Creature from the Krusty Krab.7z;https://tinyurl.com/25jqh4av;604.20 MiB;7z;https://archive.org/download/gamecubeeuroperedump;zip
Nickelodeon SpongeBob SquarePants - Lights, Camera, Pants!.7z;https://tinyurl.com/2562qtue;760.37 MiB;7z;https://archive.org/download/gamecubeeuroperedump;zip
Nickelodeon SpongeBob SquarePants - Revenge of the Flying Dutchman.7z;https://tinyurl.com/2ylfrgez;1.18 GiB;7z;https://archive.org/download/gamecubeeuroperedump;zip
Nickelodeon SpongeBob SquarePants - The Movie.7z;https://tinyurl.com/2226hns2;1.14 GiB;7z;https://archive.org/download/gamecubeeuroperedump;zip
Nickelodeon SpongeBob SquarePants and Friends Unite!.7z;https://tinyurl.com/286hu9cu;1.19 GiB;7z;https://archive.org/download/gamecubeeuroperedump;zip
Nickelodeon SpongeBob SquarePants in - Battle for Bikini Bottom.7z;https://tinyurl.com/2cpelotj;839.39 MiB;7z;https://archive.org/download/gamecubeeuroperedump;zip
Nickelodeon Tak - The Great Juju Challenge.7z;https://tinyurl.com/25u3yz4j;1.06 GiB;7z;https://archive.org/download/gamecubeeuroperedump;zip
Nickelodeon Tak 2 - The Staff of Dreams.7z;https://tinyurl.com/225knhev;991.35 MiB;7z;https://archive.org/download/gamecubeeuroperedump;zip
Nickelodeon The Adventures of Jimmy Neutron - Boy Genius - Jet Fusion.7z;https://tinyurl.com/225vamxa;892.69 MiB;7z;https://archive.org/download/gamecubeeuroperedump;zip
Odama.7z;https://tinyurl.com/27j9fjbx;1.18 GiB;7z;https://archive.org/download/gamecubeeuroperedump;zip
Open Season.7z;https://tinyurl.com/252w87su;897.61 MiB;7z;https://archive.org/download/gamecubeeuroperedump;zip
Outlaw Golf.7z;https://tinyurl.com/2d6fw3sf;1.16 GiB;7z;https://archive.org/download/gamecubeeuroperedump;zip
P.N. 03.7z;https://tinyurl.com/23kvpvek;1.05 GiB;7z;https://archive.org/download/gamecubeeuroperedump;zip
Pac-Man Vs..7z;https://tinyurl.com/22n36nxn;1.35 GiB;7z;https://archive.org/download/gamecubeeuroperedump;zip
Pac-Man World 2.7z;https://tinyurl.com/2ylqekwu;1.17 GiB;7z;https://archive.org/download/gamecubeeuroperedump;zip
Pac-Man World 3.7z;https://tinyurl.com/2cypy87q;907.88 MiB;7z;https://archive.org/download/gamecubeeuroperedump;zip
Paper Mario - The Thousand-Year Door.7z;https://tinyurl.com/2dyb6tvl;1.05 GiB;7z;https://archive.org/download/gamecubeeuroperedump;zip
Peter Jackson's King Kong - The Official Game of the Movie.7z;https://tinyurl.com/2xplepsv;988.61 MiB;7z;https://archive.org/download/gamecubeeuroperedump;zip
Phantasy Star Online Episode I & II.7z;https://tinyurl.com/29ueunt9;878.30 MiB;7z;https://archive.org/download/gamecubeeuroperedump;zip
Phantasy Star Online Episode III - C.A.R.D. Revolution.7z;https://tinyurl.com/265wjn6l;957.99 MiB;7z;https://archive.org/download/gamecubeeuroperedump;zip
Pikmin 2.7z;https://tinyurl.com/2alf5c3e;1.12 GiB;7z;https://archive.org/download/gamecubeeuroperedump;zip
Pikmin.7z;https://tinyurl.com/235hgao5;1.22 GiB;7z;https://archive.org/download/gamecubeeuroperedump;zip
Pitfall - The Lost Expedition.7z;https://tinyurl.com/2584xepo;1.10 GiB;7z;https://archive.org/download/gamecubeeuroperedump;zip
Pokemon Box - Ruby & Sapphire.7z;https://tinyurl.com/296en2m4;1.04 GiB;7z;https://archive.org/download/gamecubeeuroperedump;zip
Pokemon Channel.7z;https://tinyurl.com/2dbkoap9;1.11 GiB;7z;https://archive.org/download/gamecubeeuroperedump;zip
Pokemon XD - Gale of Darkness.7z;https://tinyurl.com/273s5vkz;1.01 GiB;7z;https://archive.org/download/gamecubeeuroperedump;zip
Pool Paradise.7z;https://tinyurl.com/249d4g6s;1.26 GiB;7z;https://archive.org/download/gamecubeeuroperedump;zip
Power Rangers - Dino Thunder.7z;https://tinyurl.com/2383ce62;1.19 GiB;7z;https://archive.org/download/gamecubeeuroperedump;zip
Prince of Persia - The Sands of Time.7z;https://tinyurl.com/22a7q5p5;1.15 GiB;7z;https://archive.org/download/gamecubeeuroperedump;zip
Prince of Persia - The Two Thrones.7z;https://tinyurl.com/2578nokp;1.01 GiB;7z;https://archive.org/download/gamecubeeuroperedump;zip
Prince of Persia - Warrior Within.7z;https://tinyurl.com/26m96y22;1002.62 MiB;7z;https://archive.org/download/gamecubeeuroperedump;zip
Pro Rally 2002.7z;https://tinyurl.com/25e42brh;997.88 MiB;7z;https://archive.org/download/gamecubeeuroperedump;zip
Pro Tennis WTA Tour.7z;https://tinyurl.com/22m7twso;1.20 GiB;7z;https://archive.org/download/gamecubeeuroperedump;zip
Puyo Pop Fever.7z;https://tinyurl.com/29va7ey8;983.99 MiB;7z;https://archive.org/download/gamecubeeuroperedump;zip
R-Racing.7z;https://tinyurl.com/27y99s5l;1.02 GiB;7z;https://archive.org/download/gamecubeeuroperedump;zip
Rally Championship.7z;https://tinyurl.com/24ehtn3m;1.21 GiB;7z;https://archive.org/download/gamecubeeuroperedump;zip
Rayman 3 - Hoodlum Havoc.7z;https://tinyurl.com/2yocaoer;961.92 MiB;7z;https://archive.org/download/gamecubeeuroperedump;zip
Red Faction II.7z;https://tinyurl.com/25frlp4f;814.68 MiB;7z;https://archive.org/download/gamecubeeuroperedump;zip
RedCard.7z;https://tinyurl.com/2ybv228p;1.01 GiB;7z;https://archive.org/download/gamecubeeuroperedump;zip
Reign of Fire.7z;https://tinyurl.com/25urqhpe;625.10 MiB;7z;https://archive.org/download/gamecubeeuroperedump;zip
Resident Evil - Code - Veronica X.7z;https://tinyurl.com/2879m9xp;2.01 GiB;7z;https://archive.org/download/gamecubeeuroperedump;zip
Resident Evil 2.7z;https://tinyurl.com/2ywh3tty;1.05 GiB;7z;https://archive.org/download/gamecubeeuroperedump;zip
Resident Evil 3 - Nemesis.7z;https://tinyurl.com/28v9tu7u;1.01 GiB;7z;https://archive.org/download/gamecubeeuroperedump;zip
Resident Evil 4 (Bonus Disc).7z;https://tinyurl.com/24cd5eo8;1.17 GiB;7z;https://archive.org/download/gamecubeeuroperedump;zip
Resident Evil 4.7z;https://tinyurl.com/22glwute;1.53 GiB;7z;https://archive.org/download/gamecubeeuroperedump;zip
Resident Evil Zero.7z;https://tinyurl.com/2ctkjz4a;1.80 GiB;7z;https://archive.org/download/gamecubeeuroperedump;zip
Resident Evil.7z;https://tinyurl.com/25zrmnls;1.57 GiB;7z;https://archive.org/download/gamecubeeuroperedump;zip
Ribbit King.7z;https://tinyurl.com/27le6rne;698.51 MiB;7z;https://archive.org/download/gamecubeeuroperedump;zip
Robotech - Battlecry.7z;https://tinyurl.com/23g85jk9;1.07 GiB;7z;https://archive.org/download/gamecubeeuroperedump;zip
Robots.7z;https://tinyurl.com/2bjotfjr;1.04 GiB;7z;https://archive.org/download/gamecubeeuroperedump;zip
Rocky.7z;https://tinyurl.com/23n3h6ry;1.14 GiB;7z;https://archive.org/download/gamecubeeuroperedump;zip
Rogue Ops.7z;https://tinyurl.com/2cap43qw;1.00 GiB;7z;https://archive.org/download/gamecubeeuroperedump;zip
SRS - Street Racing Syndicate.7z;https://tinyurl.com/2b2kxeje;998.74 MiB;7z;https://archive.org/download/gamecubeeuroperedump;zip
SSX 3.7z;https://tinyurl.com/2dzu7qyh;1.02 GiB;7z;https://archive.org/download/gamecubeeuroperedump;zip
SSX On Tour.7z;https://tinyurl.com/23cqwqxd;1.17 GiB;7z;https://archive.org/download/gamecubeeuroperedump;zip
SSX Tricky.7z;https://tinyurl.com/2c3tpgk7;1.00 GiB;7z;https://archive.org/download/gamecubeeuroperedump;zip
SX Superstar.7z;https://tinyurl.com/28y9kbvw;1.07 GiB;7z;https://archive.org/download/gamecubeeuroperedump;zip
Samurai Jack - The Shadow of Aku.7z;https://tinyurl.com/22kvfel9;1.05 GiB;7z;https://archive.org/download/gamecubeeuroperedump;zip
Scooby-Doo! Mystery Mayhem.7z;https://tinyurl.com/2dekp99m;867.58 MiB;7z;https://archive.org/download/gamecubeeuroperedump;zip
Scooby-Doo! Night of 100 Frights.7z;https://tinyurl.com/2yjlnckg;998.22 MiB;7z;https://archive.org/download/gamecubeeuroperedump;zip
Scooby-Doo! Unmasked.7z;https://tinyurl.com/23m87gm2;669.74 MiB;7z;https://archive.org/download/gamecubeeuroperedump;zip
SeaWorld Adventure Parks - Shamu's Deep Sea Adventures.7z;https://tinyurl.com/2c9trdmx;1.12 GiB;7z;https://archive.org/download/gamecubeeuroperedump;zip
Second Sight.7z;https://tinyurl.com/27ox2v5b;797.59 MiB;7z;https://archive.org/download/gamecubeeuroperedump;zip
Sega Soccer Slam.7z;https://tinyurl.com/2xslfodb;998.09 MiB;7z;https://archive.org/download/gamecubeeuroperedump;zip
Serious Sam - Next Encounter.7z;https://tinyurl.com/2cuft899;1.30 GiB;7z;https://archive.org/download/gamecubeeuroperedump;zip
Shadow The Hedgehog.7z;https://tinyurl.com/29otxltw;1.06 GiB;7z;https://archive.org/download/gamecubeeuroperedump;zip
Shrek 2.7z;https://tinyurl.com/23h3f9p8;1.11 GiB;7z;https://archive.org/download/gamecubeeuroperedump;zip
Shrek Extra Large.7z;https://tinyurl.com/289szcfm;966.63 MiB;7z;https://archive.org/download/gamecubeeuroperedump;zip
Shrek Super Party.7z;https://tinyurl.com/25crkqk2;1.19 GiB;7z;https://archive.org/download/gamecubeeuroperedump;zip
Skies of Arcadia Legends.7z;https://tinyurl.com/22cche4j;853.58 MiB;7z;https://archive.org/download/gamecubeeuroperedump;zip
Smuggler's Run - Warzones.7z;https://tinyurl.com/263rser7;1.18 GiB;7z;https://archive.org/download/gamecubeeuroperedump;zip
Sonic Adventure 2 - Battle.7z;https://tinyurl.com/2boybwbm;1.01 GiB;7z;https://archive.org/download/gamecubeeuroperedump;zip
Sonic Adventure DX - Director's Cut.7z;https://tinyurl.com/2754kgsx;1.02 GiB;7z;https://archive.org/download/gamecubeeuroperedump;zip
Sonic Gems Collection.7z;https://tinyurl.com/27jgzxc8;1.08 GiB;7z;https://archive.org/download/gamecubeeuroperedump;zip
Sonic Heroes.7z;https://tinyurl.com/27cl6d5g;1.03 GiB;7z;https://archive.org/download/gamecubeeuroperedump;zip
Sonic Mega Collection.7z;https://tinyurl.com/2y4slyxp;1.12 GiB;7z;https://archive.org/download/gamecubeeuroperedump;zip
Sonic Riders.7z;https://tinyurl.com/23vfcq9g;1.03 GiB;7z;https://archive.org/download/gamecubeeuroperedump;zip
Soulcalibur II.7z;https://tinyurl.com/24c63xnx;982.89 MiB;7z;https://archive.org/download/gamecubeeuroperedump;zip
Spartan - Total Warrior.7z;https://tinyurl.com/29wcjz7f;747.33 MiB;7z;https://archive.org/download/gamecubeeuroperedump;zip
Spawn - Armageddon.7z;https://tinyurl.com/222o79em;869.84 MiB;7z;https://archive.org/download/gamecubeeuroperedump;zip
Speed Challenge - Jacques Villeneuve's Racing Vision.7z;https://tinyurl.com/277ge68m;1.19 GiB;7z;https://archive.org/download/gamecubeeuroperedump;zip
Speed Kings.7z;https://tinyurl.com/29a2vaa8;1.09 GiB;7z;https://archive.org/download/gamecubeeuroperedump;zip
Sphinx and the Cursed Mummy.7z;https://tinyurl.com/29umx4uh;1.03 GiB;7z;https://archive.org/download/gamecubeeuroperedump;zip
Spider-Man 2.7z;https://tinyurl.com/2abcncby;1.05 GiB;7z;https://archive.org/download/gamecubeeuroperedump;zip
Spider-Man.7z;https://tinyurl.com/29dh43u4;863.65 MiB;7z;https://archive.org/download/gamecubeeuroperedump;zip
SpyHunter.7z;https://tinyurl.com/2chdd9wg;918.48 MiB;7z;https://archive.org/download/gamecubeeuroperedump;zip
Spyro - A Hero's Tail.7z;https://tinyurl.com/276l4g3n;828.68 MiB;7z;https://archive.org/download/gamecubeeuroperedump;zip
Spyro - Enter the Dragonfly.7z;https://tinyurl.com/26pue8n6;841.01 MiB;7z;https://archive.org/download/gamecubeeuroperedump;zip
Star Fox - Assault.7z;https://tinyurl.com/29g3x7cy;1017.20 MiB;7z;https://archive.org/download/gamecubeeuroperedump;zip
Star Fox Adventures.7z;https://tinyurl.com/2d445eeq;1.03 GiB;7z;https://archive.org/download/gamecubeeuroperedump;zip
Star Wars - Bounty Hunter.7z;https://tinyurl.com/27gultub;1.07 GiB;7z;https://archive.org/download/gamecubeeuroperedump;zip
Star Wars - Jedi Knight II - Jedi Outcast.7z;https://tinyurl.com/2dawhylz;1.23 GiB;7z;https://archive.org/download/gamecubeeuroperedump;zip
Star Wars - Rogue Squadron II - Rogue Leader.7z;https://tinyurl.com/2advjfpv;1.23 GiB;7z;https://archive.org/download/gamecubeeuroperedump;zip
Star Wars - Rogue Squadron III - Rebel Strike.7z;https://tinyurl.com/282q4b7m;1.12 GiB;7z;https://archive.org/download/gamecubeeuroperedump;zip
Star Wars - The Clone Wars.7z;https://tinyurl.com/2br8fbua;1.10 GiB;7z;https://archive.org/download/gamecubeeuroperedump;zip
Starsky & Hutch.7z;https://tinyurl.com/29hqjklw;722.15 MiB;7z;https://archive.org/download/gamecubeeuroperedump;zip
Summoner - A Goddess Reborn.7z;https://tinyurl.com/2bgvuv3m;1.01 GiB;7z;https://archive.org/download/gamecubeeuroperedump;zip
Super Bust-A-Move All Stars.7z;https://tinyurl.com/2yveopmr;1.23 GiB;7z;https://archive.org/download/gamecubeeuroperedump;zip
Super Mario Sunshine.7z;https://tinyurl.com/252bxvp6;925.52 MiB;7z;https://archive.org/download/gamecubeeuroperedump;zip
Super Monkey Ball 2.7z;https://tinyurl.com/25gyo65n;676.08 MiB;7z;https://archive.org/download/gamecubeeuroperedump;zip
Super Monkey Ball.7z;https://tinyurl.com/2c5reavd;1.07 GiB;7z;https://archive.org/download/gamecubeeuroperedump;zip
Super Smash Bros. Melee.7z;https://tinyurl.com/24gydmcc;949.46 MiB;7z;https://archive.org/download/gamecubeeuroperedump;zip
Superman - Shadow of Apokolips.7z;https://tinyurl.com/23vthlbw;1.03 GiB;7z;https://archive.org/download/gamecubeeuroperedump;zip
TMNT.7z;https://tinyurl.com/24qav36x;1.06 GiB;7z;https://archive.org/download/gamecubeeuroperedump;zip
TY the Tasmanian Tiger 2 - Bush Rescue.7z;https://tinyurl.com/26ygypdz;905.11 MiB;7z;https://archive.org/download/gamecubeeuroperedump;zip
TY the Tasmanian Tiger.7z;https://tinyurl.com/23bafqon;976.25 MiB;7z;https://archive.org/download/gamecubeeuroperedump;zip
Tak and the Power of Juju (Europe).7z;https://tinyurl.com/272pqreb;1.15 GiB;7z;https://archive.org/download/gamecubeeuroperedump;zip
Tales of Symphonia (Europe) (Disc 1).7z;https://tinyurl.com/2yx5xm6e;1006.63 MiB;7z;https://archive.org/download/gamecubeeuroperedump;zip
Tales of Symphonia (Europe) (Disc 2).7z;https://tinyurl.com/2xq9mywm;1004.91 MiB;7z;https://archive.org/download/gamecubeeuroperedump;zip
Taz - Wanted (Europe) (En,Fr,De,Es,It).7z;https://tinyurl.com/29hcepjg;1.06 GiB;7z;https://archive.org/download/gamecubeeuroperedump;zip
Teenage Mutant Ninja Turtles (Europe) (En,Fr,De,Es,It).7z;https://tinyurl.com/29x7zoj3;678.32 MiB;7z;https://archive.org/download/gamecubeeuroperedump;zip
Teenage Mutant Ninja Turtles 2 - Battle Nexus (Europe) (En,Fr,De,Es,It) (Disc 1).7z;https://tinyurl.com/2y3j6fqa;986.34 MiB;7z;https://archive.org/download/gamecubeeuroperedump;zip
Teenage Mutant Ninja Turtles 2 - Battle Nexus (Europe) (En,Fr,De,Es,It) (Disc 2).7z;https://tinyurl.com/2asvo8du;1.10 GiB;7z;https://archive.org/download/gamecubeeuroperedump;zip
Terminator 3 - The Redemption (Europe) (En,Fr,De,Es,It).7z;https://tinyurl.com/26npnxap;1.03 GiB;7z;https://archive.org/download/gamecubeeuroperedump;zip
Tetris Worlds (Europe) (En,Fr,De).7z;https://tinyurl.com/2af8yyxd;1.05 GiB;7z;https://archive.org/download/gamecubeeuroperedump;zip
The Chronicles of Narnia - The Lion, the Witch and the Wardrobe.7z;https://tinyurl.com/2bc8aj9b;1.03 GiB;7z;https://archive.org/download/gamecubeeuroperedump;zip
The Hobbit - The Prelude to the Lord of the Rings.7z;https://tinyurl.com/2yqo4dsg;991.24 MiB;7z;https://archive.org/download/gamecubeeuroperedump;zip
The Incredible Hulk - Ultimate Destruction.7z;https://tinyurl.com/292qesyx;1.03 GiB;7z;https://archive.org/download/gamecubeeuroperedump;zip
The Italian Job.7z;https://tinyurl.com/27rlb5qf;1.24 GiB;7z;https://archive.org/download/gamecubeeuroperedump;zip
The Legend of Spyro - A New Beginning.7z;https://tinyurl.com/2xmx6z7r;1.05 GiB;7z;https://archive.org/download/gamecubeeuroperedump;zip
The Legend of Zelda - Collector's Edition.7z;https://tinyurl.com/29qqmg85;847.90 MiB;7z;https://archive.org/download/gamecubeeuroperedump;zip
The Legend of Zelda - Four Swords Adventures.7z;https://tinyurl.com/2as3ez8v;1.18 GiB;7z;https://archive.org/download/gamecubeeuroperedump;zip
The Legend of Zelda - Ocarina of Time & Master Quest.7z;https://tinyurl.com/224xlrm4;1.02 GiB;7z;https://archive.org/download/gamecubeeuroperedump;zip
The Legend of Zelda - The Wind Waker.7z;https://tinyurl.com/2yeoxjou;1.04 GiB;7z;https://archive.org/download/gamecubeeuroperedump;zip
The Legend of Zelda - Twilight Princess.7z;https://tinyurl.com/yd6bc6yf;1.06 GiB;7z;https://archive.org/download/gamecubeeuroperedump;zip
The Lord of the Rings - The Return of the King.7z;https://tinyurl.com/22gxplpn;1.14 GiB;7z;https://archive.org/download/gamecubeeuroperedump;zip
The Lord of the Rings - The Third Age.7z;https://tinyurl.com/2y7slwz5;2.33 GiB;7z;https://archive.org/download/gamecubeeuroperedump;zip
The Lord of the Rings - The Two Towers.7z;https://tinyurl.com/2dndpnrk;1.05 GiB;7z;https://archive.org/download/gamecubeeuroperedump;zip
The Polar Express.7z;https://tinyurl.com/2yvstkpa;1.24 GiB;7z;https://archive.org/download/gamecubeeuroperedump;zip
The Powerpuff Girls - Relish Rampage - Pickled Edition.7z;https://tinyurl.com/29llu9bb;1.06 GiB;7z;https://archive.org/download/gamecubeeuroperedump;zip
The Scorpion King - Rise of the Akkadian.7z;https://tinyurl.com/225tza88;1.02 GiB;7z;https://archive.org/download/gamecubeeuroperedump;zip
The Simpsons - Hit & Run.7z;https://tinyurl.com/28dm3mcw;931.86 MiB;7z;https://archive.org/download/gamecubeeuroperedump;zip
The Simpsons - Road Rage.7z;https://tinyurl.com/2b3rmlyr;1.07 GiB;7z;https://archive.org/download/gamecubeeuroperedump;zip
The Sims - Bustin' Out.7z;https://tinyurl.com/2d3xxvgh;1.03 GiB;7z;https://archive.org/download/gamecubeeuroperedump;zip
The Sims 2 - Pets.7z;https://tinyurl.com/2cfdw3t8;925.05 MiB;7z;https://archive.org/download/gamecubeeuroperedump;zip
The Sims 2.7z;https://tinyurl.com/25d7x9ug;797.40 MiB;7z;https://archive.org/download/gamecubeeuroperedump;zip
The Sims.7z;https://tinyurl.com/2dy9ez6j;1.27 GiB;7z;https://archive.org/download/gamecubeeuroperedump;zip
The Sum of All Fears.7z;https://tinyurl.com/2aorzqv8;1.07 GiB;7z;https://archive.org/download/gamecubeeuroperedump;zip
The Urbz - Sims in the City.7z;https://tinyurl.com/28m8ymtm;956.45 MiB;7z;https://archive.org/download/gamecubeeuroperedump;zip
Tiger Woods PGA Tour 06.7z;https://tinyurl.com/235fnvw3;904.21 MiB;7z;https://archive.org/download/gamecubeeuroperedump;zip
Tiger Woods PGA Tour 2003.7z;https://tinyurl.com/2ynf8mhq;676.13 MiB;7z;https://archive.org/download/gamecubeeuroperedump;zip
Tiger Woods PGA Tour 2004.7z;https://tinyurl.com/25hgfqmb;1.47 GiB;7z;https://archive.org/download/gamecubeeuroperedump;zip
Tiger Woods PGA Tour 2005.7z;https://tinyurl.com/2anw93q9;1.40 GiB;7z;https://archive.org/download/gamecubeeuroperedump;zip
TimeSplitters - Future Perfect.7z;https://tinyurl.com/2bw4cqxr;848.86 MiB;7z;https://archive.org/download/gamecubeeuroperedump;zip
TimeSplitters 2.7z;https://tinyurl.com/2d3sallg;842.28 MiB;7z;https://archive.org/download/gamecubeeuroperedump;zip
Tom Clancy's Ghost Recon 2.7z;https://tinyurl.com/26t2p9gp;864.72 MiB;7z;https://archive.org/download/gamecubeeuroperedump;zip
Tom Clancy's Ghost Recon.7z;https://tinyurl.com/2danm8s8;1.02 GiB;7z;https://archive.org/download/gamecubeeuroperedump;zip
Tom Clancy's Rainbow Six - Lockdown.7z;https://tinyurl.com/228fedn5;1.09 GiB;7z;https://archive.org/download/gamecubeeuroperedump;zip
Tom Clancy's Rainbow Six 3.7z;https://tinyurl.com/2awz749w;1.00 GiB;7z;https://archive.org/download/gamecubeeuroperedump;zip
Tom Clancy's Splinter Cell - Chaos Theory.7z;https://tinyurl.com/2cezmdo9;1.64 GiB;7z;https://archive.org/download/gamecubeeuroperedump;zip
Tom Clancy's Splinter Cell - Double Agent .7z;https://tinyurl.com/22yk2qgd;2.19 GiB;7z;https://archive.org/download/gamecubeeuroperedump;zip
Tom Clancy's Splinter Cell - Pandora Tomorrow.7z;https://tinyurl.com/2am8mngb;739.63 MiB;7z;https://archive.org/download/gamecubeeuroperedump;zip
Tom Clancy's Splinter Cell.7z;https://tinyurl.com/2a8hwg2r;935.60 MiB;7z;https://archive.org/download/gamecubeeuroperedump;zip
Tony Hawk's Pro Skater 3.7z;https://tinyurl.com/23d6c9ar;1.12 GiB;7z;https://archive.org/download/gamecubeeuroperedump;zip
Tony Hawk's Pro Skater 4.7z;https://tinyurl.com/26a79s6e;1.15 GiB;7z;https://archive.org/download/gamecubeeuroperedump;zip
Tony Hawk's Underground 2.7z;https://tinyurl.com/2bb463b2;949.68 MiB;7z;https://archive.org/download/gamecubeeuroperedump;zip
Tony Hawk's Underground.7z;https://tinyurl.com/2cj99pzk;1.14 GiB;7z;https://archive.org/download/gamecubeeuroperedump;zip
Top Angler - Real Bass Fishing.7z;https://tinyurl.com/22d6yphg;1.33 GiB;7z;https://archive.org/download/gamecubeeuroperedump;zip
Top Gun - Combat Zones.7z;https://tinyurl.com/2y5xv39v;515.90 MiB;7z;https://archive.org/download/gamecubeeuroperedump;zip
True Crime - New York City.7z;https://tinyurl.com/2xkt229z;976.40 MiB;7z;https://archive.org/download/gamecubeeuroperedump;zip
True Crime - Streets of LA.7z;https://tinyurl.com/2d3e5qjx;856.02 MiB;7z;https://archive.org/download/gamecubeeuroperedump;zip
Turok - Evolution.7z;https://tinyurl.com/2bs924bf;600.85 MiB;7z;https://archive.org/download/gamecubeeuroperedump;zip
UEFA Champions League 2004-2005.7z;https://tinyurl.com/26lq8r7h;1.05 GiB;7z;https://archive.org/download/gamecubeeuroperedump;zip
UFC - Throwdown.7z;https://tinyurl.com/2dox7l69;636.03 MiB;7z;https://archive.org/download/gamecubeeuroperedump;zip
Ultimate Spider-Man.7z;https://tinyurl.com/28234nbt;977.07 MiB;7z;https://archive.org/download/gamecubeeuroperedump;zip
Universal Studios Theme Park Adventure.7z;https://tinyurl.com/2bqzfoyh;1.00 GiB;7z;https://archive.org/download/gamecubeeuroperedump;zip
Urban Freestyle Soccer.7z;https://tinyurl.com/29ura76n;1.12 GiB;7z;https://archive.org/download/gamecubeeuroperedump;zip
V-Rally 3.7z;https://tinyurl.com/25m735gm;569.57 MiB;7z;https://archive.org/download/gamecubeeuroperedump;zip
Vexx.7z;https://tinyurl.com/2476kt2c;1.05 GiB;7z;https://archive.org/download/gamecubeeuroperedump;zip
Viewtiful Joe - Red Hot Rumble.7z;https://tinyurl.com/22wyh6rr;476.44 MiB;7z;https://archive.org/download/gamecubeeuroperedump;zip
Viewtiful Joe 2.7z;https://tinyurl.com/2bbwfqgy;547.12 MiB;7z;https://archive.org/download/gamecubeeuroperedump;zip
Viewtiful Joe.7z;https://tinyurl.com/2b544699;519.43 MiB;7z;https://archive.org/download/gamecubeeuroperedump;zip
Virtua Striker 3 Ver. 2002.7z;https://tinyurl.com/22ak5m2j;945.52 MiB;7z;https://archive.org/download/gamecubeeuroperedump;zip
WWE Crush Hour.7z;https://tinyurl.com/27nvajd9;1.23 GiB;7z;https://archive.org/download/gamecubeeuroperedump;zip
WWE Day of Reckoning 2.7z;https://tinyurl.com/2a78husc;1001.96 MiB;7z;https://archive.org/download/gamecubeeuroperedump;zip
WWE Day of Reckoning.7z;https://tinyurl.com/2cgndm3n;962.31 MiB;7z;https://archive.org/download/gamecubeeuroperedump;zip
WWE WrestleMania X8.7z;https://tinyurl.com/29jmg383;765.40 MiB;7z;https://archive.org/download/gamecubeeuroperedump;zip
WWE WrestleMania XIX.7z;https://tinyurl.com/23upd5dn;1019.52 MiB;7z;https://archive.org/download/gamecubeeuroperedump;zip
Wallace & Gromit in Project Zoo.7z;https://tinyurl.com/25cpsesx;1.17 GiB;7z;https://archive.org/download/gamecubeeuroperedump;zip
Wario World.7z;https://tinyurl.com/24eu96e3;1.27 GiB;7z;https://archive.org/download/gamecubeeuroperedump;zip
WarioWare, Inc. - Mega Party Game$!.7z;https://tinyurl.com/2bnwjkjk;1.04 GiB;7z;https://archive.org/download/gamecubeeuroperedump;zip
Wave Race - Blue Storm.7z;https://tinyurl.com/25g7y8et;825.21 MiB;7z;https://archive.org/download/gamecubeeuroperedump;zip
Whirl Tour.7z;https://tinyurl.com/2c5bh43s;1.15 GiB;7z;https://archive.org/download/gamecubeeuroperedump;zip
World Racing.7z;https://tinyurl.com/248n4sb2;1.17 GiB;7z;https://archive.org/download/gamecubeeuroperedump;zip
Worms 3D.7z;https://tinyurl.com/2ddgkqbd;992.47 MiB;7z;https://archive.org/download/gamecubeeuroperedump;zip
Worms Blast.7z;https://tinyurl.com/29f5v5fx;1.17 GiB;7z;https://archive.org/download/gamecubeeuroperedump;zip
Wreckless - The Yakuza Missions.7z;https://tinyurl.com/2ajtty2m;860.63 MiB;7z;https://archive.org/download/gamecubeeuroperedump;zip
X-Men - Next Dimension.7z;https://tinyurl.com/28habuy3;1.21 GiB;7z;https://archive.org/download/gamecubeeuroperedump;zip
X-Men - The Official Game.7z;https://tinyurl.com/2bl6l33f;1000.34 MiB;7z;https://archive.org/download/gamecubeeuroperedump;zip
X-Men 2 - Wolverine's Revenge.7z;https://tinyurl.com/2adyhdsu;1.08 GiB;7z;https://archive.org/download/gamecubeeuroperedump;zip
X-Men Legends II - Rise of Apocalypse.7z;https://tinyurl.com/2bckn2jp;1.13 GiB;7z;https://archive.org/download/gamecubeeuroperedump;zip
X-Men Legends.7z;https://tinyurl.com/25w9z592;1.18 GiB;7z;https://archive.org/download/gamecubeeuroperedump;zip
XGIII - Extreme G Racing.7z;https://tinyurl.com/2935rbbe;1.26 GiB;7z;https://archive.org/download/gamecubeeuroperedump;zip
XGRA - Extreme G Racing Association.7z;https://tinyurl.com/2b5pbfdx;869.95 MiB;7z;https://archive.org/download/gamecubeeuroperedump;zip
XIII.7z;https://tinyurl.com/24x46rrc;1.14 GiB;7z;https://archive.org/download/gamecubeeuroperedump;zip
Yu-Gi-Oh! The Falsebound Kingdom.7z;https://tinyurl.com/2b2b5lq4;1.19 GiB;7z;https://archive.org/download/gamecubeeuroperedump;zip
Zapper.7z;https://tinyurl.com/296kx4va;698.86 MiB;7z;https://archive.org/download/gamecubeeuroperedump;zip
ZooCube.7z;https://tinyurl.com/2aep3r5s;1.11 GiB;7z;https://archive.org/download/gamecubeeuroperedump;zip
007 - Agent Under Fire.7z;https://tinyurl.com/27qgagw5;1.02 GiB;7z;https://archive.org/download/gamecubeeuroperedump;zip
007 - Everything or Nothing.7z;https://tinyurl.com/279befvp;816.62 MiB;7z;https://archive.org/download/gamecubeeuroperedump;zip
007 - From Russia with Love.7z;https://tinyurl.com/2bxqpgld;1.07 GiB;7z;https://archive.org/download/gamecubeeuroperedump;zip
007 - Nightfire.7z;https://tinyurl.com/2a6ccyrc;1.11 GiB;7z;https://archive.org/download/gamecubeeuroperedump;zip
1080 Avalanche.7z;https://tinyurl.com/2b7m43s5;814.20 MiB;7z;https://archive.org/download/gamecubeeuroperedump;zip
18 Wheeler - American Pro Trucker.7z;https://tinyurl.com/25zpy6xp;1.21 GiB;7z;https://archive.org/download/gamecubeeuroperedump;zip
2002 FIFA World Cup Korea Japan.7z;https://tinyurl.com/25wfode9;1.09 GiB;7z;https://archive.org/download/gamecubeeuroperedump;zip
ATV - Quad Power Racing 2.7z;https://tinyurl.com/2ykebz4c;1.21 GiB;7z;https://archive.org/download/gamecubeeuroperedump;zip
Ace Golf.7z;https://tinyurl.com/25btmzrx;855.09 MiB;7z;https://archive.org/download/gamecubeeuroperedump;zip
Aggressive Inline.7z;https://tinyurl.com/2d53txwu;1.12 GiB;7z;https://archive.org/download/gamecubeeuroperedump;zip
Animal Crossing.7z;https://tinyurl.com/2dzrj8de;1.26 GiB;7z;https://archive.org/download/gamecubeeuroperedump;zip
Animaniacs - The Great Edgar Hunt.7z;https://tinyurl.com/2bn3dozk;683.63 MiB;7z;https://archive.org/download/gamecubeeuroperedump;zip
Asterix & Obelix XXL.7z;https://tinyurl.com/2aeva2b2;1.17 GiB;7z;https://archive.org/download/gamecubeeuroperedump;zip
BMX XXX.7z;https://tinyurl.com/2av7td6g;1.06 GiB;7z;https://archive.org/download/gamecubeeuroperedump;zip
Bad Boys II.7z;https://tinyurl.com/2cd8bmkq;1006.50 MiB;7z;https://archive.org/download/gamecubeeuroperedump;zip
Baldur's Gate - Dark Alliance.7z;https://tinyurl.com/23wf3crk;705.08 MiB;7z;https://archive.org/download/gamecubeeuroperedump;zip
Baten Kaitos - Eternal Wings and the Lost Ocean.7z;https://tinyurl.com/22hel3da;2.49 GiB;7z;https://archive.org/download/gamecubeeuroperedump;zip
Batman - Dark Tomorrow.7z;https://tinyurl.com/28ubvmes;1.16 GiB;7z;https://archive.org/download/gamecubeeuroperedump;zip
Batman - Rise of Sin Tzu.7z;https://tinyurl.com/29b2ltsc;1012.41 MiB;7z;https://archive.org/download/gamecubeeuroperedump;zip
Batman - Vengeance.7z;https://tinyurl.com/2xqs7qfa;1.13 GiB;7z;https://archive.org/download/gamecubeeuroperedump;zip
Batman Begins.7z;https://tinyurl.com/2yl9l89b;846.53 MiB;7z;https://archive.org/download/gamecubeeuroperedump;zip
Battalion Wars.7z;https://tinyurl.com/29hvxh24;938.71 MiB;7z;https://archive.org/download/gamecubeeuroperedump;zip
Beach Spikers - Virtua Beach Volleyball.7z;https://tinyurl.com/27buajdm;1.20 GiB;7z;https://archive.org/download/gamecubeeuroperedump;zip
Beyblade VForce - Super Tournament Battle.7z;https://tinyurl.com/2bh3brgr;813.01 MiB;7z;https://archive.org/download/gamecubeeuroperedump;zip
Beyond Good & Evil.7z;https://tinyurl.com/22qxj3ux;1005.55 MiB;7z;https://archive.org/download/gamecubeeuroperedump;zip
Big Air Freestyle.7z;https://tinyurl.com/2xu9dk26;1.27 GiB;7z;https://archive.org/download/gamecubeeuroperedump;zip
Big Mutha Truckers.7z;https://tinyurl.com/2yonryt7;1001.05 MiB;7z;https://archive.org/download/gamecubeeuroperedump;zip
Billy Hatcher and the Giant Egg.7z;https://tinyurl.com/225eh99o;1.03 GiB;7z;https://archive.org/download/gamecubeeuroperedump;zip
Bionicle.7z;https://tinyurl.com/26b8pqgk;1.20 GiB;7z;https://archive.org/download/gamecubeeuroperedump;zip
Black & Bruised.7z;https://tinyurl.com/23e7s7lx;1.21 GiB;7z;https://archive.org/download/gamecubeeuroperedump;zip
Blood Omen 2 - The Legacy of Kain Series.7z;https://tinyurl.com/29yebp5f;1.01 GiB;7z;https://archive.org/download/gamecubeeuroperedump;zip
BloodRayne.7z;https://tinyurl.com/27q982uu;806.65 MiB;7z;https://archive.org/download/gamecubeeuroperedump;zip
Bloody Roar - Primal Fury.7z;https://tinyurl.com/2c8oqorn;1.22 GiB;7z;https://archive.org/download/gamecubeeuroperedump;zip
Bomberman Generation.7z;https://tinyurl.com/2bsy3he6;801.63 MiB;7z;https://archive.org/download/gamecubeeuroperedump;zip
Bratz - Forever Diamondz.7z;https://tinyurl.com/2ylushd2;702.87 MiB;7z;https://archive.org/download/gamecubeeuroperedump;zip
Bratz - Rock Angelz.7z;https://tinyurl.com/222lzoqj;993.37 MiB;7z;https://archive.org/download/gamecubeeuroperedump;zip
Buffy the Vampire Slayer - Chaos Bleeds.7z;https://tinyurl.com/24o3za5g;959.69 MiB;7z;https://archive.org/download/gamecubeeuroperedump;zip
Burnout 2 - Point of Impact.7z;https://tinyurl.com/2y6gztmk;805.27 MiB;7z;https://archive.org/download/gamecubeeuroperedump;zip
Burnout.7z;https://tinyurl.com/27arvf7f;424.12 MiB;7z;https://archive.org/download/gamecubeeuroperedump;zip
Butt-Ugly Martians - Zoom or Doom!.7z;https://tinyurl.com/2y32d32o;889.28 MiB;7z;https://archive.org/download/gamecubeeuroperedump;zip
Call of Duty - Finest Hour.7z;https://tinyurl.com/2dzkgrc6;848.39 MiB;7z;https://archive.org/download/gamecubeeuroperedump;zip
Call of Duty 2 - Big Red One.7z;https://tinyurl.com/2ayxhdta;833.88 MiB;7z;https://archive.org/download/gamecubeeuroperedump;zip
Capcom vs. SNK 2 EO - Millionaire Fighting 2001.7z;https://tinyurl.com/25f3pvcl;1.29 GiB;7z;https://archive.org/download/gamecubeeuroperedump;zip
Carmen Sandiego - The Secret of the Stolen Drums.7z;https://tinyurl.com/2ycgkqod;787.74 MiB;7z;https://archive.org/download/gamecubeeuroperedump;zip
Casper - Spirit Dimensions.7z;https://tinyurl.com/2bpf7dw9;1.26 GiB;7z;https://archive.org/download/gamecubeeuroperedump;zip
Castleween.7z;https://tinyurl.com/2yjbwdv5;1.08 GiB;7z;https://archive.org/download/gamecubeeuroperedump;zip
Catwoman.7z;https://tinyurl.com/2xlgd5h8;1.06 GiB;7z;https://archive.org/download/gamecubeeuroperedump;zip
Cel Damage.7z;https://tinyurl.com/2a7xjav3;1.26 GiB;7z;https://archive.org/download/gamecubeeuroperedump;zip
Charlie and the Chocolate Factory.7z;https://tinyurl.com/24jr2qdl;1.02 GiB;7z;https://archive.org/download/gamecubeeuroperedump;zip
Charlie's Angels.7z;https://tinyurl.com/2dokzodw;1.12 GiB;7z;https://archive.org/download/gamecubeeuroperedump;zip
Chibi-Robo!.7z;https://tinyurl.com/26drltvh;1.19 GiB;7z;https://archive.org/download/gamecubeeuroperedump;zip
Cocoto Funfair.7z;https://tinyurl.com/2yruuees;1.19 GiB;7z;https://archive.org/download/gamecubeeuroperedump;zip
Cocoto Kart Racer.7z;https://tinyurl.com/2yl2zr83;1.20 GiB;7z;https://archive.org/download/gamecubeeuroperedump;zip
Cocoto Platform Jumper.7z;https://tinyurl.com/22t7mgfl;1.19 GiB;7z;https://archive.org/download/gamecubeeuroperedump;zip
Codename - Kids Next Door - Operation - V.I.D.E.O.G.A.M.E..7z;https://tinyurl.com/24xvkc3a;1.04 GiB;7z;https://archive.org/download/gamecubeeuroperedump;zip
Conan.7z;https://tinyurl.com/2b35j622;1.98 GiB;7z;https://archive.org/download/gamecubeeuroperedump;zip
Conflict - Desert Storm II.7z;https://tinyurl.com/2528ce43;1001.83 MiB;7z;https://archive.org/download/gamecubeeuroperedump;zip
Conflict - Desert Storm.7z;https://tinyurl.com/2257es8g;670.19 MiB;7z;https://archive.org/download/gamecubeeuroperedump;zip
Crash Bandicoot - The Wrath of Cortex.7z;https://tinyurl.com/2agsvtm8;767.45 MiB;7z;https://archive.org/download/gamecubeeuroperedump;zip
Crash Nitro Kart.7z;https://tinyurl.com/27jsyaql;1.15 GiB;7z;https://archive.org/download/gamecubeeuroperedump;zip
Crash Tag Team Racing.7z;https://tinyurl.com/2428yuap;1.06 GiB;7z;https://archive.org/download/gamecubeeuroperedump;zip
Crazy Taxi.7z;https://tinyurl.com/2b4fxo9h;1.28 GiB;7z;https://archive.org/download/gamecubeeuroperedump;zip
Dakar 2.7z;https://tinyurl.com/25kmnxbv;1.00 GiB;7z;https://archive.org/download/gamecubeeuroperedump;zip
Dancing Stage Mario Mix.7z;https://tinyurl.com/2a6jefsk;1.28 GiB;7z;https://archive.org/download/gamecubeeuroperedump;zip
Dark Summit.7z;https://tinyurl.com/27u4zok9;865.80 MiB;7z;https://archive.org/download/gamecubeeuroperedump;zip
Darkened Skye.7z;https://tinyurl.com/2829avh3;884.68 MiB;7z;https://archive.org/download/gamecubeeuroperedump;zip
Dave Mirra Freestyle BMX 2.7z;https://tinyurl.com/2bjtabww;1.13 GiB;7z;https://archive.org/download/gamecubeeuroperedump;zip
Dead to Rights.7z;https://tinyurl.com/29rjalpy;1.18 GiB;7z;https://archive.org/download/gamecubeeuroperedump;zip
Def Jam - Fight for NY.7z;https://tinyurl.com/2bnag5js;925.54 MiB;7z;https://archive.org/download/gamecubeeuroperedump;zip
Def Jam - Vendetta.7z;https://tinyurl.com/28ssen65;1.15 GiB;7z;https://archive.org/download/gamecubeeuroperedump;zip
Defender - For All Mankind.7z;https://tinyurl.com/29u56p6v;1.19 GiB;7z;https://archive.org/download/gamecubeeuroperedump;zip
Die Hard - Vendetta.7z;https://tinyurl.com/2cay8a25;1.05 GiB;7z;https://archive.org/download/gamecubeeuroperedump;zip
Digimon Rumble Arena 2.7z;https://tinyurl.com/27uwsep8;669.48 MiB;7z;https://archive.org/download/gamecubeeuroperedump;zip
Disney Sports - Basketball.7z;https://tinyurl.com/24pcwscv;1.06 GiB;7z;https://archive.org/download/gamecubeeuroperedump;zip
Disney Sports - Football.7z;https://tinyurl.com/244qvxpm;1.18 GiB;7z;https://archive.org/download/gamecubeeuroperedump;zip
Disney Sports - Skateboarding.7z;https://tinyurl.com/24ycp75q;1.15 GiB;7z;https://archive.org/download/gamecubeeuroperedump;zip
Disney's Chicken Little.7z;https://tinyurl.com/26vdmqyd;1.06 GiB;7z;https://archive.org/download/gamecubeeuroperedump;zip
Disney's Donald Duck - Phantomias - Platyrhynchos Kineticus.7z;https://tinyurl.com/25gd7gk3;909.21 MiB;7z;https://archive.org/download/gamecubeeuroperedump;zip
Disney's Donald Duck - Quack Attack.7z;https://tinyurl.com/2bogdxa6;891.88 MiB;7z;https://archive.org/download/gamecubeeuroperedump;zip
Disney's Extreme Skate Adventure.7z;https://tinyurl.com/2a9funst;1.20 GiB;7z;https://archive.org/download/gamecubeeuroperedump;zip
Disney's Hide & Sneak.7z;https://tinyurl.com/2xrcucyu;1.05 GiB;7z;https://archive.org/download/gamecubeeuroperedump;zip
Disney's Magical Mirror Starring Mickey Mouse.7z;https://tinyurl.com/23tzk4rb;1.15 GiB;7z;https://archive.org/download/gamecubeeuroperedump;zip
Disney's Party.7z;https://tinyurl.com/2aou7bjb;551.41 MiB;7z;https://archive.org/download/gamecubeeuroperedump;zip
Disney's Piglet's Big Game.7z;https://tinyurl.com/2dlv4uev;1.10 GiB;7z;https://archive.org/download/gamecubeeuroperedump;zip
Disney's Tarzan - Freeride.7z;https://tinyurl.com/24n4ntgd;1.17 GiB;7z;https://archive.org/download/gamecubeeuroperedump;zip
Disney's Winnie the Pooh's Rumbly Tumbly Adventure.7z;https://tinyurl.com/25oefvh6;1.23 GiB;7z;https://archive.org/download/gamecubeeuroperedump;zip
Disney-Pixar Cars.7z;https://tinyurl.com/2yfr8tr5;859.63 MiB;7z;https://archive.org/download/gamecubeeuroperedump;zip
Disney-Pixar Finding Nemo.7z;https://tinyurl.com/2y8vu9kd;1.03 GiB;7z;https://archive.org/download/gamecubeeuroperedump;zip
Disney-Pixar Monsters, Inc. - Scream Arena.7z;https://tinyurl.com/2awkslv2;1.17 GiB;7z;https://archive.org/download/gamecubeeuroperedump;zip
Disney-Pixar Ratatouille.7z;https://tinyurl.com/27sojfsn;1.02 GiB;7z;https://archive.org/download/gamecubeeuroperedump;zip
Disney-Pixar The Incredibles - Rise of the Underminer.7z;https://tinyurl.com/2yv8zhhk;1.17 GiB;7z;https://archive.org/download/gamecubeeuroperedump;zip
Disney-Pixar The Incredibles.7z;https://tinyurl.com/23qwoyce;1.16 GiB;7z;https://archive.org/download/gamecubeeuroperedump;zip
Donkey Kong Jungle Beat.7z;https://tinyurl.com/2cjbva6n;1.15 GiB;7z;https://archive.org/download/gamecubeeuroperedump;zip
Donkey Konga 2.7z;https://tinyurl.com/27qjs7g9;1.23 GiB;7z;https://archive.org/download/gamecubeeuroperedump;zip
Donkey Konga.7z;https://tinyurl.com/24ceykk9;1.34 GiB;7z;https://archive.org/download/gamecubeeuroperedump;zip
Doshin the Giant.7z;https://tinyurl.com/2c27296a;1.13 GiB;7z;https://archive.org/download/gamecubeeuroperedump;zip
Dragon Ball Z - Budokai 2.7z;https://tinyurl.com/2aw6nqsj;611.81 MiB;7z;https://archive.org/download/gamecubeeuroperedump;zip
Dragon Ball Z - Budokai.7z;https://tinyurl.com/289y4s6o;583.27 MiB;7z;https://archive.org/download/gamecubeeuroperedump;zip
Dragon's Lair 3D - Special Edition.7z;https://tinyurl.com/2y3dx7l3;1.04 GiB;7z;https://archive.org/download/gamecubeeuroperedump;zip
DreamWorks & Aardman Flushed Away.7z;https://tinyurl.com/25ynmshg;447.55 MiB;7z;https://archive.org/download/gamecubeeuroperedump;zip
DreamWorks Madagascar.7z;https://tinyurl.com/29n6aeg2;1.10 GiB;7z;https://archive.org/download/gamecubeeuroperedump;zip
DreamWorks Over the Hedge.7z;https://tinyurl.com/22rrn7o2;1.03 GiB;7z;https://archive.org/download/gamecubeeuroperedump;zip
DreamWorks Shark Tale.7z;https://tinyurl.com/29ctqxme;1.09 GiB;7z;https://archive.org/download/gamecubeeuroperedump;zip
DreamWorks Shrek - Smash n' Crash Racing.7z;https://tinyurl.com/269xgrk2;1.18 GiB;7z;https://archive.org/download/gamecubeeuroperedump;zip
DreamWorks Shrek - SuperSlam.7z;https://tinyurl.com/2brgdvrj;1.21 GiB;7z;https://archive.org/download/gamecubeeuroperedump;zip
Driven.7z;https://tinyurl.com/2cybpjyb;1004.39 MiB;7z;https://archive.org/download/gamecubeeuroperedump;zip
Drome Racers.7z;https://tinyurl.com/2buujpef;1.13 GiB;7z;https://archive.org/download/gamecubeeuroperedump;zip
ESPN International Winter Sports.7z;https://tinyurl.com/23s235zl;1.04 GiB;7z;https://archive.org/download/gamecubeeuroperedump;zip
Eggo Mania.7z;https://tinyurl.com/2cc9h8vn;1.24 GiB;7z;https://archive.org/download/gamecubeeuroperedump;zip
Enter the Matrix.7z;https://tinyurl.com/29brdtg7;2.26 GiB;7z;https://archive.org/download/gamecubeeuroperedump;zip
Eternal Darkness - Sanity's Requiem.7z;https://tinyurl.com/22u6gu4o;1.09 GiB;7z;https://archive.org/download/gamecubeeuroperedump;zip
Evolution Skateboarding.7z;https://tinyurl.com/2yr65erx;1.22 GiB;7z;https://archive.org/download/gamecubeeuroperedump;zip
Evolution Snowboarding.7z;https://tinyurl.com/2dm57bg6;1.06 GiB;7z;https://archive.org/download/gamecubeeuroperedump;zip
Evolution Worlds.7z;https://tinyurl.com/29dzx9q5;909.54 MiB;7z;https://archive.org/download/gamecubeeuroperedump;zip
F-Zero GX.7z;https://tinyurl.com/27vhzxbs;1.14 GiB;7z;https://archive.org/download/gamecubeeuroperedump;zip
F1 2002.7z;https://tinyurl.com/2c69fbtu;1.25 GiB;7z;https://archive.org/download/gamecubeeuroperedump;zip
F1 Career Challenge.7z;https://tinyurl.com/2xpy3ml8;1.18 GiB;7z;https://archive.org/download/gamecubeeuroperedump;zip
FIFA 06.7z;https://tinyurl.com/25aus54u;1023.74 MiB;7z;https://archive.org/download/gamecubeeuroperedump;zip
FIFA 07.7z;https://tinyurl.com/27nqtnx4;1.02 GiB;7z;https://archive.org/download/gamecubeeuroperedump;zip
FIFA Football 2003.7z;https://tinyurl.com/25xlaob9;795.18 MiB;7z;https://archive.org/download/gamecubeeuroperedump;zip
FIFA Football 2004.7z;https://tinyurl.com/24p2cnrj;779.14 MiB;7z;https://archive.org/download/gamecubeeuroperedump;zip
FIFA Football 2005.7z;https://tinyurl.com/2yl63hp7;959.40 MiB;7z;https://archive.org/download/gamecubeeuroperedump;zip
FIFA Street 2.7z;https://tinyurl.com/25muvw8g;1.04 GiB;7z;https://archive.org/download/gamecubeeuroperedump;zip
FIFA Street.7z;https://tinyurl.com/2xu5stz2;1.18 GiB;7z;https://archive.org/download/gamecubeeuroperedump;zip
FIFA World Cup Germany 2006.7z;https://tinyurl.com/23r6qfdm;1020.37 MiB;7z;https://archive.org/download/gamecubeeuroperedump;zip
Fantastic 4.7z;https://tinyurl.com/298rcuvr;991.73 MiB;7z;https://archive.org/download/gamecubeeuroperedump;zip
Fight Night Round 2.7z;https://tinyurl.com/24g29s8d;1.06 GiB;7z;https://archive.org/download/gamecubeeuroperedump;zip
Final Fantasy - Crystal Chronicles.7z;https://tinyurl.com/26f7l5n3;630.13 MiB;7z;https://archive.org/download/gamecubeeuroperedump;zip
Fire Emblem - Path of Radiance.7z;https://tinyurl.com/2ar9yyxx;978.99 MiB;7z;https://archive.org/download/gamecubeeuroperedump;zip
FireBlade.7z;https://tinyurl.com/2adzaqjg;1.01 GiB;7z;https://archive.org/download/gamecubeeuroperedump;zip
Franklin - Un anniversaire surprise.7z;https://tinyurl.com/2awdq7tr;961.52 MiB;7z;https://archive.org/download/gamecubeeuroperedump;zip
Freedom Fighters.7z;https://tinyurl.com/25puwupt;1.03 GiB;7z;https://archive.org/download/gamecubeeuroperedump;zip
Freekstyle.7z;https://tinyurl.com/27shhyrf;1.07 GiB;7z;https://archive.org/download/gamecubeeuroperedump;zip
Frogger Beyond.7z;https://tinyurl.com/2dmjc6zm;1.02 GiB;7z;https://archive.org/download/gamecubeeuroperedump;zip
Future Tactics - The Uprising.7z;https://tinyurl.com/26gv7jxy;1.26 GiB;7z;https://archive.org/download/gamecubeeuroperedump;zip
Gadget Racers.7z;https://tinyurl.com/27z7wlxr;1.35 GiB;7z;https://archive.org/download/gamecubeeuroperedump;zip
Game Boy Player Start-Up Disc.7z;https://tinyurl.com/2dc9rppy;1.36 GiB;7z;https://archive.org/download/gamecubeeuroperedump;zip
Gauntlet - Dark Legacy.7z;https://tinyurl.com/2c44o3hg;952.40 MiB;7z;https://archive.org/download/gamecubeeuroperedump;zip
Geist.7z;https://tinyurl.com/2dy5xlqe;512.46 MiB;7z;https://archive.org/download/gamecubeeuroperedump;zip
Gladius.7z;https://tinyurl.com/23fkrgcj;943.16 MiB;7z;https://archive.org/download/gamecubeeuroperedump;zip
Goblin Commander - Unleash the Horde.7z;https://tinyurl.com/29u8ofo2;943.79 MiB;7z;https://archive.org/download/gamecubeeuroperedump;zip
Godzilla - Destroy All Monsters Melee.7z;https://tinyurl.com/23mg63jb;1022.07 MiB;7z;https://archive.org/download/gamecubeeuroperedump;zip
GoldenEye - Rogue Agent.7z;https://tinyurl.com/26g2uss2;1.57 GiB;7z;https://archive.org/download/gamecubeeuroperedump;zip
Gotcha Force.7z;https://tinyurl.com/26tql38j;900.19 MiB;7z;https://archive.org/download/gamecubeeuroperedump;zip
Gun.7z;https://tinyurl.com/2axmu9av;992.02 MiB;7z;https://archive.org/download/gamecubeeuroperedump;zip
Harry Potter - Quidditch World Cup.7z;https://tinyurl.com/278qouc5;1.13 GiB;7z;https://archive.org/download/gamecubeeuroperedump;zip
Harry Potter and the Chamber of Secrets.7z;https://tinyurl.com/2bx92vyq;798.17 MiB;7z;https://archive.org/download/gamecubeeuroperedump;zip
Harry Potter and the Goblet of Fire.7z;https://tinyurl.com/2a5rmg7p;851.16 MiB;7z;https://archive.org/download/gamecubeeuroperedump;zip
Harry Potter and the Philosopher's Stone.7z;https://tinyurl.com/2ylk8crn;694.02 MiB;7z;https://archive.org/download/gamecubeeuroperedump;zip
Harry Potter and the Prisoner of Azkaban.7z;https://tinyurl.com/2cyzsx2j;667.37 MiB;7z;https://archive.org/download/gamecubeeuroperedump;zip
Harvest Moon - A Wonderful Life.7z;https://tinyurl.com/286mb5q2;1.06 GiB;7z;https://archive.org/download/gamecubeeuroperedump;zip
Hello Kitty - Roller Rescue.7z;https://tinyurl.com/28kdyd6j;725.57 MiB;7z;https://archive.org/download/gamecubeeuroperedump;zip
Hitman 2 - Silent Assassin.7z;https://tinyurl.com/25u7feho;1.19 GiB;7z;https://archive.org/download/gamecubeeuroperedump;zip
Hot Wheels - Velocity X.7z;https://tinyurl.com/2ybanwy2;904.70 MiB;7z;https://archive.org/download/gamecubeeuroperedump;zip
Hot Wheels - World Race.7z;https://tinyurl.com/275f7ldc;1.30 GiB;7z;https://archive.org/download/gamecubeeuroperedump;zip
Hulk.7z;https://tinyurl.com/27j5usqt;977.40 MiB;7z;https://archive.org/download/gamecubeeuroperedump;zip
Hunter - The Reckoning.7z;https://tinyurl.com/24yzvfbx;781.72 MiB;7z;https://archive.org/download/gamecubeeuroperedump;zip
Ice Age 2 - The Meltdown.7z;https://tinyurl.com/22qdrq3f;987.14 MiB;7z;https://archive.org/download/gamecubeeuroperedump;zip
Ikaruga.7z;https://tinyurl.com/2xkd4sfx;1.28 GiB;7z;https://archive.org/download/gamecubeeuroperedump;zip
International Superstar Soccer 2.7z;https://tinyurl.com/283aqtr9;1.11 GiB;7z;https://archive.org/download/gamecubeeuroperedump;zip
International Superstar Soccer 3.7z;https://tinyurl.com/2569tavm;1021.05 MiB;7z;https://archive.org/download/gamecubeeuroperedump;zip
Jeremy McGrath Supercross World.7z;https://tinyurl.com/25qsv5zv;1.12 GiB;7z;https://archive.org/download/gamecubeeuroperedump;zip
Judge Dredd - Dredd vs. Death.7z;https://tinyurl.com/2b7732tl;979.37 MiB;7z;https://archive.org/download/gamecubeeuroperedump;zip
Kao the Kangaroo - Round 2.7z;https://tinyurl.com/23te68e6;1005.80 MiB;7z;https://archive.org/download/gamecubeeuroperedump;zip
Kelly Slater's Pro Surfer.7z;https://tinyurl.com/25wxncfp;1.13 GiB;7z;https://archive.org/download/gamecubeeuroperedump;zip
Killer 7.7z;https://tinyurl.com/265tywmh;1.91 GiB;7z;https://archive.org/download/gamecubeeuroperedump;zip
King Arthur.7z;https://tinyurl.com/2y2reg5f;1020.69 MiB;7z;https://archive.org/download/gamecubeeuroperedump;zip
Kirby Air Ride.7z;https://tinyurl.com/23c9a7dq;1.21 GiB;7z;https://archive.org/download/gamecubeeuroperedump;zip
Knights of the Temple - Infernal Crusade.7z;https://tinyurl.com/276ahbzb;867.55 MiB;7z;https://archive.org/download/gamecubeeuroperedump;zip
Knockout Kings 2003.7z;https://tinyurl.com/2de32nn2;1.12 GiB;7z;https://archive.org/download/gamecubeeuroperedump;zip
LEGO Star Wars - The Video Game.7z;https://tinyurl.com/23lnhv2f;908.96 MiB;7z;https://archive.org/download/gamecubeeuroperedump;zip
LEGO Star Wars II - The Original Trilogy.7z;https://tinyurl.com/26txwuon;938.42 MiB;7z;https://archive.org/download/gamecubeeuroperedump;zip
Lara Croft Tomb Raider - Legend.7z;https://tinyurl.com/2adkwb7j;1.22 GiB;7z;https://archive.org/download/gamecubeeuroperedump;zip
Largo Winch - Empire Under Threat.7z;https://tinyurl.com/27loqw8q;1.06 GiB;7z;https://archive.org/download/gamecubeeuroperedump;zip
Legends of Wrestling II.7z;https://tinyurl.com/2y73twua;1.11 GiB;7z;https://archive.org/download/gamecubeeuroperedump;zip
Legends of Wrestling.7z;https://tinyurl.com/2am6ubo9;1.12 GiB;7z;https://archive.org/download/gamecubeeuroperedump;zip
Lemony Snicket's A Series of Unfortunate Events.7z;https://tinyurl.com/2coqefps;1.05 GiB;7z;https://archive.org/download/gamecubeeuroperedump;zip
Looney Tunes - Back in Action.7z;https://tinyurl.com/29ku59ng;814.61 MiB;7z;https://archive.org/download/gamecubeeuroperedump;zip
Lost Kingdoms II.7z;https://tinyurl.com/29m6jruv;844.42 MiB;7z;https://archive.org/download/gamecubeeuroperedump;zip
Lost Kingdoms.7z;https://tinyurl.com/283ovotp;1.14 GiB;7z;https://archive.org/download/gamecubeeuroperedump;zip
Luigi's Mansion.7z;https://tinyurl.com/2bs79pjd;1.24 GiB;7z;https://archive.org/download/gamecubeeuroperedump;zip
MC Groovz Dance Craze.7z;https://tinyurl.com/23awsm6b;1.18 GiB;7z;https://archive.org/download/gamecubeeuroperedump;zip
MX SuperFly.7z;https://tinyurl.com/2dnvf9e7;863.94 MiB;7z;https://archive.org/download/gamecubeeuroperedump;zip
Madden NFL 06.7z;https://tinyurl.com/2xwrdhl2;999.98 MiB;7z;https://archive.org/download/gamecubeeuroperedump;zip
Madden NFL 2003.7z;https://tinyurl.com/293b4dkk;1.03 GiB;7z;https://archive.org/download/gamecubeeuroperedump;zip
Madden NFL 2004.7z;https://tinyurl.com/2abg82s5;1.01 GiB;7z;https://archive.org/download/gamecubeeuroperedump;zip
Madden NFL 2005.7z;https://tinyurl.com/29dklre8;1.00 GiB;7z;https://archive.org/download/gamecubeeuroperedump;zip
Mario Golf - Toadstool Tour.7z;https://tinyurl.com/2chgvxgk;951.47 MiB;7z;https://archive.org/download/gamecubeeuroperedump;zip
Mario Kart - Double Dash!!.7z;https://tinyurl.com/22dwj3ud;1.18 GiB;7z;https://archive.org/download/gamecubeeuroperedump;zip
Mario Party 4.7z;https://tinyurl.com/27a5sx7n;1.09 GiB;7z;https://archive.org/download/gamecubeeuroperedump;zip
Mario Party 5.7z;https://tinyurl.com/284k8fyo;1.07 GiB;7z;https://archive.org/download/gamecubeeuroperedump;zip
Mario Party 6.7z;https://tinyurl.com/27ntz7l7;1.13 GiB;7z;https://archive.org/download/gamecubeeuroperedump;zip
Mario Party 7.7z;https://tinyurl.com/2dhvdcce;1.18 GiB;7z;https://archive.org/download/gamecubeeuroperedump;zip
Mario Power Tennis.7z;https://tinyurl.com/27uotrrw;1.25 GiB;7z;https://archive.org/download/gamecubeeuroperedump;zip
Mario Smash Football.7z;https://tinyurl.com/278f8jup;1.06 GiB;7z;https://archive.org/download/gamecubeeuroperedump;zip
Mario Superstar Baseball.7z;https://tinyurl.com/26xa4un7;1.22 GiB;7z;https://archive.org/download/gamecubeeuroperedump;zip
Marvel Nemesis - Rise of the Imperfects.7z;https://tinyurl.com/23a4zwyc;819.96 MiB;7z;https://archive.org/download/gamecubeeuroperedump;zip
Mary-Kate and Ashley - Sweet 16 - Licensed to Drive.7z;https://tinyurl.com/27yjtwox;1.11 GiB;7z;https://archive.org/download/gamecubeeuroperedump;zip
Mat Hoffman's Pro BMX 2.7z;https://tinyurl.com/27pk4kv5;1.22 GiB;7z;https://archive.org/download/gamecubeeuroperedump;zip
Medabots Infinity.7z;https://tinyurl.com/2bnur8rz;1.17 GiB;7z;https://archive.org/download/gamecubeeuroperedump;zip
Medal of Honor - European Assault.7z;https://tinyurl.com/23r9fxyp;911.62 MiB;7z;https://archive.org/download/gamecubeeuroperedump;zip
Medal of Honor - Frontline.7z;https://tinyurl.com/2bved55y;600.02 MiB;7z;https://archive.org/download/gamecubeeuroperedump;zip
Medal of Honor - Rising Sun.7z;https://tinyurl.com/2cmekqc6;1.64 GiB;7z;https://archive.org/download/gamecubeeuroperedump;zip
Mega Man - Network Transmission.7z;https://tinyurl.com/2bl4sobd;1.22 GiB;7z;https://archive.org/download/gamecubeeuroperedump;zip
Mega Man X - Command Mission.7z;https://tinyurl.com/23tl8mfe;613.46 MiB;7z;https://archive.org/download/gamecubeeuroperedump;zip
Men in Black II - Alien Escape.7z;https://tinyurl.com/2dyeokfp;787.29 MiB;7z;https://archive.org/download/gamecubeeuroperedump;zip
Metal Arms - Glitch in the System.7z;https://tinyurl.com/254qcbmw;1.10 GiB;7z;https://archive.org/download/gamecubeeuroperedump;zip
Metal Gear Solid - The Twin Snake.7z;https://tinyurl.com/27xhhshq;2.44 GiB;7z;https://archive.org/download/gamecubeeuroperedump;zip
Metroid Prime 2 - Echoes.7z;https://tinyurl.com/yde6zy57;1.00 GiB;7z;https://archive.org/download/gamecubeeuroperedump;zip
Metroid Prime.7z;https://tinyurl.com/y893nwps;941.65 MiB;7z;https://archive.org/download/gamecubeeuroperedump;zip
Micro Machines.7z;https://tinyurl.com/25yc6z33;1.16 GiB;7z;https://archive.org/download/gamecubeeuroperedump;zip
Minority Report - Everybody Runs.7z;https://tinyurl.com/23q72ssz;1.10 GiB;7z;https://archive.org/download/gamecubeeuroperedump;zip
Mission - Impossible - Operation Surma.7z;https://tinyurl.com/24n7ce4g;1013.71 MiB;7z;https://archive.org/download/gamecubeeuroperedump;zip
Monopoly Party.7z;https://tinyurl.com/26pqtz62;1.10 GiB;7z;https://archive.org/download/gamecubeeuroperedump;zip
Monster House.7z;https://tinyurl.com/24u2oyb8;1.07 GiB;7z;https://archive.org/download/gamecubeeuroperedump;zip
Monster Jam - Maximum Destruction.7z;https://tinyurl.com/29fwfgru;1.18 GiB;7z;https://archive.org/download/gamecubeeuroperedump;zip
Mortal Kombat - Deadly Alliance.7z;https://tinyurl.com/2dl5gov2;983.22 MiB;7z;https://archive.org/download/gamecubeeuroperedump;zip
Mystic Heroes.7z;https://tinyurl.com/2yftuef8;1.13 GiB;7z;https://archive.org/download/gamecubeeuroperedump;zip
NBA 2K3.7z;https://tinyurl.com/29cz9n8y;1.18 GiB;7z;https://archive.org/download/gamecubeeuroperedump;zip
NBA Courtside 2002.7z;https://tinyurl.com/2xsasjrw;959.29 MiB;7z;https://archive.org/download/gamecubeeuroperedump;zip
NBA Live 06.7z;https://tinyurl.com/26mcnoj6;925.01 MiB;7z;https://archive.org/download/gamecubeeuroperedump;zip
NBA Live 2003.7z;https://tinyurl.com/29jdlaeq;1.09 GiB;7z;https://archive.org/download/gamecubeeuroperedump;zip
NBA Live 2004.7z;https://tinyurl.com/2xjoujb9;958.81 MiB;7z;https://archive.org/download/gamecubeeuroperedump;zip
NBA Live 2005.7z;https://tinyurl.com/2d2ayako;1010.25 MiB;7z;https://archive.org/download/gamecubeeuroperedump;zip
NBA Street V3.7z;https://tinyurl.com/2dgxozy8;1.11 GiB;7z;https://archive.org/download/gamecubeeuroperedump;zip
NBA Street Vol. 2.7z;https://tinyurl.com/25mqz2sb;919.86 MiB;7z;https://archive.org/download/gamecubeeuroperedump;zip
NFL 2K3.7z;https://tinyurl.com/2592rser;822.85 MiB;7z;https://archive.org/download/gamecubeeuroperedump;zip
NFL Street 2.7z;https://tinyurl.com/2527g882;752.29 MiB;7z;https://archive.org/download/gamecubeeuroperedump;zip
NFL Street.7z;https://tinyurl.com/26acjufk;1.00 GiB;7z;https://archive.org/download/gamecubeeuroperedump;zip
NHL 06.7z;https://tinyurl.com/27jr54uk;1.02 GiB;7z;https://archive.org/download/gamecubeeuroperedump;zip
NHL 2003.7z;https://tinyurl.com/2xofhv5k;1.15 GiB;7z;https://archive.org/download/gamecubeeuroperedump;zip
NHL 2004.7z;https://tinyurl.com/2bz4rprx;1.14 GiB;7z;https://archive.org/download/gamecubeeuroperedump;zip
NHL 2005.7z;https://tinyurl.com/23lgfhy7;1.09 GiB;7z;https://archive.org/download/gamecubeeuroperedump;zip
NHL 2K3.7z;https://tinyurl.com/26ychyte;1.11 GiB;7z;https://archive.org/download/gamecubeeuroperedump;zip
NHL Hitz 2002.7z;https://tinyurl.com/22gphldz;1.14 GiB;7z;https://archive.org/download/gamecubeeuroperedump;zip
NHL Hitz 2003.7z;https://tinyurl.com/2y8kdw6x;1.03 GiB;7z;https://archive.org/download/gamecubeeuroperedump;zip
Namco Museum 50th Anniversary.7z;https://tinyurl.com/2bdx2zu6;1.25 GiB;7z;https://archive.org/download/gamecubeeuroperedump;zip
Naruto - Clash of Ninja.7z;https://tinyurl.com/2bqnpqan;1.21 GiB;7z;https://archive.org/download/gamecubeeuroperedump;zip
Need for Speed - Carbon.7z;https://tinyurl.com/26k7wg6p;978.68 MiB;7z;https://archive.org/download/gamecubeeuroperedump;zip
Need for Speed - Hot Pursuit 2.7z;https://tinyurl.com/25c2sqw7;1013.94 MiB;7z;https://archive.org/download/gamecubeeuroperedump;zip
Need for Speed - Most Wanted.7z;https://tinyurl.com/24xgjb4q;1003.52 MiB;7z;https://archive.org/download/gamecubeeuroperedump;zip
Need for Speed - Underground 2.7z;https://tinyurl.com/26gqqmjt;970.36 MiB;7z;https://archive.org/download/gamecubeeuroperedump;zip
Need for Speed - Underground.7z;https://tinyurl.com/247buvbz;1.01 GiB;7z;https://archive.org/download/gamecubeeuroperedump;zip
Nick Jr. Dora the Explorer - Journey to the Purple Planet.7z;https://tinyurl.com/27vr8wy6;334.40 MiB;7z;https://archive.org/download/gamecubeeuroperedump;zip
Nickelodeon Avatar - The Legend of Aang.7z;https://tinyurl.com/28srzha4;1.01 GiB;7z;https://archive.org/download/gamecubeeuroperedump;zip
Nickelodeon Barnyard.7z;https://tinyurl.com/28f3s9tk;1.07 GiB;7z;https://archive.org/download/gamecubeeuroperedump;zip
Nickelodeon Jimmy Neutron - Boy Genius - Attack of the Twonkies.7z;https://tinyurl.com/2bjx4fvw;1007.10 MiB;7z;https://archive.org/download/gamecubeeuroperedump;zip
Nickelodeon Jimmy Neutron - Boy Genius.7z;https://tinyurl.com/2aasxqoe;1.14 GiB;7z;https://archive.org/download/gamecubeeuroperedump;zip
Nickelodeon Party Blast.7z;https://tinyurl.com/26fvgweu;869.19 MiB;7z;https://archive.org/download/gamecubeeuroperedump;zip
Nickelodeon Rocket Power - Beach Bandits.7z;https://tinyurl.com/2arwtror;1.10 GiB;7z;https://archive.org/download/gamecubeeuroperedump;zip
Nickelodeon Rugrats - Royal Ransom.7z;https://tinyurl.com/2b8nk25b;639.84 MiB;7z;https://archive.org/download/gamecubeeuroperedump;zip
Nickelodeon SpongeBob SquarePants - Creature from the Krusty Krab.7z;https://tinyurl.com/25jqh4av;604.20 MiB;7z;https://archive.org/download/gamecubeeuroperedump;zip
Nickelodeon SpongeBob SquarePants - Lights, Camera, Pants!.7z;https://tinyurl.com/2562qtue;760.37 MiB;7z;https://archive.org/download/gamecubeeuroperedump;zip
Nickelodeon SpongeBob SquarePants - Revenge of the Flying Dutchman.7z;https://tinyurl.com/2ylfrgez;1.18 GiB;7z;https://archive.org/download/gamecubeeuroperedump;zip
Nickelodeon SpongeBob SquarePants - The Movie.7z;https://tinyurl.com/2226hns2;1.14 GiB;7z;https://archive.org/download/gamecubeeuroperedump;zip
Nickelodeon SpongeBob SquarePants and Friends Unite!.7z;https://tinyurl.com/286hu9cu;1.19 GiB;7z;https://archive.org/download/gamecubeeuroperedump;zip
Nickelodeon SpongeBob SquarePants in - Battle for Bikini Bottom.7z;https://tinyurl.com/2cpelotj;839.39 MiB;7z;https://archive.org/download/gamecubeeuroperedump;zip
Nickelodeon Tak - The Great Juju Challenge.7z;https://tinyurl.com/25u3yz4j;1.06 GiB;7z;https://archive.org/download/gamecubeeuroperedump;zip
Nickelodeon Tak 2 - The Staff of Dreams.7z;https://tinyurl.com/225knhev;991.35 MiB;7z;https://archive.org/download/gamecubeeuroperedump;zip
Nickelodeon The Adventures of Jimmy Neutron - Boy Genius - Jet Fusion.7z;https://tinyurl.com/225vamxa;892.69 MiB;7z;https://archive.org/download/gamecubeeuroperedump;zip
Odama.7z;https://tinyurl.com/27j9fjbx;1.18 GiB;7z;https://archive.org/download/gamecubeeuroperedump;zip
Open Season.7z;https://tinyurl.com/252w87su;897.61 MiB;7z;https://archive.org/download/gamecubeeuroperedump;zip
Outlaw Golf.7z;https://tinyurl.com/2d6fw3sf;1.16 GiB;7z;https://archive.org/download/gamecubeeuroperedump;zip
P.N. 03.7z;https://tinyurl.com/23kvpvek;1.05 GiB;7z;https://archive.org/download/gamecubeeuroperedump;zip
Pac-Man Vs..7z;https://tinyurl.com/22n36nxn;1.35 GiB;7z;https://archive.org/download/gamecubeeuroperedump;zip
Pac-Man World 2.7z;https://tinyurl.com/2ylqekwu;1.17 GiB;7z;https://archive.org/download/gamecubeeuroperedump;zip
Pac-Man World 3.7z;https://tinyurl.com/2cypy87q;907.88 MiB;7z;https://archive.org/download/gamecubeeuroperedump;zip
Paper Mario - The Thousand-Year Door.7z;https://tinyurl.com/2dyb6tvl;1.05 GiB;7z;https://archive.org/download/gamecubeeuroperedump;zip
Peter Jackson's King Kong - The Official Game of the Movie.7z;https://tinyurl.com/2xplepsv;988.61 MiB;7z;https://archive.org/download/gamecubeeuroperedump;zip
Phantasy Star Online Episode I & II.7z;https://tinyurl.com/29ueunt9;878.30 MiB;7z;https://archive.org/download/gamecubeeuroperedump;zip
Phantasy Star Online Episode III - C.A.R.D. Revolution.7z;https://tinyurl.com/265wjn6l;957.99 MiB;7z;https://archive.org/download/gamecubeeuroperedump;zip
Pikmin 2.7z;https://tinyurl.com/2alf5c3e;1.12 GiB;7z;https://archive.org/download/gamecubeeuroperedump;zip
Pikmin.7z;https://tinyurl.com/235hgao5;1.22 GiB;7z;https://archive.org/download/gamecubeeuroperedump;zip
Pitfall - The Lost Expedition.7z;https://tinyurl.com/2584xepo;1.10 GiB;7z;https://archive.org/download/gamecubeeuroperedump;zip
Pokemon Box - Ruby & Sapphire.7z;https://tinyurl.com/296en2m4;1.04 GiB;7z;https://archive.org/download/gamecubeeuroperedump;zip
Pokemon Channel.7z;https://tinyurl.com/2dbkoap9;1.11 GiB;7z;https://archive.org/download/gamecubeeuroperedump;zip
Pokemon XD - Gale of Darkness.7z;https://tinyurl.com/273s5vkz;1.01 GiB;7z;https://archive.org/download/gamecubeeuroperedump;zip
Pool Paradise.7z;https://tinyurl.com/249d4g6s;1.26 GiB;7z;https://archive.org/download/gamecubeeuroperedump;zip
Power Rangers - Dino Thunder.7z;https://tinyurl.com/2383ce62;1.19 GiB;7z;https://archive.org/download/gamecubeeuroperedump;zip
Prince of Persia - The Sands of Time.7z;https://tinyurl.com/22a7q5p5;1.15 GiB;7z;https://archive.org/download/gamecubeeuroperedump;zip
Prince of Persia - The Two Thrones.7z;https://tinyurl.com/2578nokp;1.01 GiB;7z;https://archive.org/download/gamecubeeuroperedump;zip
Prince of Persia - Warrior Within.7z;https://tinyurl.com/26m96y22;1002.62 MiB;7z;https://archive.org/download/gamecubeeuroperedump;zip
Pro Rally 2002.7z;https://tinyurl.com/25e42brh;997.88 MiB;7z;https://archive.org/download/gamecubeeuroperedump;zip
Pro Tennis WTA Tour.7z;https://tinyurl.com/22m7twso;1.20 GiB;7z;https://archive.org/download/gamecubeeuroperedump;zip
Puyo Pop Fever.7z;https://tinyurl.com/29va7ey8;983.99 MiB;7z;https://archive.org/download/gamecubeeuroperedump;zip
R-Racing.7z;https://tinyurl.com/27y99s5l;1.02 GiB;7z;https://archive.org/download/gamecubeeuroperedump;zip
Rally Championship.7z;https://tinyurl.com/24ehtn3m;1.21 GiB;7z;https://archive.org/download/gamecubeeuroperedump;zip
Rayman 3 - Hoodlum Havoc.7z;https://tinyurl.com/2yocaoer;961.92 MiB;7z;https://archive.org/download/gamecubeeuroperedump;zip
Red Faction II.7z;https://tinyurl.com/25frlp4f;814.68 MiB;7z;https://archive.org/download/gamecubeeuroperedump;zip
RedCard.7z;https://tinyurl.com/2ybv228p;1.01 GiB;7z;https://archive.org/download/gamecubeeuroperedump;zip
Reign of Fire.7z;https://tinyurl.com/25urqhpe;625.10 MiB;7z;https://archive.org/download/gamecubeeuroperedump;zip
Resident Evil - Code - Veronica X.7z;https://tinyurl.com/2879m9xp;2.01 GiB;7z;https://archive.org/download/gamecubeeuroperedump;zip
Resident Evil 2.7z;https://tinyurl.com/2ywh3tty;1.05 GiB;7z;https://archive.org/download/gamecubeeuroperedump;zip
Resident Evil 3 - Nemesis.7z;https://tinyurl.com/28v9tu7u;1.01 GiB;7z;https://archive.org/download/gamecubeeuroperedump;zip
Resident Evil 4 (Bonus Disc).7z;https://tinyurl.com/24cd5eo8;1.17 GiB;7z;https://archive.org/download/gamecubeeuroperedump;zip
Resident Evil 4.7z;https://tinyurl.com/22glwute;1.53 GiB;7z;https://archive.org/download/gamecubeeuroperedump;zip
Resident Evil Zero.7z;https://tinyurl.com/2ctkjz4a;1.80 GiB;7z;https://archive.org/download/gamecubeeuroperedump;zip
Resident Evil.7z;https://tinyurl.com/25zrmnls;1.57 GiB;7z;https://archive.org/download/gamecubeeuroperedump;zip
Ribbit King.7z;https://tinyurl.com/27le6rne;698.51 MiB;7z;https://archive.org/download/gamecubeeuroperedump;zip
Robotech - Battlecry.7z;https://tinyurl.com/23g85jk9;1.07 GiB;7z;https://archive.org/download/gamecubeeuroperedump;zip
Robots.7z;https://tinyurl.com/2bjotfjr;1.04 GiB;7z;https://archive.org/download/gamecubeeuroperedump;zip
Rocky.7z;https://tinyurl.com/23n3h6ry;1.14 GiB;7z;https://archive.org/download/gamecubeeuroperedump;zip
Rogue Ops.7z;https://tinyurl.com/2cap43qw;1.00 GiB;7z;https://archive.org/download/gamecubeeuroperedump;zip
SRS - Street Racing Syndicate.7z;https://tinyurl.com/2b2kxeje;998.74 MiB;7z;https://archive.org/download/gamecubeeuroperedump;zip
SSX 3.7z;https://tinyurl.com/2dzu7qyh;1.02 GiB;7z;https://archive.org/download/gamecubeeuroperedump;zip
SSX On Tour.7z;https://tinyurl.com/23cqwqxd;1.17 GiB;7z;https://archive.org/download/gamecubeeuroperedump;zip
SSX Tricky.7z;https://tinyurl.com/2c3tpgk7;1.00 GiB;7z;https://archive.org/download/gamecubeeuroperedump;zip
SX Superstar.7z;https://tinyurl.com/28y9kbvw;1.07 GiB;7z;https://archive.org/download/gamecubeeuroperedump;zip
Samurai Jack - The Shadow of Aku.7z;https://tinyurl.com/22kvfel9;1.05 GiB;7z;https://archive.org/download/gamecubeeuroperedump;zip
Scooby-Doo! Mystery Mayhem.7z;https://tinyurl.com/2dekp99m;867.58 MiB;7z;https://archive.org/download/gamecubeeuroperedump;zip
Scooby-Doo! Night of 100 Frights.7z;https://tinyurl.com/2yjlnckg;998.22 MiB;7z;https://archive.org/download/gamecubeeuroperedump;zip
Scooby-Doo! Unmasked.7z;https://tinyurl.com/23m87gm2;669.74 MiB;7z;https://archive.org/download/gamecubeeuroperedump;zip
SeaWorld Adventure Parks - Shamu's Deep Sea Adventures.7z;https://tinyurl.com/2c9trdmx;1.12 GiB;7z;https://archive.org/download/gamecubeeuroperedump;zip
Second Sight.7z;https://tinyurl.com/27ox2v5b;797.59 MiB;7z;https://archive.org/download/gamecubeeuroperedump;zip
Sega Soccer Slam.7z;https://tinyurl.com/2xslfodb;998.09 MiB;7z;https://archive.org/download/gamecubeeuroperedump;zip
Serious Sam - Next Encounter.7z;https://tinyurl.com/2cuft899;1.30 GiB;7z;https://archive.org/download/gamecubeeuroperedump;zip
Shadow The Hedgehog.7z;https://tinyurl.com/29otxltw;1.06 GiB;7z;https://archive.org/download/gamecubeeuroperedump;zip
Shrek 2.7z;https://tinyurl.com/23h3f9p8;1.11 GiB;7z;https://archive.org/download/gamecubeeuroperedump;zip
Shrek Extra Large.7z;https://tinyurl.com/289szcfm;966.63 MiB;7z;https://archive.org/download/gamecubeeuroperedump;zip
Shrek Super Party.7z;https://tinyurl.com/25crkqk2;1.19 GiB;7z;https://archive.org/download/gamecubeeuroperedump;zip
Skies of Arcadia Legends.7z;https://tinyurl.com/22cche4j;853.58 MiB;7z;https://archive.org/download/gamecubeeuroperedump;zip
Smuggler's Run - Warzones.7z;https://tinyurl.com/263rser7;1.18 GiB;7z;https://archive.org/download/gamecubeeuroperedump;zip
Sonic Adventure 2 - Battle.7z;https://tinyurl.com/2boybwbm;1.01 GiB;7z;https://archive.org/download/gamecubeeuroperedump;zip
Sonic Adventure DX - Director's Cut.7z;https://tinyurl.com/2754kgsx;1.02 GiB;7z;https://archive.org/download/gamecubeeuroperedump;zip
Sonic Gems Collection.7z;https://tinyurl.com/27jgzxc8;1.08 GiB;7z;https://archive.org/download/gamecubeeuroperedump;zip
Sonic Heroes.7z;https://tinyurl.com/27cl6d5g;1.03 GiB;7z;https://archive.org/download/gamecubeeuroperedump;zip
Sonic Mega Collection.7z;https://tinyurl.com/2y4slyxp;1.12 GiB;7z;https://archive.org/download/gamecubeeuroperedump;zip
Sonic Riders.7z;https://tinyurl.com/23vfcq9g;1.03 GiB;7z;https://archive.org/download/gamecubeeuroperedump;zip
Soulcalibur II.7z;https://tinyurl.com/24c63xnx;982.89 MiB;7z;https://archive.org/download/gamecubeeuroperedump;zip
Spartan - Total Warrior.7z;https://tinyurl.com/29wcjz7f;747.33 MiB;7z;https://archive.org/download/gamecubeeuroperedump;zip
Spawn - Armageddon.7z;https://tinyurl.com/222o79em;869.84 MiB;7z;https://archive.org/download/gamecubeeuroperedump;zip
Speed Challenge - Jacques Villeneuve's Racing Vision.7z;https://tinyurl.com/277ge68m;1.19 GiB;7z;https://archive.org/download/gamecubeeuroperedump;zip
Speed Kings.7z;https://tinyurl.com/29a2vaa8;1.09 GiB;7z;https://archive.org/download/gamecubeeuroperedump;zip
Sphinx and the Cursed Mummy.7z;https://tinyurl.com/29umx4uh;1.03 GiB;7z;https://archive.org/download/gamecubeeuroperedump;zip
Spider-Man 2.7z;https://tinyurl.com/2abcncby;1.05 GiB;7z;https://archive.org/download/gamecubeeuroperedump;zip
Spider-Man.7z;https://tinyurl.com/29dh43u4;863.65 MiB;7z;https://archive.org/download/gamecubeeuroperedump;zip
SpyHunter.7z;https://tinyurl.com/2chdd9wg;918.48 MiB;7z;https://archive.org/download/gamecubeeuroperedump;zip
Spyro - A Hero's Tail.7z;https://tinyurl.com/276l4g3n;828.68 MiB;7z;https://archive.org/download/gamecubeeuroperedump;zip
Spyro - Enter the Dragonfly.7z;https://tinyurl.com/26pue8n6;841.01 MiB;7z;https://archive.org/download/gamecubeeuroperedump;zip
Star Fox - Assault.7z;https://tinyurl.com/29g3x7cy;1017.20 MiB;7z;https://archive.org/download/gamecubeeuroperedump;zip
Star Fox Adventures.7z;https://tinyurl.com/2d445eeq;1.03 GiB;7z;https://archive.org/download/gamecubeeuroperedump;zip
Star Wars - Bounty Hunter.7z;https://tinyurl.com/27gultub;1.07 GiB;7z;https://archive.org/download/gamecubeeuroperedump;zip
Star Wars - Jedi Knight II - Jedi Outcast.7z;https://tinyurl.com/2dawhylz;1.23 GiB;7z;https://archive.org/download/gamecubeeuroperedump;zip
Star Wars - Rogue Squadron II - Rogue Leader.7z;https://tinyurl.com/2advjfpv;1.23 GiB;7z;https://archive.org/download/gamecubeeuroperedump;zip
Star Wars - Rogue Squadron III - Rebel Strike.7z;https://tinyurl.com/282q4b7m;1.12 GiB;7z;https://archive.org/download/gamecubeeuroperedump;zip
Star Wars - The Clone Wars.7z;https://tinyurl.com/2br8fbua;1.10 GiB;7z;https://archive.org/download/gamecubeeuroperedump;zip
Starsky & Hutch.7z;https://tinyurl.com/29hqjklw;722.15 MiB;7z;https://archive.org/download/gamecubeeuroperedump;zip
Summoner - A Goddess Reborn.7z;https://tinyurl.com/2bgvuv3m;1.01 GiB;7z;https://archive.org/download/gamecubeeuroperedump;zip
Super Bust-A-Move All Stars.7z;https://tinyurl.com/2yveopmr;1.23 GiB;7z;https://archive.org/download/gamecubeeuroperedump;zip
Super Mario Sunshine.7z;https://tinyurl.com/252bxvp6;925.52 MiB;7z;https://archive.org/download/gamecubeeuroperedump;zip
Super Monkey Ball 2.7z;https://tinyurl.com/25gyo65n;676.08 MiB;7z;https://archive.org/download/gamecubeeuroperedump;zip
Super Monkey Ball.7z;https://tinyurl.com/2c5reavd;1.07 GiB;7z;https://archive.org/download/gamecubeeuroperedump;zip
Super Smash Bros. Melee.7z;https://tinyurl.com/24gydmcc;949.46 MiB;7z;https://archive.org/download/gamecubeeuroperedump;zip
Superman - Shadow of Apokolips.7z;https://tinyurl.com/23vthlbw;1.03 GiB;7z;https://archive.org/download/gamecubeeuroperedump;zip
TMNT.7z;https://tinyurl.com/24qav36x;1.06 GiB;7z;https://archive.org/download/gamecubeeuroperedump;zip
TY the Tasmanian Tiger 2 - Bush Rescue.7z;https://tinyurl.com/26ygypdz;905.11 MiB;7z;https://archive.org/download/gamecubeeuroperedump;zip
TY the Tasmanian Tiger.7z;https://tinyurl.com/23bafqon;976.25 MiB;7z;https://archive.org/download/gamecubeeuroperedump;zip
Tak and the Power of Juju (Europe).7z;https://tinyurl.com/272pqreb;1.15 GiB;7z;https://archive.org/download/gamecubeeuroperedump;zip
Tales of Symphonia (Europe) (Disc 1).7z;https://tinyurl.com/2yx5xm6e;1006.63 MiB;7z;https://archive.org/download/gamecubeeuroperedump;zip
Tales of Symphonia (Europe) (Disc 2).7z;https://tinyurl.com/2xq9mywm;1004.91 MiB;7z;https://archive.org/download/gamecubeeuroperedump;zip
Taz - Wanted (Europe) (En,Fr,De,Es,It).7z;https://tinyurl.com/29hcepjg;1.06 GiB;7z;https://archive.org/download/gamecubeeuroperedump;zip
Teenage Mutant Ninja Turtles (Europe) (En,Fr,De,Es,It).7z;https://tinyurl.com/29x7zoj3;678.32 MiB;7z;https://archive.org/download/gamecubeeuroperedump;zip
Teenage Mutant Ninja Turtles 2 - Battle Nexus (Europe) (En,Fr,De,Es,It) (Disc 1).7z;https://tinyurl.com/2y3j6fqa;986.34 MiB;7z;https://archive.org/download/gamecubeeuroperedump;zip
Teenage Mutant Ninja Turtles 2 - Battle Nexus (Europe) (En,Fr,De,Es,It) (Disc 2).7z;https://tinyurl.com/2asvo8du;1.10 GiB;7z;https://archive.org/download/gamecubeeuroperedump;zip
Terminator 3 - The Redemption (Europe) (En,Fr,De,Es,It).7z;https://tinyurl.com/26npnxap;1.03 GiB;7z;https://archive.org/download/gamecubeeuroperedump;zip
Tetris Worlds (Europe) (En,Fr,De).7z;https://tinyurl.com/2af8yyxd;1.05 GiB;7z;https://archive.org/download/gamecubeeuroperedump;zip
The Chronicles of Narnia - The Lion, the Witch and the Wardrobe.7z;https://tinyurl.com/2bc8aj9b;1.03 GiB;7z;https://archive.org/download/gamecubeeuroperedump;zip
The Hobbit - The Prelude to the Lord of the Rings.7z;https://tinyurl.com/2yqo4dsg;991.24 MiB;7z;https://archive.org/download/gamecubeeuroperedump;zip
The Incredible Hulk - Ultimate Destruction.7z;https://tinyurl.com/292qesyx;1.03 GiB;7z;https://archive.org/download/gamecubeeuroperedump;zip
The Italian Job.7z;https://tinyurl.com/27rlb5qf;1.24 GiB;7z;https://archive.org/download/gamecubeeuroperedump;zip
The Legend of Spyro - A New Beginning.7z;https://tinyurl.com/2xmx6z7r;1.05 GiB;7z;https://archive.org/download/gamecubeeuroperedump;zip
The Legend of Zelda - Collector's Edition.7z;https://tinyurl.com/29qqmg85;847.90 MiB;7z;https://archive.org/download/gamecubeeuroperedump;zip
The Legend of Zelda - Four Swords Adventures.7z;https://tinyurl.com/2as3ez8v;1.18 GiB;7z;https://archive.org/download/gamecubeeuroperedump;zip
The Legend of Zelda - Ocarina of Time & Master Quest.7z;https://tinyurl.com/224xlrm4;1.02 GiB;7z;https://archive.org/download/gamecubeeuroperedump;zip
The Legend of Zelda - The Wind Waker.7z;https://tinyurl.com/2yeoxjou;1.04 GiB;7z;https://archive.org/download/gamecubeeuroperedump;zip
The Legend of Zelda - Twilight Princess.7z;https://tinyurl.com/yd6bc6yf;1.06 GiB;7z;https://archive.org/download/gamecubeeuroperedump;zip
The Lord of the Rings - The Return of the King.7z;https://tinyurl.com/22gxplpn;1.14 GiB;7z;https://archive.org/download/gamecubeeuroperedump;zip
The Lord of the Rings - The Third Age.7z;https://tinyurl.com/2y7slwz5;2.33 GiB;7z;https://archive.org/download/gamecubeeuroperedump;zip
The Lord of the Rings - The Two Towers.7z;https://tinyurl.com/2dndpnrk;1.05 GiB;7z;https://archive.org/download/gamecubeeuroperedump;zip
The Polar Express.7z;https://tinyurl.com/2yvstkpa;1.24 GiB;7z;https://archive.org/download/gamecubeeuroperedump;zip
The Powerpuff Girls - Relish Rampage - Pickled Edition.7z;https://tinyurl.com/29llu9bb;1.06 GiB;7z;https://archive.org/download/gamecubeeuroperedump;zip
The Scorpion King - Rise of the Akkadian.7z;https://tinyurl.com/225tza88;1.02 GiB;7z;https://archive.org/download/gamecubeeuroperedump;zip
The Simpsons - Hit & Run.7z;https://tinyurl.com/28dm3mcw;931.86 MiB;7z;https://archive.org/download/gamecubeeuroperedump;zip
The Simpsons - Road Rage.7z;https://tinyurl.com/2b3rmlyr;1.07 GiB;7z;https://archive.org/download/gamecubeeuroperedump;zip
The Sims - Bustin' Out.7z;https://tinyurl.com/2d3xxvgh;1.03 GiB;7z;https://archive.org/download/gamecubeeuroperedump;zip
The Sims 2 - Pets.7z;https://tinyurl.com/2cfdw3t8;925.05 MiB;7z;https://archive.org/download/gamecubeeuroperedump;zip
The Sims 2.7z;https://tinyurl.com/25d7x9ug;797.40 MiB;7z;https://archive.org/download/gamecubeeuroperedump;zip
The Sims.7z;https://tinyurl.com/2dy9ez6j;1.27 GiB;7z;https://archive.org/download/gamecubeeuroperedump;zip
The Sum of All Fears.7z;https://tinyurl.com/2aorzqv8;1.07 GiB;7z;https://archive.org/download/gamecubeeuroperedump;zip
The Urbz - Sims in the City.7z;https://tinyurl.com/28m8ymtm;956.45 MiB;7z;https://archive.org/download/gamecubeeuroperedump;zip
Tiger Woods PGA Tour 06.7z;https://tinyurl.com/235fnvw3;904.21 MiB;7z;https://archive.org/download/gamecubeeuroperedump;zip
Tiger Woods PGA Tour 2003.7z;https://tinyurl.com/2ynf8mhq;676.13 MiB;7z;https://archive.org/download/gamecubeeuroperedump;zip
Tiger Woods PGA Tour 2004.7z;https://tinyurl.com/25hgfqmb;1.47 GiB;7z;https://archive.org/download/gamecubeeuroperedump;zip
Tiger Woods PGA Tour 2005.7z;https://tinyurl.com/2anw93q9;1.40 GiB;7z;https://archive.org/download/gamecubeeuroperedump;zip
TimeSplitters - Future Perfect.7z;https://tinyurl.com/2bw4cqxr;848.86 MiB;7z;https://archive.org/download/gamecubeeuroperedump;zip
TimeSplitters 2.7z;https://tinyurl.com/2d3sallg;842.28 MiB;7z;https://archive.org/download/gamecubeeuroperedump;zip
Tom Clancy's Ghost Recon 2.7z;https://tinyurl.com/26t2p9gp;864.72 MiB;7z;https://archive.org/download/gamecubeeuroperedump;zip
Tom Clancy's Ghost Recon.7z;https://tinyurl.com/2danm8s8;1.02 GiB;7z;https://archive.org/download/gamecubeeuroperedump;zip
Tom Clancy's Rainbow Six - Lockdown.7z;https://tinyurl.com/228fedn5;1.09 GiB;7z;https://archive.org/download/gamecubeeuroperedump;zip
Tom Clancy's Rainbow Six 3.7z;https://tinyurl.com/2awz749w;1.00 GiB;7z;https://archive.org/download/gamecubeeuroperedump;zip
Tom Clancy's Splinter Cell - Chaos Theory.7z;https://tinyurl.com/2cezmdo9;1.64 GiB;7z;https://archive.org/download/gamecubeeuroperedump;zip
Tom Clancy's Splinter Cell - Double Agent .7z;https://tinyurl.com/22yk2qgd;2.19 GiB;7z;https://archive.org/download/gamecubeeuroperedump;zip
Tom Clancy's Splinter Cell - Pandora Tomorrow.7z;https://tinyurl.com/2am8mngb;739.63 MiB;7z;https://archive.org/download/gamecubeeuroperedump;zip
Tom Clancy's Splinter Cell.7z;https://tinyurl.com/2a8hwg2r;935.60 MiB;7z;https://archive.org/download/gamecubeeuroperedump;zip
Tony Hawk's Pro Skater 3.7z;https://tinyurl.com/23d6c9ar;1.12 GiB;7z;https://archive.org/download/gamecubeeuroperedump;zip
Tony Hawk's Pro Skater 4.7z;https://tinyurl.com/26a79s6e;1.15 GiB;7z;https://archive.org/download/gamecubeeuroperedump;zip
Tony Hawk's Underground 2.7z;https://tinyurl.com/2bb463b2;949.68 MiB;7z;https://archive.org/download/gamecubeeuroperedump;zip
Tony Hawk's Underground.7z;https://tinyurl.com/2cj99pzk;1.14 GiB;7z;https://archive.org/download/gamecubeeuroperedump;zip
Top Angler - Real Bass Fishing.7z;https://tinyurl.com/22d6yphg;1.33 GiB;7z;https://archive.org/download/gamecubeeuroperedump;zip
Top Gun - Combat Zones.7z;https://tinyurl.com/2y5xv39v;515.90 MiB;7z;https://archive.org/download/gamecubeeuroperedump;zip
True Crime - New York City.7z;https://tinyurl.com/2xkt229z;976.40 MiB;7z;https://archive.org/download/gamecubeeuroperedump;zip
True Crime - Streets of LA.7z;https://tinyurl.com/2d3e5qjx;856.02 MiB;7z;https://archive.org/download/gamecubeeuroperedump;zip
Turok - Evolution.7z;https://tinyurl.com/2bs924bf;600.85 MiB;7z;https://archive.org/download/gamecubeeuroperedump;zip
UEFA Champions League 2004-2005.7z;https://tinyurl.com/26lq8r7h;1.05 GiB;7z;https://archive.org/download/gamecubeeuroperedump;zip
UFC - Throwdown.7z;https://tinyurl.com/2dox7l69;636.03 MiB;7z;https://archive.org/download/gamecubeeuroperedump;zip
Ultimate Spider-Man.7z;https://tinyurl.com/28234nbt;977.07 MiB;7z;https://archive.org/download/gamecubeeuroperedump;zip
Universal Studios Theme Park Adventure.7z;https://tinyurl.com/2bqzfoyh;1.00 GiB;7z;https://archive.org/download/gamecubeeuroperedump;zip
Urban Freestyle Soccer.7z;https://tinyurl.com/29ura76n;1.12 GiB;7z;https://archive.org/download/gamecubeeuroperedump;zip
V-Rally 3.7z;https://tinyurl.com/25m735gm;569.57 MiB;7z;https://archive.org/download/gamecubeeuroperedump;zip
Vexx.7z;https://tinyurl.com/2476kt2c;1.05 GiB;7z;https://archive.org/download/gamecubeeuroperedump;zip
Viewtiful Joe - Red Hot Rumble.7z;https://tinyurl.com/22wyh6rr;476.44 MiB;7z;https://archive.org/download/gamecubeeuroperedump;zip
Viewtiful Joe 2.7z;https://tinyurl.com/2bbwfqgy;547.12 MiB;7z;https://archive.org/download/gamecubeeuroperedump;zip
Viewtiful Joe.7z;https://tinyurl.com/2b544699;519.43 MiB;7z;https://archive.org/download/gamecubeeuroperedump;zip
Virtua Striker 3 Ver. 2002.7z;https://tinyurl.com/22ak5m2j;945.52 MiB;7z;https://archive.org/download/gamecubeeuroperedump;zip
WWE Crush Hour.7z;https://tinyurl.com/27nvajd9;1.23 GiB;7z;https://archive.org/download/gamecubeeuroperedump;zip
WWE Day of Reckoning 2.7z;https://tinyurl.com/2a78husc;1001.96 MiB;7z;https://archive.org/download/gamecubeeuroperedump;zip
WWE Day of Reckoning.7z;https://tinyurl.com/2cgndm3n;962.31 MiB;7z;https://archive.org/download/gamecubeeuroperedump;zip
WWE WrestleMania X8.7z;https://tinyurl.com/29jmg383;765.40 MiB;7z;https://archive.org/download/gamecubeeuroperedump;zip
WWE WrestleMania XIX.7z;https://tinyurl.com/23upd5dn;1019.52 MiB;7z;https://archive.org/download/gamecubeeuroperedump;zip
Wallace & Gromit in Project Zoo.7z;https://tinyurl.com/25cpsesx;1.17 GiB;7z;https://archive.org/download/gamecubeeuroperedump;zip
Wario World.7z;https://tinyurl.com/24eu96e3;1.27 GiB;7z;https://archive.org/download/gamecubeeuroperedump;zip
WarioWare, Inc. - Mega Party Game$!.7z;https://tinyurl.com/2bnwjkjk;1.04 GiB;7z;https://archive.org/download/gamecubeeuroperedump;zip
Wave Race - Blue Storm.7z;https://tinyurl.com/25g7y8et;825.21 MiB;7z;https://archive.org/download/gamecubeeuroperedump;zip
Whirl Tour.7z;https://tinyurl.com/2c5bh43s;1.15 GiB;7z;https://archive.org/download/gamecubeeuroperedump;zip
World Racing.7z;https://tinyurl.com/248n4sb2;1.17 GiB;7z;https://archive.org/download/gamecubeeuroperedump;zip
Worms 3D.7z;https://tinyurl.com/2ddgkqbd;992.47 MiB;7z;https://archive.org/download/gamecubeeuroperedump;zip
Worms Blast.7z;https://tinyurl.com/29f5v5fx;1.17 GiB;7z;https://archive.org/download/gamecubeeuroperedump;zip
Wreckless - The Yakuza Missions.7z;https://tinyurl.com/2ajtty2m;860.63 MiB;7z;https://archive.org/download/gamecubeeuroperedump;zip
X-Men - Next Dimension.7z;https://tinyurl.com/28habuy3;1.21 GiB;7z;https://archive.org/download/gamecubeeuroperedump;zip
X-Men - The Official Game.7z;https://tinyurl.com/2bl6l33f;1000.34 MiB;7z;https://archive.org/download/gamecubeeuroperedump;zip
X-Men 2 - Wolverine's Revenge.7z;https://tinyurl.com/2adyhdsu;1.08 GiB;7z;https://archive.org/download/gamecubeeuroperedump;zip
X-Men Legends II - Rise of Apocalypse.7z;https://tinyurl.com/2bckn2jp;1.13 GiB;7z;https://archive.org/download/gamecubeeuroperedump;zip
X-Men Legends.7z;https://tinyurl.com/25w9z592;1.18 GiB;7z;https://archive.org/download/gamecubeeuroperedump;zip
XGIII - Extreme G Racing.7z;https://tinyurl.com/2935rbbe;1.26 GiB;7z;https://archive.org/download/gamecubeeuroperedump;zip
XGRA - Extreme G Racing Association.7z;https://tinyurl.com/2b5pbfdx;869.95 MiB;7z;https://archive.org/download/gamecubeeuroperedump;zip
XIII.7z;https://tinyurl.com/24x46rrc;1.14 GiB;7z;https://archive.org/download/gamecubeeuroperedump;zip
Yu-Gi-Oh! The Falsebound Kingdom.7z;https://tinyurl.com/2b2b5lq4;1.19 GiB;7z;https://archive.org/download/gamecubeeuroperedump;zip
Zapper.7z;https://tinyurl.com/296kx4va;698.86 MiB;7z;https://archive.org/download/gamecubeeuroperedump;zip
ZooCube.7z;https://tinyurl.com/2aep3r5s;1.11 GiB;7z;https://archive.org/download/gamecubeeuroperedump;zip
