18 Wheeler: American Pro Trucker (deluxe, Rev A);https://archive.org/download/demul07_2017/2_demul_roms_11-11-2017//18wheelr.zip
18 Wheeler: American Pro Trucker (standard);https://archive.org/download/demul07_2017/2_demul_roms_11-11-2017//18wheels.zip
18 Wheeler: American Pro Trucker (upright);https://archive.org/download/demul07_2017/2_demul_roms_11-11-2017//18wheelu.zip
Air Trix (Rev A);https://archive.org/download/demul07_2017/2_demul_roms_11-11-2017//airtrix.zip
Air Trix (original);https://archive.org/download/demul07_2017/2_demul_roms_11-11-2017//airtrixo.zip
Akai Katana (2010/ 8/13 MASTER VER.);https://archive.org/download/demul07_2017/2_demul_roms_11-11-2017//akatana.zip
Alien Front (Rev T);https://archive.org/download/demul07_2017/2_demul_roms_11-11-2017//alienfnt.zip
Alien Front (Rev A);https://archive.org/download/demul07_2017/2_demul_roms_11-11-2017//alienfnta.zip
Airline Pilots (World, Rev B);https://archive.org/download/demul07_2017/2_demul_roms_11-11-2017//alpilot.zip
Airline Pilots (Japan, Rev A);https://archive.org/download/demul07_2017/2_demul_roms_11-11-2017//alpilotj.zip
Animal Basket / Hustle Tamaire Kyousou (24 Jan 2005);https://archive.org/download/demul07_2017/2_demul_roms_11-11-2017//anmlbskt.zip
Animal Basket / Hustle Tamaire Kyousou (19 Jan 2005);https://archive.org/download/demul07_2017/2_demul_roms_11-11-2017//anmlbskta.zip
Asian Dynamite / Dynamite Deka EX;https://archive.org/download/demul07_2017/2_demul_roms_11-11-2017//asndynmt.zip
ATV Track (set 1);https://archive.org/download/demul07_2017/2_demul_roms_11-11-2017//atvtrack.zip
ATV Track (set 2);https://archive.org/download/demul07_2017/2_demul_roms_11-11-2017//atvtracka.zip
Akatsuki Blitzkampf Ausf. Achse (Japan);https://archive.org/download/demul07_2017/2_demul_roms_11-11-2017//ausfache.zip
Atomiswave BIOS;https://archive.org/download/demul07_2017/2_demul_roms_11-11-2017//awbios.zip
Azumanga Daioh Puzzle Bobble (GDL-0018);https://archive.org/download/demul07_2017/2_demul_roms_11-11-2017//azumanga.zip
Sega Bass Fishing Challenge Version A;https://archive.org/download/demul07_2017/2_demul_roms_11-11-2017//basschal.zip
Sega Bass Fishing Challenge;https://archive.org/download/demul07_2017/2_demul_roms_11-11-2017//basschalo.zip
Border Down (Rev A) (GDL-0023A);https://archive.org/download/demul07_2017/2_demul_roms_11-11-2017//bdrdown.zip
Beach Spikers (GDS-0014);https://archive.org/download/demul07_2017/2_demul_roms_11-11-2017//beachspi.zip
Block Pong-Pong;https://archive.org/download/demul07_2017/2_demul_roms_11-11-2017//blokpong.zip
Brave Firefighters;https://archive.org/download/demul07_2017/2_demul_roms_11-11-2017//braveff.zip
Brick People / Block PeePoo (Ver 1.002);https://archive.org/download/demul07_2017/2_demul_roms_11-11-2017//brickppl.zip
Capcom Vs. SNK: Millennium Fight 2000 (Rev C);https://archive.org/download/demul07_2017/2_demul_roms_11-11-2017//capsnk.zip
Capcom Vs. SNK: Millennium Fight 2000 (Rev A);https://archive.org/download/demul07_2017/2_demul_roms_11-11-2017//capsnka.zip
Capcom Vs. SNK: Millennium Fight 2000;https://archive.org/download/demul07_2017/2_demul_roms_11-11-2017//capsnkb.zip
Chaos Field (Japan) (GDL-0025);https://archive.org/download/demul07_2017/2_demul_roms_11-11-2017//cfield.zip
Musapey's Choco Marker (Rev A) (GDL-0014A);https://archive.org/download/demul07_2017/2_demul_roms_11-11-2017//chocomk.zip
Sega Clay Challenge;https://archive.org/download/demul07_2017/2_demul_roms_11-11-2017//claychal.zip
Cleopatra Fortune Plus (GDL-0012);https://archive.org/download/demul07_2017/2_demul_roms_11-11-2017//cleoftp.zip
Club Kart: European Session (2003, Rev A);https://archive.org/download/demul07_2017/2_demul_roms_11-11-2017//clubk2k3.zip
Club Kart: European Session (2003, prototype, set 1);https://archive.org/download/demul07_2017/2_demul_roms_11-11-2017//clubk2kp.zip
Club Kart for Cycraft (Rev A) (GDS-0029A);https://archive.org/download/demul07_2017/2_demul_roms_11-11-2017//clubkcyc.zip
Club Kart Prize (Export, Japan, Rev A);https://archive.org/download/demul07_2017/2_demul_roms_11-11-2017//clubkprz.zip
Club Kart Prize Version B (Export, Japan);https://archive.org/download/demul07_2017/2_demul_roms_11-11-2017//clubkpzb.zip
Club Kart: European Session (Rev D);https://archive.org/download/demul07_2017/2_demul_roms_11-11-2017//clubkrt.zip
Club Kart: European Session (Rev C);https://archive.org/download/demul07_2017/2_demul_roms_11-11-2017//clubkrtc.zip
Club Kart: European Session;https://archive.org/download/demul07_2017/2_demul_roms_11-11-2017//clubkrto.zip
Confidential Mission (GDS-0001);https://archive.org/download/demul07_2017/2_demul_roms_11-11-2017//confmiss.zip
Crackin' DJ;https://archive.org/download/demul07_2017/2_demul_roms_11-11-2017//crackndj.zip
Crackin' DJ Part 2 (Japan);https://archive.org/download/demul07_2017/2_demul_roms_11-11-2017//crakndj2.zip
crp;https://archive.org/download/demul07_2017/2_demul_roms_11-11-2017//crp.zip
Crazy Taxi;https://archive.org/download/demul07_2017/2_demul_roms_11-11-2017//crzytaxi.zip
Cosmic Smash (Rev A);https://archive.org/download/demul07_2017/2_demul_roms_11-11-2017//csmash.zip
Cosmic Smash;https://archive.org/download/demul07_2017/2_demul_roms_11-11-2017//csmasho.zip
Cannon Spike / Gun Spike;https://archive.org/download/demul07_2017/2_demul_roms_11-11-2017//cspike.zip
Capcom Vs. SNK 2: Mark Of The Millennium 2001 (USA) (GDL-0008);https://archive.org/download/demul07_2017/2_demul_roms_11-11-2017//cvs2.zip
Capcom Vs. SNK: Millennium Fight 2000 Pro (Japan) (GDL-0004);https://archive.org/download/demul07_2017/2_demul_roms_11-11-2017//cvsgd.zip
Dreamcast (USA, NTSC);https://archive.org/download/demul07_2017/2_demul_roms_11-11-2017//dc.zip
DoDonPachi Dai-Fukkatsu Ver 1.5 (2008/06/23 MASTER VER 1.5);https://archive.org/download/demul07_2017/2_demul_roms_11-11-2017//ddpdfk.zip
DoDonPachi Dai-Fukkatsu Ver 1.0 (2008/05/16 MASTER VER);https://archive.org/download/demul07_2017/2_demul_roms_11-11-2017//ddpdfk10.zip
Death Crimson OX (USA);https://archive.org/download/demul07_2017/2_demul_roms_11-11-2017//deathcox.zip
Deathsmiles (2007/10/09 MASTER VER);https://archive.org/download/demul07_2017/2_demul_roms_11-11-2017//deathsml.zip
Demolish Fist;https://archive.org/download/demul07_2017/2_demul_roms_11-11-2017//demofist.zip
Derby Owners Club 2000 Ver.2 (Japan, Rev A);https://archive.org/download/demul07_2017/2_demul_roms_11-11-2017//derbyo2k.zip
Derby Owners Club (Japan, Rev B);https://archive.org/download/demul07_2017/2_demul_roms_11-11-2017//derbyoc.zip
Derby Owners Club II Ver.2.1 (Japan, Rev B);https://archive.org/download/demul07_2017/2_demul_roms_11-11-2017//derbyoc2.zip
Derby Owners Club World Edition EX (Rev D);https://archive.org/download/demul07_2017/2_demul_roms_11-11-2017//derbyocw.zip
DoDonPachi Dai-Fukkatsu Black Label (2010/1/18 BLACK LABEL);https://archive.org/download/demul07_2017/2_demul_roms_11-11-2017//dfkbl.zip
Dinosaur King (USA);https://archive.org/download/demul07_2017/2_demul_roms_11-11-2017//dinoking.zip
Dirty Pigskin Football;https://archive.org/download/demul07_2017/2_demul_roms_11-11-2017//dirtypig.zip
Dead or Alive 2;https://archive.org/download/demul07_2017/2_demul_roms_11-11-2017//doa2.zip
Dead or Alive 2 (Rev A);https://archive.org/download/demul07_2017/2_demul_roms_11-11-2017//doa2a.zip
Dead or Alive 2 Millennium;https://archive.org/download/demul07_2017/2_demul_roms_11-11-2017//doa2m.zip
Dolphin Blue;https://archive.org/download/demul07_2017/2_demul_roms_11-11-2017//dolphin.zip
Dragon Treasure (Rev B) (GDS-0030B);https://archive.org/download/demul07_2017/2_demul_roms_11-11-2017//dragntr.zip
Dragon Treasure 2 (Rev A) (GDS-0037A);https://archive.org/download/demul07_2017/2_demul_roms_11-11-2017//dragntr2.zip
Dragon Treasure 3 (Rev A) (GDS-0041A);https://archive.org/download/demul07_2017/2_demul_roms_11-11-2017//dragntr3.zip
Derby Owners Club World Edition (Rev B);https://archive.org/download/demul07_2017/2_demul_roms_11-11-2017//drbyocwb.zip
Derby Owners Club World Edition (Rev C);https://archive.org/download/demul07_2017/2_demul_roms_11-11-2017//drbyocwc.zip
Deathsmiles MegaBlack Label (2008/10/06 MEGABLACK LABEL VER);https://archive.org/download/demul07_2017/2_demul_roms_11-11-2017//dsmbl.zip
Dynamite Baseball '99 (Japan, Rev B);https://archive.org/download/demul07_2017/2_demul_roms_11-11-2017//dybb99.zip
Dynamite Baseball NAOMI (Japan);https://archive.org/download/demul07_2017/2_demul_roms_11-11-2017//dybbnao.zip
Virtua Golf / Dynamic Golf (Rev A) (GDS-0009A);https://archive.org/download/demul07_2017/2_demul_roms_11-11-2017//dygolf.zip
Espgaluda II (2005/11/14 MASTER VER, newer CV1000-B PCB);https://archive.org/download/demul07_2017/2_demul_roms_11-11-2017//espgal2.zip
Ferrari F355 Challenge (deluxe, no link);https://archive.org/download/demul07_2017/2_demul_roms_11-11-2017//f355.zip
Ferrari F355 Challenge (twin/deluxe);https://archive.org/download/demul07_2017/2_demul_roms_11-11-2017//f355twin.zip
Ferrari F355 Challenge 2 - International Course Edition (twin/deluxe);https://archive.org/download/demul07_2017/2_demul_roms_11-11-2017//f355twn2.zip
Fist Of The North Star / Hokuto no Ken;https://archive.org/download/demul07_2017/2_demul_roms_11-11-2017//fotns.zip
Faster Than Speed;https://archive.org/download/demul07_2017/2_demul_roms_11-11-2017//ftspeed.zip
Mushihime-Sama Futari Ver 1.0 (2006/10/23 MASTER VER.);https://archive.org/download/demul07_2017/2_demul_roms_11-11-2017//futari10.zip
Mushihime-Sama Futari Ver 1.5 (2006/12/8.MASTER VER. 1.54.);https://archive.org/download/demul07_2017/2_demul_roms_11-11-2017//futari15.zip
Mushihime-Sama Futari Ver 1.5 (2006/12/8 MASTER VER 1.54);https://archive.org/download/demul07_2017/2_demul_roms_11-11-2017//futari15a.zip
Mushihime-Sama Futari Black Label - Another Ver (2009/11/27 INTERNATIONAL BL);https://archive.org/download/demul07_2017/2_demul_roms_11-11-2017//futaribl.zip
Mushihime-Sama Futari Black Label (2007/12/11 BLACK LABEL VER);https://archive.org/download/demul07_2017/2_demul_roms_11-11-2017//futariblj.zip
Gaelco Football;https://archive.org/download/demul07_2017/2_demul_roms_11-11-2017//gfootbal.zip
Guilty Gear Isuka;https://archive.org/download/demul07_2017/2_demul_roms_11-11-2017//ggisuka.zip
Giant Gram: All Japan Pro Wrestling 2 (Japan);https://archive.org/download/demul07_2017/2_demul_roms_11-11-2017//ggram2.zip
Guilty Gear X;https://archive.org/download/demul07_2017/2_demul_roms_11-11-2017//ggx.zip
Guilty Gear X ver. 1.5;https://archive.org/download/demul07_2017/2_demul_roms_11-11-2017//ggx15.zip
Guilty Gear XX (GDL-0011);https://archive.org/download/demul07_2017/2_demul_roms_11-11-2017//ggxx.zip
Guilty Gear XX Accent Core (Japan) (GDL-0041);https://archive.org/download/demul07_2017/2_demul_roms_11-11-2017//ggxxac.zip
Guilty Gear XX #Reload (Japan, Rev A) (GDL-0019A);https://archive.org/download/demul07_2017/2_demul_roms_11-11-2017//ggxxrl.zip
Guilty Gear XX Slash (Japan, Rev A) (GDL-0033A);https://archive.org/download/demul07_2017/2_demul_roms_11-11-2017//ggxxsla.zip
Giant Gram 2000;https://archive.org/download/demul07_2017/2_demul_roms_11-11-2017//gram2000.zip
Mobile Suit Gundam: Federation Vs. Zeon;https://archive.org/download/demul07_2017/2_demul_roms_11-11-2017//gundmct.zip
Mobile Suit Gundam: Federation Vs. Zeon (GDL-0001);https://archive.org/download/demul07_2017/2_demul_roms_11-11-2017//gundmgd.zip
Mobile Suit Gundam: Federation Vs. Zeon DX (USA, Japan) (GDL-0006);https://archive.org/download/demul07_2017/2_demul_roms_11-11-2017//gundmxgd.zip
Gun Survivor 2 Biohazard Code: Veronica (World, BHF2 Ver.E);https://archive.org/download/demul07_2017/2_demul_roms_11-11-2017//gunsur2.zip
Gun Survivor 2 Biohazard Code: Veronica (Japan, BHF1 Ver.E);https://archive.org/download/demul07_2017/2_demul_roms_11-11-2017//gunsur2j.zip
Giga Wing 2;https://archive.org/download/demul07_2017/2_demul_roms_11-11-2017//gwing2.zip
Hikaru Bios;https://archive.org/download/demul07_2017/2_demul_roms_11-11-2017//hikaru.zip
Heavy Metal: Geomatrix (Rev B);https://archive.org/download/demul07_2017/2_demul_roms_11-11-2017//hmgeo.zip
SWP Hopper Board;https://archive.org/download/demul07_2017/2_demul_roms_11-11-2017//hopper.zip
The House of the Dead 2 (USA);https://archive.org/download/demul07_2017/2_demul_roms_11-11-2017//hotd2.zip
The House of the Dead 2;https://archive.org/download/demul07_2017/2_demul_roms_11-11-2017//hotd2o.zip
The House of the Dead 2 (prototype);https://archive.org/download/demul07_2017/2_demul_roms_11-11-2017//hotd2p.zip
Ibara (2005/03/22 MASTER VER.., '06. 3. 7 ver.);https://archive.org/download/demul07_2017/2_demul_roms_11-11-2017//ibara.zip
Ibara Kuro Black Label (2006/02/06. MASTER VER.);https://archive.org/download/demul07_2017/2_demul_roms_11-11-2017//ibarablk.zip
Ibara Kuro Black Label (2006/02/06 MASTER VER.);https://archive.org/download/demul07_2017/2_demul_roms_11-11-2017//ibarablka.zip
Ikaruga (GDL-0010);https://archive.org/download/demul07_2017/2_demul_roms_11-11-2017//ikaruga.zip
Illvelo (Illmatic Envelope) (Japan);https://archive.org/download/demul07_2017/2_demul_roms_11-11-2017//illvelo.zip
Initial D Arcade Stage Ver. 3 Cycraft Edition (Export, Rev B) (GDS-0039B);https://archive.org/download/demul07_2017/2_demul_roms_11-11-2017//inidv3cy.zip
Initial D Arcade Stage (Japan, Rev B) (GDS-0020B);https://archive.org/download/demul07_2017/2_demul_roms_11-11-2017//initd.zip
Initial D Arcade Stage (Export, Rev A) (GDS-0025A);https://archive.org/download/demul07_2017/2_demul_roms_11-11-2017//initdexp.zip
Initial D Arcade Stage Ver. 2 (Export) (GDS-0027);https://archive.org/download/demul07_2017/2_demul_roms_11-11-2017//initdv2e.zip
Initial D Arcade Stage Ver. 2 (Japan, Rev B) (GDS-0026B);https://archive.org/download/demul07_2017/2_demul_roms_11-11-2017//initdv2j.zip
Initial D Arcade Stage Ver. 3 (Export) (GDS-0033);https://archive.org/download/demul07_2017/2_demul_roms_11-11-2017//initdv3e.zip
Initial D Arcade Stage Ver. 3 (Japan, Rev C) (GDS-0032C);https://archive.org/download/demul07_2017/2_demul_roms_11-11-2017//initdv3j.zip
Inu no Osanpo / Dog Walking (Japan, Export, Rev A);https://archive.org/download/demul07_2017/2_demul_roms_11-11-2017//inunoos.zip
Jambo! Safari (Rev A);https://archive.org/download/demul07_2017/2_demul_roms_11-11-2017//jambo.zip
Jingi Storm - The Arcade (Japan) (GDL-0037);https://archive.org/download/demul07_2017/2_demul_roms_11-11-2017//jingystm.zip
Karous (Japan) (GDL-0040);https://archive.org/download/demul07_2017/2_demul_roms_11-11-2017//karous.zip
La Keyboard (GDS-0017);https://archive.org/download/demul07_2017/2_demul_roms_11-11-2017//keyboard.zip
Kick '4' Cash (Export);https://archive.org/download/demul07_2017/2_demul_roms_11-11-2017//kick4csh.zip
The King of Route 66 (Rev A);https://archive.org/download/demul07_2017/2_demul_roms_11-11-2017//kingrt66.zip
The King of Fighters Neowave;https://archive.org/download/demul07_2017/2_demul_roms_11-11-2017//kofnw.zip
The King of Fighters Neowave (Japan);https://archive.org/download/demul07_2017/2_demul_roms_11-11-2017//kofnwj.zip
The King of Fighters XI;https://archive.org/download/demul07_2017/2_demul_roms_11-11-2017//kofxi.zip
Knights of Valour - The Seven Spirits;https://archive.org/download/demul07_2017/2_demul_roms_11-11-2017//kov7sprt.zip
Kurukuru Chameleon (Japan) (GDL-0034);https://archive.org/download/demul07_2017/2_demul_roms_11-11-2017//kurucham.zip
Love And Berry - 1st-2nd Collection (Export, Ver 1.003);https://archive.org/download/demul07_2017/2_demul_roms_11-11-2017//lovebero.zip
Love And Berry - 1st-2nd Collection (Export, Ver 2.000);https://archive.org/download/demul07_2017/2_demul_roms_11-11-2017//lovebery.zip
Lupin The Third - The Shooting (Rev A) (GDS-0018A);https://archive.org/download/demul07_2017/2_demul_roms_11-11-2017//lupinsho.zip
Lupin The Third - The Typing (Rev A) (GDS-0021A);https://archive.org/download/demul07_2017/2_demul_roms_11-11-2017//luptype.zip
Mamoru-kun wa Norowarete Shimatta! (Japan);https://archive.org/download/demul07_2017/2_demul_roms_11-11-2017//mamonoro.zip
Manic Panic Ghosts! (USA, Export);https://archive.org/download/demul07_2017/2_demul_roms_11-11-2017//manicpnc.zip
Mars TV (Japan);https://archive.org/download/demul07_2017/2_demul_roms_11-11-2017//marstv.zip
Maximum Speed;https://archive.org/download/demul07_2017/2_demul_roms_11-11-2017//maxspeed.zip
Mazan: Flash of the Blade (World, MAZ2 Ver.A);https://archive.org/download/demul07_2017/2_demul_roms_11-11-2017//mazan.zip
Mazan: Flash of the Blade (US, MAZ3 Ver.A);https://archive.org/download/demul07_2017/2_demul_roms_11-11-2017//mazanu.zip
Melty Blood Actress Again Version A (Japan, Rev A);https://archive.org/download/demul07_2017/2_demul_roms_11-11-2017//mbaa.zip
Melty Blood Act Cadenza Version B2 (Japan) (GDL-0039A);https://archive.org/download/demul07_2017/2_demul_roms_11-11-2017//meltyb.zip
Melty Blood Act Cadenza Ver. A (Japan) (GDL-0028C);https://archive.org/download/demul07_2017/2_demul_roms_11-11-2017//meltybld.zip
Sega 315-6146 MIE;https://archive.org/download/demul07_2017/2_demul_roms_11-11-2017//mie.zip
Medal Mahjong Moukari Bancho (2007/06/05 MASTER VER.);https://archive.org/download/demul07_2017/2_demul_roms_11-11-2017//mmmbanc.zip
Muchi Muchi Pork! (2007/ 4/17 MASTER VER.);https://archive.org/download/demul07_2017/2_demul_roms_11-11-2017//mmpork.zip
Moeru Casinyo (Japan) (GDL-0013);https://archive.org/download/demul07_2017/2_demul_roms_11-11-2017//moeru.zip
The Maze of the Kings (GDS-0022);https://archive.org/download/demul07_2017/2_demul_roms_11-11-2017//mok.zip
Monkey Ball (GDS-0008);https://archive.org/download/demul07_2017/2_demul_roms_11-11-2017//monkeyba.zip
Metal Slug 6;https://archive.org/download/demul07_2017/2_demul_roms_11-11-2017//mslug6.zip
Mushiking The King Of Beetles 2004 Second (Japan);https://archive.org/download/demul07_2017/2_demul_roms_11-11-2017//mushi2k4.zip
Mushiking The King Of Beetles 2005 First (Japan);https://archive.org/download/demul07_2017/2_demul_roms_11-11-2017//mushi2k5.zip
Mushiking The King Of Beetles - Mushiking II / III / III+ (Ver. 2.001) (World);https://archive.org/download/demul07_2017/2_demul_roms_11-11-2017//mushik2e.zip
Mushiking The King Of Beetles - Mushiking IV / V / VI (World);https://archive.org/download/demul07_2017/2_demul_roms_11-11-2017//mushik4e.zip
Mushiking The King Of Beetle (2K3 2ND Ver. 1.003-, World);https://archive.org/download/demul07_2017/2_demul_roms_11-11-2017//mushike.zip
Mushihime-Sama (2004/10/12.MASTER VER.);https://archive.org/download/demul07_2017/2_demul_roms_11-11-2017//mushisam.zip
Mushihime-Sama (2004/10/12 MASTER VER.);https://archive.org/download/demul07_2017/2_demul_roms_11-11-2017//mushisama.zip
Mushihime-Sama (2004/10/12 MASTER VER);https://archive.org/download/demul07_2017/2_demul_roms_11-11-2017//mushisamb.zip
Puzzle! Mushihime-Tama (2005/09/09.MASTER VER);https://archive.org/download/demul07_2017/2_demul_roms_11-11-2017//mushitam.zip
Puzzle! Mushihime-Tama (2005/09/09 MASTER VER);https://archive.org/download/demul07_2017/2_demul_roms_11-11-2017//mushitama.zip
Marvel Vs. Capcom 2: New Age of Heroes (Export, Korea, Rev A);https://archive.org/download/demul07_2017/2_demul_roms_11-11-2017//mvsc2.zip
Marvel Vs. Capcom 2: New Age of Heroes (USA, Rev A);https://archive.org/download/demul07_2017/2_demul_roms_11-11-2017//mvsc2u.zip
NAOMI BIOS;https://archive.org/download/demul07_2017/2_demul_roms_11-11-2017//naomi.zip
NAOMI 2 BIOS;https://archive.org/download/demul07_2017/2_demul_roms_11-11-2017//naomi2.zip
Naomi DIMM Firmware Update for CF-BOX (4.01) (GDS-0042A);https://archive.org/download/demul07_2017/2_demul_roms_11-11-2017//ndcfboxa.zip
NeoGeo Battle Coliseum;https://archive.org/download/demul07_2017/2_demul_roms_11-11-2017//ngbc.zip
NeoGeo Battle Coliseum (Japan);https://archive.org/download/demul07_2017/2_demul_roms_11-11-2017//ngbcj.zip
Naomi DIMM Firmware Updater (2.13) (GDS-0023A);https://archive.org/download/demul07_2017/2_demul_roms_11-11-2017//ngdup23a.zip
Naomi DIMM Firmware Updater (2.17) (GDS-0023C);https://archive.org/download/demul07_2017/2_demul_roms_11-11-2017//ngdup23c.zip
Naomi DIMM Firmware Updater (3.17) (GDS-0023E);https://archive.org/download/demul07_2017/2_demul_roms_11-11-2017//ngdup23e.zip
Ninja Assault (World, NJA2 Ver.A);https://archive.org/download/demul07_2017/2_demul_roms_11-11-2017//ninjaslt.zip
Ninja Assault (Asia, NJA4 Ver.A);https://archive.org/download/demul07_2017/2_demul_roms_11-11-2017//ninjaslta.zip
Ninja Assault (Japan, NJA1 Ver.A);https://archive.org/download/demul07_2017/2_demul_roms_11-11-2017//ninjasltj.zip
Ninja Assault (US, NJA3 Ver.A);https://archive.org/download/demul07_2017/2_demul_roms_11-11-2017//ninjasltu.zip
Ocha-Ken Hot Medal;https://archive.org/download/demul07_2017/2_demul_roms_11-11-2017//ochaken.zip
Oinori-daimyoujin Matsuri;https://archive.org/download/demul07_2017/2_demul_roms_11-11-2017//oinori.zip
OutTrigger;https://archive.org/download/demul07_2017/2_demul_roms_11-11-2017//otrigger.zip
Planet Harriers (Rev A);https://archive.org/download/demul07_2017/2_demul_roms_11-11-2017//pharrier.zip
Pink Sweets: Ibara Sorekara (2006/04/06 MASTER VER....);https://archive.org/download/demul07_2017/2_demul_roms_11-11-2017//pinkswts.zip
Pink Sweets: Ibara Sorekara (2006/04/06 MASTER VER...);https://archive.org/download/demul07_2017/2_demul_roms_11-11-2017//pinkswtsa.zip
Pink Sweets: Ibara Sorekara (2006/04/06 MASTER VER.);https://archive.org/download/demul07_2017/2_demul_roms_11-11-2017//pinkswtsb.zip
Pink Sweets: Ibara Sorekara (2006/xx/xx MASTER VER.);https://archive.org/download/demul07_2017/2_demul_roms_11-11-2017//pinkswtsx.zip
Project Justice / Moero! Justice Gakuen (Rev B);https://archive.org/download/demul07_2017/2_demul_roms_11-11-2017//pjustic.zip
Pokasuka Ghost! (Japan);https://archive.org/download/demul07_2017/2_demul_roms_11-11-2017//pokasuka.zip
Power Stone;https://archive.org/download/demul07_2017/2_demul_roms_11-11-2017//pstone.zip
Power Stone 2;https://archive.org/download/demul07_2017/2_demul_roms_11-11-2017//pstone2.zip
Psyvariar 2 - The Will To Fabricate (Japan) (GDL-0024);https://archive.org/download/demul07_2017/2_demul_roms_11-11-2017//psyvar2.zip
Puyo Puyo Da! (Japan);https://archive.org/download/demul07_2017/2_demul_roms_11-11-2017//puyoda.zip
Puyo Pop Fever (World) (GDS-0034);https://archive.org/download/demul07_2017/2_demul_roms_11-11-2017//puyofev.zip
Puyo Puyo Fever (prototype ver 0.01);https://archive.org/download/demul07_2017/2_demul_roms_11-11-2017//puyofevp.zip
Quiz Aa! Megami-sama ~Tatakau Tsubasa to Tomoni~ (Japan);https://archive.org/download/demul07_2017/2_demul_roms_11-11-2017//qmegamis.zip
Quiz Keitai Q mode (GDL-0017);https://archive.org/download/demul07_2017/2_demul_roms_11-11-2017//quizqgd.zip
Radirgy (Japan, Rev A) (GDL-0032A);https://archive.org/download/demul07_2017/2_demul_roms_11-11-2017//radirgy.zip
Radirgy Noa (Japan);https://archive.org/download/demul07_2017/2_demul_roms_11-11-2017//radirgyn.zip
Ranger Mission;https://archive.org/download/demul07_2017/2_demul_roms_11-11-2017//rangrmsn.zip
Rhythm Tengoku (Japan);https://archive.org/download/demul07_2017/2_demul_roms_11-11-2017//rhytngk.zip
Ring Out 4x4 (Rev A);https://archive.org/download/demul07_2017/2_demul_roms_11-11-2017//ringout.zip
The Rumble Fish;https://archive.org/download/demul07_2017/2_demul_roms_11-11-2017//rumblef.zip
The Rumble Fish 2;https://archive.org/download/demul07_2017/2_demul_roms_11-11-2017//rumblef2.zip
The Rumble Fish (prototype);https://archive.org/download/demul07_2017/2_demul_roms_11-11-2017//rumblefp.zip
The Rumble Fish 2 (prototype);https://archive.org/download/demul07_2017/2_demul_roms_11-11-2017//rumblf2p.zip
Net@Select: Salaryman Kintaro;https://archive.org/download/demul07_2017/2_demul_roms_11-11-2017//salmankt.zip
Samba De Amigo (Rev B);https://archive.org/download/demul07_2017/2_demul_roms_11-11-2017//samba.zip
Samba de Amigo ver. 2000 (Japan);https://archive.org/download/demul07_2017/2_demul_roms_11-11-2017//samba2k.zip
Samba De Amigo (USA, prototype);https://archive.org/download/demul07_2017/2_demul_roms_11-11-2017//sambap.zip
Samurai Spirits Tenkaichi Kenkakuden;https://archive.org/download/demul07_2017/2_demul_roms_11-11-2017//samsptk.zip
Sega DIMM Board;https://archive.org/download/demul07_2017/2_demul_roms_11-11-2017//segadimm.zip
Sega System SP (Spider) BIOS;https://archive.org/download/demul07_2017/2_demul_roms_11-11-2017//segasp.zip
Senko no Ronde (Japan, Rev A) (GDL-0030A);https://archive.org/download/demul07_2017/2_demul_roms_11-11-2017//senko.zip
Senko no Ronde Special (Export, Japan) (GDL-0038);https://archive.org/download/demul07_2017/2_demul_roms_11-11-2017//senkosp.zip
Street Fighter Zero 3 Upper (Japan) (GDL-0002);https://archive.org/download/demul07_2017/2_demul_roms_11-11-2017//sfz3ugd.zip
NASCAR Arcade (Rev A);https://archive.org/download/demul07_2017/2_demul_roms_11-11-2017//sgnascar.zip
NASCAR Arcade (original);https://archive.org/download/demul07_2017/2_demul_roms_11-11-2017//sgnascaro.zip
Sega Tetris;https://archive.org/download/demul07_2017/2_demul_roms_11-11-2017//sgtetris.zip
Shakatto Tambourine (Rev B) (GDS-0002B);https://archive.org/download/demul07_2017/2_demul_roms_11-11-2017//shaktam.zip
Shakatto Tambourine Cho Powerup Chu (2K1 AUT) (GDS-0016);https://archive.org/download/demul07_2017/2_demul_roms_11-11-2017//shaktamb.zip
Shakatto Tambourine Motto Norinori Shinkyoku Tsuika (2K1 SPR) (GDS-0013);https://archive.org/download/demul07_2017/2_demul_roms_11-11-2017//shaktmsp.zip
Dengen Tenshi Taisen Janshi Shangri-la;https://archive.org/download/demul07_2017/2_demul_roms_11-11-2017//shangril.zip
Shikigami no Shiro II / The Castle of Shikigami II (GDL-0021);https://archive.org/download/demul07_2017/2_demul_roms_11-11-2017//shikgam2.zip
Shootout Pool;https://archive.org/download/demul07_2017/2_demul_roms_11-11-2017//shootopl.zip
Shootout Pool Prize (Export) / Shootout Pool The Medal (Japan, Rev A);https://archive.org/download/demul07_2017/2_demul_roms_11-11-2017//shootpl.zip
Shootout Pool Prize (Export) / Shootout Pool The Medal (Japan) Version B;https://archive.org/download/demul07_2017/2_demul_roms_11-11-2017//shootplm.zip
Shootout Pool Prize (Export) / Shootout Pool The Medal (Japan) Version B (prototype);https://archive.org/download/demul07_2017/2_demul_roms_11-11-2017//shootplmp.zip
Star Horse 2001 (satellite, Rev B);https://archive.org/download/demul07_2017/2_demul_roms_11-11-2017//shors2k1.zip
Star Horse (satellite);https://archive.org/download/demul07_2017/2_demul_roms_11-11-2017//shorse.zip
Star Horse (live and backup);https://archive.org/download/demul07_2017/2_demul_roms_11-11-2017//shorsel.zip
Star Horse (main screens);https://archive.org/download/demul07_2017/2_demul_roms_11-11-2017//shorsem.zip
Star Horse Progress (satellite, Rev A);https://archive.org/download/demul07_2017/2_demul_roms_11-11-2017//shorsep.zip
Star Horse Progress (backup data);https://archive.org/download/demul07_2017/2_demul_roms_11-11-2017//shorsepb.zip
Star Horse Progress (live, Rev A);https://archive.org/download/demul07_2017/2_demul_roms_11-11-2017//shorsepl.zip
Star Horse Progress (main screens, Rev B);https://archive.org/download/demul07_2017/2_demul_roms_11-11-2017//shorsepm.zip
Star Horse Progress Returns (satellite);https://archive.org/download/demul07_2017/2_demul_roms_11-11-2017//shorsepr.zip
Star Horse Progress (sound & backup, Rev A);https://archive.org/download/demul07_2017/2_demul_roms_11-11-2017//shorseps.zip
Shooting Love 2007 (Japan);https://archive.org/download/demul07_2017/2_demul_roms_11-11-2017//sl2007.zip
Slashout;https://archive.org/download/demul07_2017/2_demul_roms_11-11-2017//slasho.zip
Slashout (GDS-0004);https://archive.org/download/demul07_2017/2_demul_roms_11-11-2017//slashout.zip
Sega Marine Fishing;https://archive.org/download/demul07_2017/2_demul_roms_11-11-2017//smarinef.zip
Smashing Drive (World);https://archive.org/download/demul07_2017/2_demul_roms_11-11-2017//smashdrv.zip
World Series 99 / Super Major League 99;https://archive.org/download/demul07_2017/2_demul_roms_11-11-2017//smlg99.zip
Soul Surfer (Rev A);https://archive.org/download/demul07_2017/2_demul_roms_11-11-2017//soulsurf.zip
Spawn: In the Demon's Hand (Rev B);https://archive.org/download/demul07_2017/2_demul_roms_11-11-2017//spawn.zip
Spikers Battle (GDS-0005);https://archive.org/download/demul07_2017/2_demul_roms_11-11-2017//spkrbtl.zip
Sports Jam (GDS-0003);https://archive.org/download/demul07_2017/2_demul_roms_11-11-2017//sprtjam.zip
Sports Shooting USA;https://archive.org/download/demul07_2017/2_demul_roms_11-11-2017//sprtshot.zip
Super Shanghai 2005 (Japan, Rev A) (GDL-0031A);https://archive.org/download/demul07_2017/2_demul_roms_11-11-2017//ss2005.zip
Sega Strike Fighter (Rev A);https://archive.org/download/demul07_2017/2_demul_roms_11-11-2017//sstrkfgt.zip
Sega Strike Fighter (Rev A, no training mode);https://archive.org/download/demul07_2017/2_demul_roms_11-11-2017//sstrkfgta.zip
Doki Doki Idol Star Seeker (GDL-0005);https://archive.org/download/demul07_2017/2_demul_roms_11-11-2017//starseek.zip
Idol Janshi Suchie-Pai 3 (Japan);https://archive.org/download/demul07_2017/2_demul_roms_11-11-2017//suchie3.zip
Sushi Bar / Toretore! Sushi;https://archive.org/download/demul07_2017/2_demul_roms_11-11-2017//sushibar.zip
Star Wars: Racer Arcade;https://archive.org/download/demul07_2017/2_demul_roms_11-11-2017//swracer.zip
Noukone Puzzle Takoron (Japan) (GDL-0042);https://archive.org/download/demul07_2017/2_demul_roms_11-11-2017//takoron.zip
Touch de Uno! / Unou Nouryoku Check Machine (Japan);https://archive.org/download/demul07_2017/2_demul_roms_11-11-2017//tduno.zip
Touch de Uno! 2 (Japan);https://archive.org/download/demul07_2017/2_demul_roms_11-11-2017//tduno2.zip
Tetris Giant / Tetris Dekaris (Ver.2.000);https://archive.org/download/demul07_2017/2_demul_roms_11-11-2017//tetgiant.zip
Tetris Kiwamemichi (Japan) (GDL-0020);https://archive.org/download/demul07_2017/2_demul_roms_11-11-2017//tetkiwam.zip
Tokyo Bus Guide (Japan, Rev A);https://archive.org/download/demul07_2017/2_demul_roms_11-11-2017//tokyobus.zip
The Typing of the Dead (Rev A);https://archive.org/download/demul07_2017/2_demul_roms_11-11-2017//totd.zip
The Typing of the Dead;https://archive.org/download/demul07_2017/2_demul_roms_11-11-2017//totdo.zip
Shin Nihon Pro Wrestling Toukon Retsuden 4 Arcade Edition (Japan, TRF1 Ver.A);https://archive.org/download/demul07_2017/2_demul_roms_11-11-2017//toukon4.zip
Toy Fighter;https://archive.org/download/demul07_2017/2_demul_roms_11-11-2017//toyfight.zip
Trigger Heart Exelica Ver.A (Japan) (GDL-0036A);https://archive.org/download/demul07_2017/2_demul_roms_11-11-2017//trgheart.zip
Trizeal (Japan) (GDL-0026);https://archive.org/download/demul07_2017/2_demul_roms_11-11-2017//trizeal.zip
Under Defeat (Japan) (GDL-0035);https://archive.org/download/demul07_2017/2_demul_roms_11-11-2017//undefeat.zip
Usagi - Yamashiro Mahjong Hen (Japan) (GDL-0022);https://archive.org/download/demul07_2017/2_demul_roms_11-11-2017//usagiym.zip
Virtua Athletics / Virtua Athlete (GDS-0019);https://archive.org/download/demul07_2017/2_demul_roms_11-11-2017//vathlete.zip
Virtua Athletics / Virtua Athlete (prototype);https://archive.org/download/demul07_2017/2_demul_roms_11-11-2017//vathletep.zip
Virtua Fighter 4 Version C (GDS-0012C);https://archive.org/download/demul07_2017/2_demul_roms_11-11-2017//vf4.zip
Virtua Fighter 4 (World);https://archive.org/download/demul07_2017/2_demul_roms_11-11-2017//vf4cart.zip
Virtua Fighter 4: Evolution (Version B) (Japan) (GDS-0024C);https://archive.org/download/demul07_2017/2_demul_roms_11-11-2017//vf4evo.zip
Virtua Fighter 4: Evolution (World);https://archive.org/download/demul07_2017/2_demul_roms_11-11-2017//vf4evoct.zip
Virtua Fighter 4: Final Tuned (Ver. B) (GDS-0036F);https://archive.org/download/demul07_2017/2_demul_roms_11-11-2017//vf4tuned.zip
Net@Select: Horse Racing - Victory Furlong;https://archive.org/download/demul07_2017/2_demul_roms_11-11-2017//vfurlong.zip
Virtua NBA (USA);https://archive.org/download/demul07_2017/2_demul_roms_11-11-2017//virnba.zip
Virtua NBA;https://archive.org/download/demul07_2017/2_demul_roms_11-11-2017//virnbao.zip
Virtua NBA (prototype);https://archive.org/download/demul07_2017/2_demul_roms_11-11-2017//virnbap.zip
Virtual On Oratorio Tangram M.S.B.S. ver5.66 2000 Edition;https://archive.org/download/demul07_2017/2_demul_roms_11-11-2017//vonot.zip
Virtua Striker 2 Ver. 2000 (Rev C);https://archive.org/download/demul07_2017/2_demul_roms_11-11-2017//vs2_2k.zip
Virtua Striker 3 (GDS-0006);https://archive.org/download/demul07_2017/2_demul_roms_11-11-2017//vstrik3.zip
Virtua Striker 3 (World, Rev B);https://archive.org/download/demul07_2017/2_demul_roms_11-11-2017//vstrik3c.zip
Virtua Striker 3 (World);https://archive.org/download/demul07_2017/2_demul_roms_11-11-2017//vstrik3co.zip
Virtua Tennis 2 / Power Smash 2 (Rev A);https://archive.org/download/demul07_2017/2_demul_roms_11-11-2017//vtenis2c.zip
Virtua Tennis / Power Smash;https://archive.org/download/demul07_2017/2_demul_roms_11-11-2017//vtennis.zip
Virtua Tennis 2 / Power Smash 2 (Rev A) (GDS-0015A);https://archive.org/download/demul07_2017/2_demul_roms_11-11-2017//vtennis2.zip
Virtua Tennis / Power Smash (GDS-0011);https://archive.org/download/demul07_2017/2_demul_roms_11-11-2017//vtennisg.zip
WaiWai Drive;https://archive.org/download/demul07_2017/2_demul_roms_11-11-2017//waidrive.zip
World Club Champion Football Serie A 2001-2002 Ver.2 (Japan) (CDP-10001C);https://archive.org/download/demul07_2017/2_demul_roms_11-11-2017//wccf116.zip
World Club Champion Football Serie A 2001-2002 DIMM FIRM Ver.3.03 (CDP-10003);https://archive.org/download/demul07_2017/2_demul_roms_11-11-2017//wccf1dup.zip
World Club Champion Football Serie A 2002-2003 Ver.2.12 (Italy) (CDV-10002);https://archive.org/download/demul07_2017/2_demul_roms_11-11-2017//wccf212e.zip
World Club Champion Football Serie A 2002-2003 Ver.2.34 (Japan) (CDV-10008);https://archive.org/download/demul07_2017/2_demul_roms_11-11-2017//wccf234j.zip
World Club Champion Football European Clubs 2004-2005 (Asia) (CDV-10013);https://archive.org/download/demul07_2017/2_demul_roms_11-11-2017//wccf310j.zip
World Club Champion Football European Clubs 2004-2005 Ver.3.22 (Export) (CDV-10015P);https://archive.org/download/demul07_2017/2_demul_roms_11-11-2017//wccf322e.zip
World Club Champion Football European Clubs 2005-2006 (Export) (CDV-10027);https://archive.org/download/demul07_2017/2_demul_roms_11-11-2017//wccf420e.zip
World Kicks (World, WK2 Ver.A);https://archive.org/download/demul07_2017/2_demul_roms_11-11-2017//wldkicks.zip
World Kicks (Japan, WK1 Ver.A);https://archive.org/download/demul07_2017/2_demul_roms_11-11-2017//wldkicksj.zip
World Kicks PCB (Japan, WKC1 Ver.A);https://archive.org/download/demul07_2017/2_demul_roms_11-11-2017//wldkickspj.zip
World Kicks PCB (World, WKC2 Ver.A);https://archive.org/download/demul07_2017/2_demul_roms_11-11-2017//wldkickspw.zip
World Kicks (US, WK3 Ver.A);https://archive.org/download/demul07_2017/2_demul_roms_11-11-2017//wldkicksu.zip
Wild Riders;https://archive.org/download/demul07_2017/2_demul_roms_11-11-2017//wldrider.zip
Wave Runner GP;https://archive.org/download/demul07_2017/2_demul_roms_11-11-2017//wrungp.zip
Wave Runner GP (USA, Rev A);https://archive.org/download/demul07_2017/2_demul_roms_11-11-2017//wrungpo.zip
World Series Baseball / Super Major League (GDS-0010);https://archive.org/download/demul07_2017/2_demul_roms_11-11-2017//wsbbgd.zip
WWF Royal Rumble;https://archive.org/download/demul07_2017/2_demul_roms_11-11-2017//wwfroyal.zip
Extreme Hunting 2;https://archive.org/download/demul07_2017/2_demul_roms_11-11-2017//xtrmhnt2.zip
Extreme Hunting;https://archive.org/download/demul07_2017/2_demul_roms_11-11-2017//xtrmhunt.zip
Zero Gunner 2;https://archive.org/download/demul07_2017/2_demul_roms_11-11-2017//zerogu2.zip
Zombie Revenge (Rev A);https://archive.org/download/demul07_2017/2_demul_roms_11-11-2017//zombrvn.zip
Zombie Revenge;https://archive.org/download/demul07_2017/2_demul_roms_11-11-2017//zombrvno.zip
Touch De Zunou (Japan, Rev A);https://archive.org/download/demul07_2017/2_demul_roms_11-11-2017//zunou.zip
