007 Legends (Europe) (En,Fr,De);https://tinyurl.com/292q4n35
007 Legends (USA) (En,Fr);https://tinyurl.com/28wbvtg9
ABC Wipeout - Create & Crash (USA);https://tinyurl.com/25sfmndu
ABC Wipeout 3 (USA);https://tinyurl.com/27v26rfg
Adventure Time - Explore the Dungeon Because I Don't Know! (Europe) (En,Fr,De,Es,It);https://tinyurl.com/23vxuq95
Adventure Time - Explore the Dungeon Because I Don't Know! (USA) (En,Fr,Es);https://tinyurl.com/24bolxmm
Adventure Time - Finn & Jake Investigations (Europe) (En,Fr,De,Es,It);https://tinyurl.com/27fku6py
Adventure Time - Finn & Jake Investigations (USA) (En,Fr,Es,Pt);https://tinyurl.com/2b7387em
Amazing Spider-Man 2, The (Europe) (En,Fr,De,Es,It);https://tinyurl.com/2xnnfqju
Amazing Spider-Man 2, The (USA) (En,Fr);https://tinyurl.com/27puekzm
Amazing Spider-Man, The - Ultimate Edition (Europe) (En,Fr,De,Es,It);https://tinyurl.com/248af72q
Amazing Spider-Man, The - Ultimate Edition (USA) (En,Fr,Es);https://tinyurl.com/23rp2yvf
Angry Birds Star Wars (Europe) (En,Fr,De,Es,It);https://tinyurl.com/22jjvcnu
Angry Birds Star Wars (USA) (En,Fr,Es,Pt);https://tinyurl.com/22cojph5
Angry Birds Trilogy (Europe) (En,Fr,De,Es,It);https://tinyurl.com/2b3rcg3w
Angry Birds Trilogy (USA) (En,Fr);https://tinyurl.com/2xkek297
Animal Crossing - Amiibo Festival (Europe) (En,Fr,De,Es,It,Nl,Pt,Ru);https://tinyurl.com/24btv2vs
Animal Crossing - Amiibo Festival (USA) (En,Fr,Es);https://tinyurl.com/26s75edv
Art Academy - Atelier (Europe) (En,Fr,De,Es,It,Nl,Pt,Ru);https://tinyurl.com/24wfwuj4
Assassin's Creed III (Europe) (En,Fr,De,Es,It,Nl,Ru);https://tinyurl.com/22lahqxs
Assassin's Creed III (Japan);https://tinyurl.com/243bx2f5
Assassin's Creed III (USA) (En,Fr,Es,Pt);https://tinyurl.com/288hyaza
Assassin's Creed IV - Black Flag (Europe) (En,Fr,De,Es,It,Nl,Ru);https://tinyurl.com/2y2stmwm
Assassin's Creed IV - Black Flag (Japan);https://tinyurl.com/25skwpn3
Assassin's Creed IV - Black Flag (USA) (En,Fr,Es,Pt);https://tinyurl.com/28plubzn
Axiom Verge (USA) (En,Fr,De,Es,It,Pt);https://tinyurl.com/25hg5log
Baila Latino (Europe) (En,Fr,De,Es,It);https://tinyurl.com/2cjn4fn8
Barbie & Her Sisters - Puppy Rescue (Europe) (En,Fr,De,Es,It);https://tinyurl.com/2xoo2jy2
Barbie & Her Sisters - Puppy Rescue (USA) (En,Fr,Es,Pt);https://tinyurl.com/2y5epqej
Barbie Dreamhouse Party (Europe) (En,Fr,De,Es,It,Nl,Sv,No,Da,Fi);https://tinyurl.com/2cqzg2ux
Barbie Dreamhouse Party (USA) (En,Fr,Es);https://tinyurl.com/2847zqqf
Batman - Arkham City - Armored Edition (Japan);https://tinyurl.com/2xs58ckv
Batman - Arkham City - Armored Edition (USA) (En,Fr,Es,Pt);https://tinyurl.com/27uc76jn
Batman - Arkham City - Armoured Edition (Europe) (En,Fr,De,Es,It,Ru);https://tinyurl.com/228f48pa
Batman - Arkham Origins (Europe) (En,Fr,De,Es,It,Ru);https://tinyurl.com/28g7mkuy
Batman - Arkham Origins (Japan);https://tinyurl.com/2cezc8qe
Batman - Arkham Origins (USA) (En,Fr,Es);https://tinyurl.com/29hhemur
Bayonetta (Europe) (En,Ja,Fr,De,Es,It);https://tinyurl.com/2yhetkz5
Bayonetta (Japan) (Rev 1);https://tinyurl.com/2yv5jrvm
Bayonetta (USA) (En,Ja,Fr,De,Es,It);https://tinyurl.com/2chwz2da
Bayonetta 2 (Europe) (En,Ja,Fr,De,Es,It);https://tinyurl.com/2cvn89qr
Bayonetta 2 (Japan);https://tinyurl.com/24mkkbrw
Bayonetta 2 (USA) (En,Ja,Fr,De,Es,It);https://tinyurl.com/253baj8g
Ben 10 - Omniverse (Europe) (En,Fr,De,Es,It,Ru);https://tinyurl.com/24tfvwyo
Ben 10 - Omniverse (USA) (En,Fr,Es);https://tinyurl.com/2bxrbhjj
Ben 10 - Omniverse 2 (Europe) (En,Fr,De,Es,It);https://tinyurl.com/27lc4bxh
Ben 10 - Omniverse 2 (USA) (En,Fr,Es);https://tinyurl.com/293cjker
Biohazard - Revelations - Unveiled Edition (Japan) (Rev 1);https://tinyurl.com/22y5kqg2
Book of Unwritten Tales 2, The (Europe) (En,Fr,De,Es,It);https://tinyurl.com/24eymbb9
Book of Unwritten Tales 2, The (USA) (En,Fr,De,Es,It,Pl);https://tinyurl.com/296qpeyn
Brunswick Pro Bowling (USA);https://tinyurl.com/28q326l6
Cabela's Big Game Hunter - Pro Hunts (USA);https://tinyurl.com/29n3bou4
Cabela's Dangerous Hunts 2013 (Europe) (En,Fr,De,It);https://tinyurl.com/242ts7cm
Cabela's Dangerous Hunts 2013 (USA) (En,Fr);https://tinyurl.com/27nvxefe
Call of Duty - Black Ops II (Europe) (En,Fr);https://tinyurl.com/2arr9khq
Call of Duty - Black Ops II (Europe) (Es,It);https://tinyurl.com/2db4gvwt
Call of Duty - Black Ops II (Germany);https://tinyurl.com/2aj8bky3
Call of Duty - Black Ops II (Japan) (En,Ja);https://tinyurl.com/26xbk4he
Call of Duty - Black Ops II (USA) (En,Fr);https://tinyurl.com/24wys2gl
Call of Duty - Ghosts (Europe) (En,Fr,De);https://tinyurl.com/2dn4kq3f
Call of Duty - Ghosts (Europe) (Es,It);https://tinyurl.com/2yvjony5
Call of Duty - Ghosts (Japan);https://tinyurl.com/27wgvew4
Call of Duty - Ghosts (USA) (En,Fr);https://tinyurl.com/24mdhuqo
Captain Toad - Treasure Tracker (Europe) (En,Fr,De,Es,It) (Rev 1);https://tinyurl.com/25348578
Captain Toad - Treasure Tracker (Europe) (En,Fr,De,Es,It);https://tinyurl.com/2c8pcppt
Captain Toad - Treasure Tracker (USA) (En,Fr,Es) (Rev 1);https://tinyurl.com/2a65sloa
Captain Toad - Treasure Tracker (USA) (En,Fr,Es);https://tinyurl.com/2b7fknp3
Cocoto Magic Circus 2 (Europe) (En,Fr,De,Es,It,Nl,Pt);https://tinyurl.com/28ysp4cq
Dairantou Smash Brothers for Wii U (Japan) (Rev 1);https://tinyurl.com/2bqb352e
Dairantou Smash Brothers for Wii U (Japan) (Rev 4);https://tinyurl.com/2b5pyaf5
Dairantou Smash Brothers for Wii U (Japan) (Rev 7);https://tinyurl.com/27xjx2cx
Dairantou Smash Brothers for Wii U (Japan);https://tinyurl.com/2bgyzo8q
Darksiders - Warmastered Edition (Europe) (En,Fr,De,Es,It,Pt,Zh,Pl,Ru,Cs);https://tinyurl.com/2cv2yxn3
Darksiders - Warmastered Edition (USA) (En,Ja,Fr,De,Es,It,Pt,Zh,Ko,Pl,Ru,Cs);https://tinyurl.com/2yjczetb
Darksiders II (Europe) (En,Fr,De,Es,It);https://tinyurl.com/2y5ls7fr
Darksiders II (USA) (En,Fr,Es);https://tinyurl.com/29qaf4fp
Deus Ex - Human Revolution - Director's Cut (Europe) (En,Fr,De,Es,It);https://tinyurl.com/26t9hzk5
Deus Ex - Human Revolution - Director's Cut (USA) (En,Fr,Es);https://tinyurl.com/23bmz549
Devil's Third (Europe) (En,Fr);https://tinyurl.com/29jf3h9x
Devil's Third (Japan);https://tinyurl.com/2789lcno
Devil's Third (USA) (En,Fr);https://tinyurl.com/29ojso5r
Disney DuckTales - Remastered (USA) (En,Fr,Es,Pt);https://tinyurl.com/25czfssu
Disney Epic Mickey 2 - Futatsu no Chikara (Japan);https://tinyurl.com/22c3cgde
Disney Epic Mickey 2 - The Power of Two (Europe) (En,Es);https://tinyurl.com/24emtkfx
Disney Epic Mickey 2 - The Power of Two (Europe) (En,Fr,De,Es,It,Pt);https://tinyurl.com/2djgczfb
Disney Epic Mickey 2 - The Power of Two (Scandinavia) (En,Sv,No,Da);https://tinyurl.com/2dclxv8j
Disney Epic Mickey 2 - The Power of Two (USA) (En,Fr,Es);https://tinyurl.com/226hfee4
Disney Infinity (Europe) (En,Fr,De,Es,It,Nl);https://tinyurl.com/298oe8ct
Disney Infinity (Japan);https://tinyurl.com/29yt2l64
Disney Infinity (Scandinavia) (En,Sv,No,Da,Fi);https://tinyurl.com/237r7geu
Disney Infinity (USA) (En,Fr,Es,Pt);https://tinyurl.com/2cqbdlsp
Disney Infinity 2.0 - Play Without Limits (Europe) (En,Fr,De,Es,It,Nl) (Rev 1);https://tinyurl.com/2akano7a
Disney Infinity 2.0 - Play Without Limits (Europe) (En,Fr,De,Es,It,Nl);https://tinyurl.com/26f4mg45
Disney Infinity 2.0 - Play Without Limits (Scandinavia) (En,Sv,No,Da,Fi) (Rev 2);https://tinyurl.com/2dhbla2u
Disney Infinity 2.0 Edition (USA) (En,Fr,Es,Pt) (Rev 1);https://tinyurl.com/23b8dayq
Disney Infinity 2.0 Edition (USA) (En,Fr,Es,Pt);https://tinyurl.com/2689asud
Disney Infinity 3.0 (Japan);https://tinyurl.com/2azk4auc
Disney Infinity 3.0 - Play Without Limits (Europe) (En,Fr,De,Es,It,Nl);https://tinyurl.com/29o5nt3b
Disney Infinity 3.0 - Play Without Limits (Scandinavia) (En,Sv,No,Da,Fi);https://tinyurl.com/2558wdjm
Disney Infinity 3.0 Edition (USA) (En,Fr,Es) (Rev 2);https://tinyurl.com/2apffv44
Disney Infinity 3.0 Edition (USA) (En,Fr,Es);https://tinyurl.com/2b6665hl
Disney Phineas and Ferb - Quest for Cool Stuff (Europe) (En,Fr,De,Es,It);https://tinyurl.com/22bm7lav
Disney Phineas and Ferb - Quest for Cool Stuff (USA);https://tinyurl.com/24e8opch
Disney Planes (Europe) (En,Fr,De,Es,It,Nl);https://tinyurl.com/2astloox
Disney Planes (Russia);https://tinyurl.com/25fzgrda
Disney Planes (Scandinavia) (En,Sv,No,Da,Fi);https://tinyurl.com/26czqcm8
Disney Planes (USA) (En,Fr,Es,Pt);https://tinyurl.com/2xpc9s4q
Disney Planes - Fire & Rescue (Europe) (En,Fr,De,Es,It);https://tinyurl.com/2bfkdt6a
Disney Planes - Fire & Rescue (USA) (En,Fr,Es,Pt);https://tinyurl.com/28zjgaan
Disney-Pixar Cars 3 - Driven to Win (Europe) (En,Fr,De,Es,It,Nl,Pl,Ru);https://tinyurl.com/2yn7t3zn
Disney-Pixar Cars 3 - Driven to Win (USA) (En,Fr,Es,Pt);https://tinyurl.com/22vcwpq8
Donkey Kong - Tropical Freeze (Japan) (Rev 1);https://tinyurl.com/2bdtrftc
Donkey Kong - Tropical Freeze (Japan) (Rev 3);https://tinyurl.com/2cmyv53u
Donkey Kong Country - Tropical Freeze (Europe) (En,Fr,De,Es,It) (Rev 1);https://tinyurl.com/2ylh9n8p
Donkey Kong Country - Tropical Freeze (Europe) (En,Fr,De,Es,It);https://tinyurl.com/267ey5pe
Donkey Kong Country - Tropical Freeze (USA) (En,Fr,Es) (Rev 1);https://tinyurl.com/286jcg74
Donkey Kong Country - Tropical Freeze (USA) (En,Fr,Es);https://tinyurl.com/28ka2nkl
Doubutsu no Mori - Amiibo Festival (Japan);https://tinyurl.com/225m5o95
Dragon Quest X - 5000-nen no Tabiji - Haruka naru Kokyou e Online (Japan);https://tinyurl.com/275k7zon
Dragon Quest X - All in One Package (Japan) (BDQJ);https://tinyurl.com/2xurm6jw
Dragon Quest X - All in One Package (Japan) (BTPJ);https://tinyurl.com/23e4tz22
Dragon Quest X - All in One Package Version 1-Version 4 (Japan);https://tinyurl.com/2379husa
Dragon Quest X - Inishie no Ryuu no Denshou Online (Japan);https://tinyurl.com/2cpqo395
Dragon Quest X - Mezameshi Itsutsu no Shuzoku Online (Japan) (Rev 1);https://tinyurl.com/229dvmed
Dragon Quest X - Nemureru Yuusha to Michibiki no Meiyuu Online (Japan) (Rev 10);https://tinyurl.com/26ejwuhz
DreamWorks How to Train Your Dragon 2 (Europe) (En,Fr,De,Es,It,Pt);https://tinyurl.com/2brv4rs8
DreamWorks How to Train Your Dragon 2 (USA);https://tinyurl.com/22uxxhym
DreamWorks Kung Fu Panda - Showdown of Legendary Legends (Europe) (En,Fr,De,Es,It);https://tinyurl.com/25zfx2dj
DreamWorks Kung Fu Panda - Showdown of Legendary Legends (USA) (En,Fr,Es,Pt);https://tinyurl.com/27lyh6f5
DreamWorks Penguins of Madagascar (Europe) (En,Fr,De,Es,It);https://tinyurl.com/2xpmtwn5
DreamWorks Penguins of Madagascar (USA) (En,Fr,Es,Pt);https://tinyurl.com/2crhagj3
DreamWorks Rise of the Guardians (Europe) (En,Fr,De,Es,It);https://tinyurl.com/2cacefzn
DreamWorks Rise of the Guardians (USA) (En,Fr,Es);https://tinyurl.com/2bmqckve
DreamWorks The Croods - Prehistoric Party! (Europe) (En,Fr,De,Es,It);https://tinyurl.com/2ael8vnt
DreamWorks The Croods - Prehistoric Party! (USA) (En,Fr,Es);https://tinyurl.com/2xork9z6
DreamWorks Turbo - Super Stunt Squad (Europe) (En,Fr,De,Es,It);https://tinyurl.com/2655p6st
DreamWorks Turbo - Super Stunt Squad (USA) (En,Fr,Es);https://tinyurl.com/2y244nbr
ESPN Sports Connection (USA) (En,Fr,Es,Pt);https://tinyurl.com/2bsqezx7
F1 Race Stars - Powered Up Edition (Japan) (Rev 1);https://tinyurl.com/25rt7q28
FIFA 13 (Europe) (En,Fr,De,Es,It,Nl);https://tinyurl.com/27ufou3r
FIFA 13 - World Class Soccer (Japan);https://tinyurl.com/2dohkysy
FIFA Soccer 13 (USA) (En,Fr,Es);https://tinyurl.com/26kkyrjb
Famicom Remix 1 + 2 (Japan);https://tinyurl.com/2ac2cs8w
Family Party - 30 Great Games - Obstacle Arcade (Europe) (En,Fr,De,Es,It);https://tinyurl.com/286ymukh
Family Party - 30 Great Games - Obstacle Arcade (USA) (En,Fr,Es);https://tinyurl.com/259xpbou
Fast & Furious - Showdown (Europe) (En,Fr,De,Es,It);https://tinyurl.com/2c4cczgu
Fast & Furious - Showdown (USA) (En,Fr);https://tinyurl.com/2c5lr3oc
Fast Racing Neo (Europe) (En,Fr,De,Es,It);https://tinyurl.com/253es9pk
Finding Teddy II - Definitive Edition (Europe) (En,Fr,De,Es,It,Pt,Ru);https://tinyurl.com/29t6vcgy
Fit Music for Wii U (Europe) (En,Fr,De,Es,It);https://tinyurl.com/26fy4pky
Fujiko F. Fujio Characters Daishuugou! SF Dotabata Party!! (Japan);https://tinyurl.com/23zx76oe
Funky Barn (Europe) (En,Fr,De,Es,It);https://tinyurl.com/26ltgcqq
Funky Barn (USA) (En,Fr,Es) (Rev 1);https://tinyurl.com/26dazca3
Game & Wario (Europe) (En,Fr,De,Es,It,Nl,Pt,Ru);https://tinyurl.com/243smlyp
Game & Wario (Japan) (Rev 1);https://tinyurl.com/26k5twgs
Game & Wario (USA) (En,Fr,Es);https://tinyurl.com/2crvfblj
Game Party Champions (Europe) (En,Fr,De,Es,It,Nl);https://tinyurl.com/285kz2zy
Game Party Champions (USA) (En,Fr,Es);https://tinyurl.com/28jb89vz
Gen'ei Ibunroku FE (Japan);https://tinyurl.com/25t5mb9n
Giana Sisters - Twisted Dreams - Director's Cut (USA) (En,Fr,Es);https://tinyurl.com/28q6ju5a
Ginsei Shougi - Kyoutendo Toufuu Raijin (Japan);https://tinyurl.com/238zwg2p
Gotouchi Tetsudou - Gotouchi Chara to Nippon Zenkoku no Tabi (Japan);https://tinyurl.com/2bwlp6mj
Guitar Hero Live (Europe) (En,Fr,De,Es,It);https://tinyurl.com/22hzorsk
Guitar Hero Live (USA) (En,Fr,Es);https://tinyurl.com/28pba7xb
Hello Kitty Kruisers (Europe) (En,Fr,De,Es,It);https://tinyurl.com/2d2m3mxa
Hello Kitty Kruisers (USA);https://tinyurl.com/25qjq7rq
Hot Wheels - World's Best Driver (Europe) (En,Fr,De,Es,It,Nl);https://tinyurl.com/2cycbjwh
Hot Wheels - World's Best Driver (USA) (En,Fr,Es,Pt);https://tinyurl.com/24so6wdt
Hunter's Trophy 2 - Europa (Europe) (En,Fr,De,Es,It);https://tinyurl.com/23kj3a6b
Hyrule Warriors (Europe) (En,Fr,De,Es,It) (Rev 1);https://tinyurl.com/24lssc74
Hyrule Warriors (Europe) (En,Fr,De,Es,It);https://tinyurl.com/25gvg34t
Hyrule Warriors (USA) (En,Fr,Es) (Rev 1);https://tinyurl.com/2bhsms2s
Hyrule Warriors (USA) (En,Fr,Es);https://tinyurl.com/24pv8euo
Injustice - Gods Among Us (Europe) (En,Fr,De,Es,It,Ru);https://tinyurl.com/24j2trnw
Injustice - Gods Among Us (USA) (En,Fr,Es,Pt);https://tinyurl.com/23tq8jqp
Injustice - Hero no Gekitotsu (Japan);https://tinyurl.com/2xwpbxv5
Jeopardy! (USA);https://tinyurl.com/2xptwdod
Jett Tailfin (Europe) (En,Fr,De,Es,It);https://tinyurl.com/2d8f35xs
Jikkuri Egokoro Kyoushitsu (Japan) (Rev 1);https://tinyurl.com/27aw26mp
Just Dance - Disney Party 2 (Europe) (En,Fr,De,Es,It);https://tinyurl.com/27ompe39
Just Dance - Disney Party 2 (USA) (En,Fr,De,Es,It,Pt);https://tinyurl.com/2asjyk5l
Just Dance 2014 (Europe) (En,Fr,De,Es,It,Nl);https://tinyurl.com/29kduuv3
Just Dance 2014 (USA) (En,Fr,Es,Pt);https://tinyurl.com/22725xxo
Just Dance 2015 (Europe) (En,Fr,De,Es,It,Nl);https://tinyurl.com/29993qwg
Just Dance 2015 (USA) (En,Fr,Es,Pt);https://tinyurl.com/2xlkgtwz
Just Dance 2016 (Europe) (En,Fr,De,Es,It,Nl);https://tinyurl.com/24d2rum6
Just Dance 2016 (USA) (En,Fr,Es,Pt);https://tinyurl.com/27gw43oz
Just Dance 2017 (Europe) (En,Fr,De,Es,It,Nl);https://tinyurl.com/2bm55brn
Just Dance 2017 (USA) (En,Fr,Es,Pt);https://tinyurl.com/223kw6ds
Just Dance 2018 (Europe) (En,Fr,De,Es,It,Nl);https://tinyurl.com/29ondemv
Just Dance 2018 (USA) (En,Fr,Es,Pt);https://tinyurl.com/2bkezvhp
Just Dance 2019 (Europe) (En,Fr,De,Es,It,Nl);https://tinyurl.com/2673ey72
Just Dance 2019 (USA) (En,Fr,Es,Pt);https://tinyurl.com/29xn5qfq
Just Dance 4 (Europe) (En,Fr,De,Es,It,Nl);https://tinyurl.com/24eqeaw4
Just Dance 4 (USA) (En,Fr,Es,Pt);https://tinyurl.com/2buo3cbd
Just Dance Kids 2014 (Europe) (En,Fr,Es);https://tinyurl.com/2yoksca9
Just Dance Kids 2014 (USA) (En,Fr,Es);https://tinyurl.com/26ahjrqv
Just Dance Wii U (Japan) (Rev 1);https://tinyurl.com/2dxa9wjl
Kamen Rider - Battride War II (Japan);https://tinyurl.com/26phokeu
Kamen Rider - Battride War II - Premium TV & Movie Sound Edition (Japan);https://tinyurl.com/2y5b82uf
Kamen Rider Summonride! (Japan);https://tinyurl.com/2ywplhog
Kirby and the Rainbow Curse (USA) (En,Fr,Es);https://tinyurl.com/29pwrwud
Kirby and the Rainbow Paintbrush (Europe) (En,Fr,De,Es,It);https://tinyurl.com/27u8mg2j
LEGO Batman 2 - DC Super Heroes (Europe) (En,Fr,De,Es,It);https://tinyurl.com/2xjfplk4
LEGO Batman 2 - DC Super Heroes (USA) (En,Fr,Es,Pt);https://tinyurl.com/27lmofzt
LEGO Batman 3 - Beyond Gotham (Europe) (En,Fr,De,Es,It,Nl,Da);https://tinyurl.com/2bqspnmy
LEGO Batman 3 - Beyond Gotham (USA) (En,Fr,Es,Pt);https://tinyurl.com/29x9xvda
LEGO Batman 3 - The Game - Gotham kara Uchuu e (Japan);https://tinyurl.com/22pgfj8j
LEGO City Undercover (Europe) (En,Fr,De,Es,It,Nl,Pt,Da,Ru) (Rev 1);https://tinyurl.com/258qmunm
LEGO City Undercover (Europe) (En,Fr,De,Es,It,Nl,Pt,Da,Ru);https://tinyurl.com/22zl3wyr
LEGO City Undercover (Japan);https://tinyurl.com/2yagx9r9
LEGO City Undercover (USA) (En,Fr,Es) (Rev 1);https://tinyurl.com/274hsezg
LEGO City Undercover (USA) (En,Fr,Es);https://tinyurl.com/254h7dvr
LEGO Dimensions (Europe) (En,Fr,De,Nl,Da) (Rev 1);https://tinyurl.com/238qyu4x
LEGO Dimensions (USA) (En,Fr,Es);https://tinyurl.com/25bcjy5j
LEGO Jurassic World (Europe) (En,Fr,De,Es,It,Nl,Da);https://tinyurl.com/28wdo88b
LEGO Jurassic World (Japan);https://tinyurl.com/22ol5t3k
LEGO Jurassic World (USA) (En,Fr,Es,Pt);https://tinyurl.com/27hd8vry
LEGO Marvel Avengers (Europe) (En,Fr,De,Es,It,Nl,Da);https://tinyurl.com/25y3ykbv
LEGO Marvel Avengers (Japan);https://tinyurl.com/2cuodt4o
LEGO Marvel Avengers (USA) (En,Fr,Es,Pt);https://tinyurl.com/2c8epl7h
LEGO Marvel Super Heroes (Europe) (En,Fr,De,Es,It,Nl,Da);https://tinyurl.com/27yvwb3j
LEGO Marvel Super Heroes (USA) (En,Fr,Es,Pt);https://tinyurl.com/24m48zzu
LEGO Marvel Super Heroes - The Game (Japan);https://tinyurl.com/2anyfagt
LEGO Movie - The Game (Japan);https://tinyurl.com/29skysms
LEGO Movie, The - Videogame (Europe) (En,Fr,Es,It,Nl,Da) (Rev 1);https://tinyurl.com/233mkfho
LEGO Movie, The - Videogame (Europe) (En,Fr,Es,It,Nl,Da);https://tinyurl.com/2xr7oo9d
LEGO Movie, The - Videogame (USA) (En,Fr,Es,Pt) (Rev 1);https://tinyurl.com/2ylm563e
LEGO Movie, The - Videogame (USA) (En,Fr,Es,Pt);https://tinyurl.com/27752aav
LEGO Star Wars - Force no Kakusei (Japan);https://tinyurl.com/2xwcgv67
LEGO Star Wars - The Force Awakens (Europe) (En,Fr,De,Es,It,Nl,Da);https://tinyurl.com/26qec2ue
LEGO Star Wars - The Force Awakens (USA) (En,Fr,Es,Pt);https://tinyurl.com/29ual8wq
LEGO The Hobbit (Europe) (En,Fr,De,Es,It,Nl,Da);https://tinyurl.com/28m5hjp8
LEGO The Hobbit (USA) (En,Fr,Es,Pt);https://tinyurl.com/28wf2xzt
Legend of Kay - Anniversary (Europe) (En,Fr,De,Es,It);https://tinyurl.com/2b2yj4kf
Legend of Kay - Anniversary (USA) (En,Fr,De,Es,It);https://tinyurl.com/296adkpl
Legend of Zelda, The - Breath of the Wild (Europe) (En,Fr,De,Es,It,Nl,Ru);https://tinyurl.com/2dbgessq
Legend of Zelda, The - Breath of the Wild (USA) (En,Fr,Es);https://tinyurl.com/2699gyuy
Legend of Zelda, The - The Wind Waker HD (Europe, Australia) (En,Fr,De,Es,It);https://tinyurl.com/2aefhax6
Legend of Zelda, The - The Wind Waker HD (USA, Asia) (En,Fr,Es);https://tinyurl.com/26bsc5bv
Legend of Zelda, The - Twilight Princess HD (Europe, Australia) (En,Fr,De,Es,It) (Rev 2);https://tinyurl.com/26pj2cpf
Legend of Zelda, The - Twilight Princess HD (USA) (En,Fr,Es) (Rev 2);https://tinyurl.com/2y5czs8x
Luv Me Buddies - Wonderland (Europe) (En,Fr,De,Es,It);https://tinyurl.com/28la7tk9
Madden NFL 13 (USA);https://tinyurl.com/27gjaxwk
Mario & Sonic at Rio Olympic (Japan) (Rev 1);https://tinyurl.com/24jzcf4x
Mario & Sonic at the Rio 2016 Olympic Games (Europe) (En,Fr,De,Es,It,Nl);https://tinyurl.com/2a5y9jbh
Mario & Sonic at the Rio 2016 Olympic Games (USA) (En,Fr,Es);https://tinyurl.com/2d8uzpdt
Mario & Sonic at the Sochi 2014 Olympic Winter Games (Europe) (En,Fr,De,Es,It,Nl,Ru);https://tinyurl.com/2dml8wrd
Mario & Sonic at the Sochi 2014 Olympic Winter Games (USA) (En,Fr,Es);https://tinyurl.com/24s4afkn
Mario & Sonic at the Sochi Olympic (Japan) (Rev 1);https://tinyurl.com/258sxny7
Mario Kart 8 (Europe) (En,Fr,De,Es,It,Nl,Pt,Ru) (Rev 1);https://tinyurl.com/25ywm2rf
Mario Kart 8 (Europe) (En,Fr,De,Es,It,Nl,Pt,Ru) (Rev 3);https://tinyurl.com/275skp3g
Mario Kart 8 (Europe) (En,Fr,De,Es,It,Nl,Pt,Ru) (Rev 4);https://tinyurl.com/2auavpq4
Mario Kart 8 (Europe) (En,Fr,De,Es,It,Nl,Pt,Ru);https://tinyurl.com/29yjq8va
Mario Kart 8 (Japan) (Rev 1);https://tinyurl.com/27qemjnp
Mario Kart 8 (Japan) (Rev 3);https://tinyurl.com/2xkqhw54
Mario Kart 8 (Japan);https://tinyurl.com/2bxp4jdx
Mario Kart 8 (USA) (En,Fr,Es) (Rev 2);https://tinyurl.com/28heu7uu
Mario Kart 8 (USA) (En,Fr,Es) (Rev 3);https://tinyurl.com/27tssdal
Mario Kart 8 (USA) (En,Fr,Es) (Rev 5);https://tinyurl.com/23trjc4a
Mario Kart 8 (USA) (En,Fr,Es);https://tinyurl.com/232d5ua9
Mario Party 10 (Europe) (En,Fr,De,Es,It,Nl,Pt,Ru);https://tinyurl.com/26qsguwu
Mario Party 10 (Japan);https://tinyurl.com/2d8gdubd
Mario Party 10 (USA) (En,Fr,Es);https://tinyurl.com/2abfgbfq
Mario Tennis - Ultra Smash (Europe) (En,Fr,De,Es,It,Nl,Pt,Ru);https://tinyurl.com/235rbnu5
Mario Tennis - Ultra Smash (Japan) (Rev 1);https://tinyurl.com/258dsrvo
Mario Tennis - Ultra Smash (USA) (En,Fr,Es);https://tinyurl.com/25yzh7ow
Mario vs. Donkey Kong - Minna de Mini Land (Japan);https://tinyurl.com/29kf8n8l
Marvel Avengers - Battle for Earth (Europe) (En,Fr,De,Es,It,Nl,Pl);https://tinyurl.com/2aetm52m
Marvel Avengers - Battle for Earth (USA) (En,Fr,Es,Pt);https://tinyurl.com/2bbtvnbk
Mass Effect 3 - Special Edition (Europe) (En,Fr,De,Es,It);https://tinyurl.com/2ck22cj5
Mass Effect 3 - Special Edition (USA) (En,Fr,Es);https://tinyurl.com/292f2w39
Mass Effect 3 - Tokubetsu-ban (Japan);https://tinyurl.com/22rmhjvz
Mighty No. 9 (Europe) (En,Ja,Fr,De,Es,It,Pt,Ru);https://tinyurl.com/23wdffj7
Mighty No. 9 (USA) (En,Ja,Fr,De,Es,It,Pt,Ru);https://tinyurl.com/2xqqjt6u
Minecraft - Story Mode - A Telltale Games Series - The Complete Adventure (Europe) (En,Fr,De,Es,Pt,Ru);https://tinyurl.com/2674oqhk
Minecraft - Story Mode - A Telltale Games Series - The Complete Adventure (USA) (En,Fr,Es,Pt);https://tinyurl.com/236mle24
Minecraft - Wii U Edition (Europe) (En,Ja,Fr,De,Es,It,Nl,Pt,Zh,Ko,Ru) (Rev 1);https://tinyurl.com/275lzb28
Minecraft - Wii U Edition (Japan) (Rev 1);https://tinyurl.com/2boz9qzu
Minecraft - Wii U Edition (USA) (En,Ja,Fr,De,Es,It,Nl,Pt,Zh,Ko,Ru) (Rev 1);https://tinyurl.com/237asn5s
Monster High - 13 Wishes (Europe) (En,Fr,De,Es,It,Nl,Sv,No,Da,Fi);https://tinyurl.com/2792o4m4
Monster High - 13 Wishes (USA) (En,Fr,Es);https://tinyurl.com/2ysoj7be
Monster High - New Ghoul in School (Europe) (En,Fr,De,Es,It);https://tinyurl.com/2ylt7k4m
Monster High - New Ghoul in School (USA) (En,Fr,Es,Pt);https://tinyurl.com/2727chfc
Monster Hunter 3 Ultimate (Europe) (En,Fr,De,Es,It);https://tinyurl.com/2ckn9lmt
Monster Hunter 3 Ultimate (USA);https://tinyurl.com/2857nwq3
Monster Hunter 3G - HD Ver. (Japan);https://tinyurl.com/2co4ff9p
Monster Hunter Frontier G - Beginner's Package (Japan) (Rev 1);https://tinyurl.com/2ynjrxek
Monster Hunter Frontier G - Memorial Package (Japan);https://tinyurl.com/224ah7s4
Monster Hunter Frontier G5 - Premium Package (Japan);https://tinyurl.com/26c2ejd6
Monster Hunter Frontier G6 - Premium Package (Japan);https://tinyurl.com/22doovgq
Monster Hunter Frontier G7 - Premium Package (Japan);https://tinyurl.com/2cqnbzom
Monster Hunter Frontier G8 - Premium Package (Japan);https://tinyurl.com/26fgkdx2
Monster Hunter Frontier G9 - Premium Package (Japan);https://tinyurl.com/22h5up3m
Monster Hunter Frontier GG - Premium Package (Japan);https://tinyurl.com/2dozur5j
Musou Orochi 2 Hyper (Japan);https://tinyurl.com/27lv4lum
NBA 2K13 (Europe) (En,Fr,De,Es,It);https://tinyurl.com/25cg8umb
NBA 2K13 (USA);https://tinyurl.com/26h76qax
NES Remix Pack (USA) (En,Fr,Es);https://tinyurl.com/2a8mhqwl
Need for Speed - Most Wanted U (USA) (En,Fr,Es);https://tinyurl.com/2b9w9txe
Need for Speed - Most Wanted U - A Criterion Game (Europe) (En,Fr,De,Es,It);https://tinyurl.com/2c5n4tyu
Need for Speed - Most Wanted U - A Criterion Game (Japan);https://tinyurl.com/27cvyqbg
New Super Luigi U (Europe) (En,Fr,De,Es,It,Nl,Pt,Ru);https://tinyurl.com/24q6ll9h
New Super Luigi U (Japan);https://tinyurl.com/26sq5pb3
New Super Luigi U (USA) (En,Fr,Es);https://tinyurl.com/2dae2omj
New Super Mario Bros. U (Europe) (En,Fr,De,Es,It,Nl,Pt,Ru);https://tinyurl.com/2xjaxwte
New Super Mario Bros. U (Japan);https://tinyurl.com/26dbt4kl
New Super Mario Bros. U (USA) (En,Fr,Es) (Rev 2);https://tinyurl.com/2yrf4m3w
New Super Mario Bros. U + New Super Luigi U (Europe) (En,Fr,De,Es,It,Nl,Pt,Ru);https://tinyurl.com/27xuuw7u
New Super Mario Bros. U + New Super Luigi U (USA) (En,Fr,Es);https://tinyurl.com/285lsrsj
Nickelodeon SpongeBob SquarePants - Plankton's Robotic Revenge (Europe) (En,Fr,De,Es,It,Nl,Sv);https://tinyurl.com/22panuht
Nickelodeon SpongeBob SquarePants - Plankton's Robotic Revenge (USA) (En,Fr);https://tinyurl.com/2bu46sz7
Ninja Gaiden 3 - Razor's Edge (Europe) (En,Ja,Fr,De,Es,It);https://tinyurl.com/25t7x3k8
Ninja Gaiden 3 - Razor's Edge (Japan);https://tinyurl.com/23qkfwzm
Ninja Gaiden 3 - Razor's Edge (USA) (En,Ja,Fr,De,Es,It);https://tinyurl.com/23yovl6z
Nintendo Land (Europe) (En,Fr,De,Es,It,Nl,Pt,Ru);https://tinyurl.com/2yqjrvwx
Nintendo Land (Japan);https://tinyurl.com/292m5d4h
Nintendo Land (USA) (En,Fr,Es);https://tinyurl.com/24gpduks
One Piece - Unlimited World R (Japan);https://tinyurl.com/2dlztsl6
One Piece - Unlimited World Red (Europe) (En,Fr,De,Es,It);https://tinyurl.com/27o2sua3
Pac-Man and the Ghostly Adventures (Europe) (En,Fr,De,Es,It);https://tinyurl.com/25elx6yp
Pac-Man and the Ghostly Adventures (USA) (En,Fr,Es,Pt);https://tinyurl.com/2yejo4se
Pac-Man and the Ghostly Adventures 2 (Europe) (En,Fr,De,Es,It);https://tinyurl.com/2clwo6ub
Pac-Man and the Ghostly Adventures 2 (USA) (En,Fr,Es,Pt);https://tinyurl.com/27t7l46u
Paper Mario - Color Splash (Europe) (En,Fr,De,Es,It,Nl,Pt,Ru);https://tinyurl.com/24yb49ud
Paper Mario - Color Splash (Japan);https://tinyurl.com/27pqfaky
Paper Mario - Color Splash (USA) (En,Fr,Es);https://tinyurl.com/27zv3nd9
Pikmin 3 (Europe) (En,Fr,De,Es,It);https://tinyurl.com/24lu64hm
Pikmin 3 (Japan);https://tinyurl.com/2ag9ldr8
Pikmin 3 (USA) (En,Fr,Es) (Rev 1);https://tinyurl.com/2auxbl7p
Pokken - Pokken Tournament (Japan);https://tinyurl.com/29y964cv
Pokken Tournament (Europe) (En,Fr,De,Es,It);https://tinyurl.com/24fcelt9
Pokken Tournament (USA) (En,Fr,Es);https://tinyurl.com/28usxaq2
Project Zero - Maiden of Black Water (Europe) (En,Fr,De);https://tinyurl.com/27mmtlzh
Puyo Puyo Tetris (Japan);https://tinyurl.com/27tz88p9
Rabbids Land (Europe) (En,Fr,De,Es,It,Nl,Ru);https://tinyurl.com/222gd4y2
Rabbids Land (Japan);https://tinyurl.com/2yd6ot3s
Rabbids Land (USA) (En,Fr,Es,Pt);https://tinyurl.com/2ckjov5p
Rapala Pro Bass Fishing (USA);https://tinyurl.com/288zc2ss
Rayman Legends (Europe) (En,Fr,De,Es,It,Nl);https://tinyurl.com/22s775z5
Rayman Legends (Japan);https://tinyurl.com/2aledko2
Rayman Legends (USA) (En,Fr,Es);https://tinyurl.com/27odgysf
Resident Evil - Revelations (Europe) (En,Ja,Fr,De,Es,It,Nl,Pt,Pl,Ru) (Rev 1);https://tinyurl.com/2dzfb6jm
Resident Evil - Revelations (USA) (En,Ja,Fr,De,Es,It,Nl,Pt,Pl,Ru) (Rev 1);https://tinyurl.com/2yng99ug
Rodea the Sky Soldier (Europe) (En,Ja,Fr,De);https://tinyurl.com/2246whbx
Rodea the Sky Soldier (Japan);https://tinyurl.com/29mnhm56
Rodea the Sky Soldier (USA) (En,Ja,Fr,De);https://tinyurl.com/26pmk39j
Runbow - Deluxe Edition (USA) (En,Ja,Fr,De,Es,It);https://tinyurl.com/2d7ah2l2
Ryuu ga Gotoku 1 & 2 HD for Wii U (Japan);https://tinyurl.com/279rg49w
Sangokushi 12 (Japan);https://tinyurl.com/2d3tb9y6
Sangokushi 12 with Power-Up Kit (Japan);https://tinyurl.com/2y8u9ccx
Scribblenauts Unlimited (Australia);https://tinyurl.com/2c2jj7xd
Scribblenauts Unlimited (Europe) (En,Fr,De,Es,It,Nl) (Rev 1);https://tinyurl.com/2a54r9sl
Scribblenauts Unlimited (Europe) (En,Fr,De,Es,It,Nl);https://tinyurl.com/239q733l
Scribblenauts Unlimited (USA) (En,Fr,Es,Pt);https://tinyurl.com/24eh4voa
Scribblenauts Unmasked - A DC Comics Adventure (Australia);https://tinyurl.com/2at5yv2q
Scribblenauts Unmasked - A DC Comics Adventure (USA) (En,Fr,Es,Pt);https://tinyurl.com/25236qbj
Shakedown - Hawaii (USA);https://tinyurl.com/2c4a5kab
Shantae - Half-Genie Hero (USA) (En,Fr,Es);https://tinyurl.com/2422t9z8
Shin Hokuto Musou (Japan);https://tinyurl.com/2ak4w2gk
Shmup Collection (Europe);https://tinyurl.com/26evurdf
Shovel Knight (Europe) (En,Fr,De,Es,It);https://tinyurl.com/2xrpe9tx
Shovel Knight (USA);https://tinyurl.com/2ym6rony
SiNG Party (Europe) (En,Fr,De,Es,It,Nl,Pt,Ru);https://tinyurl.com/2683j76n
SiNG Party (USA) (En,Fr,Es,Pt);https://tinyurl.com/2azecm6m
Simple Series for Wii U Vol. 1 - The Family Party (Japan);https://tinyurl.com/26d8be3h
Skylanders - Giants (Europe) (En,Fr,De,Es,It,Nl,Sv,No,Da,Fi);https://tinyurl.com/2bqjgbe7
Skylanders - Giants (USA) (En,Fr,Es,Pt);https://tinyurl.com/2d8jvksh
Skylanders - Imaginators (Europe) (En,Fr,De,Es,It,Nl,Sv,No,Da,Fi) (Demo);https://tinyurl.com/27orktuv
Skylanders - Imaginators (Europe) (En,Fr,De,Es,It,Nl,Sv,No,Da,Fi);https://tinyurl.com/27hw99o6
Skylanders - Imaginators (USA) (En,Fr,Es,Pt);https://tinyurl.com/2ya6nujf
Skylanders - Spyro's Adventure (Japan);https://tinyurl.com/2c3txp7s
Skylanders - SuperChargers (Europe) (En,Fr,De,Es,It,Nl,Sv,No,Da,Fi);https://tinyurl.com/25hvl94h
Skylanders - SuperChargers (USA) (En,Fr,Es,Pt);https://tinyurl.com/2ck5k339
Skylanders - Swap Force (Europe) (En,Fr,De,Es,It,Nl,Sv,No,Da,Fi);https://tinyurl.com/2dlfc542
Skylanders - Swap Force (USA) (En,Fr,Es,Pt);https://tinyurl.com/2bfem7fk
Skylanders - Trap Team (Europe) (En,Fr,De,Es,It,Nl,Sv,No,Da,Fi);https://tinyurl.com/2ytug2yp
Skylanders - Trap Team (USA) (En,Fr,Es,Pt);https://tinyurl.com/23buvbg2
Smurfs 2, The (Europe) (En,Fr,De,Es,It,Nl,Sv,No,Da);https://tinyurl.com/28p938qp
Smurfs 2, The (USA) (En,Fr,Es);https://tinyurl.com/282wfxtz
Sniper Elite V2 (Europe) (En,Fr,De,Es,It);https://tinyurl.com/255vhfxv
Sniper Elite V2 (Japan);https://tinyurl.com/289rql3a
Sniper Elite V2 (USA) (En,Fr,Es);https://tinyurl.com/25cqt27n
Snoopy's Grand Adventure (Europe) (En,Fr,De,Es,It,Nl,Sv);https://tinyurl.com/28d8wen6
Snoopy's Grand Adventure (USA) (En,Fr);https://tinyurl.com/2753spfl
Sonic & All-Stars Racing Transformed (Europe) (En,Fr,De,Es,It);https://tinyurl.com/27jfq8wt
Sonic & All-Stars Racing Transformed (Japan);https://tinyurl.com/27ckelq4
Sonic & All-Stars Racing Transformed (USA) (En,Fr,Es);https://tinyurl.com/2b42pmfp
Sonic Boom - Rise of Lyric (Europe) (En,Fr,De,Es,It);https://tinyurl.com/24ptygo5
Sonic Boom - Rise of Lyric (USA) (Beta) (2014-07-18);https://tinyurl.com/28o6o4kz
Sonic Boom - Rise of Lyric (USA) (En,Fr,Es);https://tinyurl.com/2bclnmwf
Sonic Lost World (Europe) (En,Ja,Fr,De,Es,It);https://tinyurl.com/2936rvo4
Sonic Lost World (Japan);https://tinyurl.com/2xmdjluv
Sonic Lost World (USA) (En,Ja,Fr,De,Es,It);https://tinyurl.com/24dsumkj
Sonic Toon - Taiko no Hihou (Japan);https://tinyurl.com/22z4p5pp
Splatoon (Europe) (En,Fr,De,Es,It);https://tinyurl.com/2cv3bqxl
Splatoon (Japan) (Rev 2);https://tinyurl.com/2c67relh
Splatoon (Japan);https://tinyurl.com/25vf92gq
Splatoon (USA) (En,Fr,Es) (Rev 2);https://tinyurl.com/2ao7c577
Splatoon (USA) (En,Fr,Es);https://tinyurl.com/29g28fwm
Sports Connection (Europe) (En,Fr,De,Es,It,Nl,Ru,Ca);https://tinyurl.com/2xsdlzwo
Sports Connection (Japan);https://tinyurl.com/2br7nkhv
Star Fox Guard (Europe) (En,Fr,De,Es,It);https://tinyurl.com/27zkgzru
Star Fox Guard (Japan);https://tinyurl.com/29l7xmtg
Star Fox Guard (USA) (En,Fr,Es);https://tinyurl.com/279kdn8o
Star Fox Zero (Europe) (En,Fr,De,Es,It);https://tinyurl.com/257xtj75
Star Fox Zero (Japan);https://tinyurl.com/24jerojt
Star Fox Zero (USA) (En,Fr,Es);https://tinyurl.com/2bd2szyv
SteamWorld Collection (Europe) (En,Ja,Fr,De,Es,It,Ru);https://tinyurl.com/27pynaw6
SteamWorld Collection (USA) (En,Ja,Fr,De,Es,It,Ru);https://tinyurl.com/28ckp5jf
Super Mario 3D World (Europe) (En,Fr,De,Es,It,Nl,Pt,Ru) (Rev 1);https://tinyurl.com/28subget
Super Mario 3D World (Japan);https://tinyurl.com/23fj6j46
Super Mario 3D World (USA) (En,Fr,Es) (Rev 2);https://tinyurl.com/27rkjee3
Super Mario 3D World (USA) (En,Fr,Es);https://tinyurl.com/22as8ngh
Super Mario Maker (Europe) (En,Fr,De,Es,It,Nl,Pt,Ru);https://tinyurl.com/2cnqsaod
Super Mario Maker (Japan);https://tinyurl.com/25yxrm5c
Super Mario Maker (USA) (En,Fr,Es) (Rev 4);https://tinyurl.com/2ajgoqct
Super Mario Maker (USA) (En,Fr,Es) (Rev 5);https://tinyurl.com/2a5qyzwc
Super Mario Maker (USA) (En,Fr,Es);https://tinyurl.com/27tb5roy
Super Smash Bros. for Wii U (Europe) (En,Fr,De,Es,It,Nl,Pt,Ru) (Rev 1);https://tinyurl.com/25nafu2j
Super Smash Bros. for Wii U (Europe) (En,Fr,De,Es,It,Nl,Pt,Ru) (Rev 4);https://tinyurl.com/2a977cj8
Super Smash Bros. for Wii U (Europe) (En,Fr,De,Es,It,Nl,Pt,Ru) (Rev 6);https://tinyurl.com/23x4tvdo
Super Smash Bros. for Wii U (Europe) (En,Fr,De,Es,It,Nl,Pt,Ru);https://tinyurl.com/2c53mvn8
Super Smash Bros. for Wii U (USA) (En,Fr,Es) (Rev 1);https://tinyurl.com/28dlbvxk
Super Smash Bros. for Wii U (USA) (En,Fr,Es) (Rev 10);https://tinyurl.com/29ev4xyd
Super Smash Bros. for Wii U (USA) (En,Fr,Es) (Rev 2);https://tinyurl.com/283brh6w
Super Smash Bros. for Wii U (USA) (En,Fr,Es) (Rev 3);https://tinyurl.com/26s6nrwe
Super Smash Bros. for Wii U (USA) (En,Fr,Es) (Rev 4);https://tinyurl.com/2bkvqums
Super Smash Bros. for Wii U (USA) (En,Fr,Es) (Rev 5);https://tinyurl.com/2xznj2hp
Super Smash Bros. for Wii U (USA) (En,Fr,Es) (Rev 6);https://tinyurl.com/2bwvuoqe
Super Smash Bros. for Wii U (USA) (En,Fr,Es) (Rev 9);https://tinyurl.com/29qv7r4w
Super Smash Bros. for Wii U (USA) (En,Fr,Es);https://tinyurl.com/28zq44ue
Susume! Kinopio Taichou (Japan) (Rev 1);https://tinyurl.com/2dp8ufyc
Susume! Kinopio Taichou (Japan);https://tinyurl.com/22keqgec
Taiko no Tatsujin - Atsumete Tomodachi Daisakusen! (Japan);https://tinyurl.com/2dkwev9h
Taiko no Tatsujin - Tokumori! (Japan);https://tinyurl.com/2by8yq7z
Taiko no Tatsujin - Wii U Version! (Japan);https://tinyurl.com/295gt9co
Tank! Tank! Tank! (Europe) (En,Fr,De,Es,It);https://tinyurl.com/2ctw7a2c
Tank! Tank! Tank! (Japan);https://tinyurl.com/25j6afju
Tank! Tank! Tank! (USA) (En,Fr,Es);https://tinyurl.com/28g78yfh
Tekken Tag Tournament 2 - Wii U Edition (Europe) (En,Fr,De,Es,It) (Rev 1);https://tinyurl.com/2cehumbu
Tekken Tag Tournament 2 - Wii U Edition (Japan);https://tinyurl.com/266pca76
Tekken Tag Tournament 2 - Wii U Edition (USA) (En,Fr,Es) (Rev 1);https://tinyurl.com/25mkg96q
Terraria (Europe) (En,Fr,De,Es,It);https://tinyurl.com/29e2r9te
Terraria (Japan);https://tinyurl.com/2chw3fvq
Terraria (USA) (En,Fr,Es);https://tinyurl.com/298gu7u4
Teslagrad (Europe) (En,Fr,De,Es,It);https://tinyurl.com/2cq3tldx
Tokyo Mirage Sessions FE (Europe);https://tinyurl.com/24qybjxb
Tokyo Mirage Sessions FE (USA);https://tinyurl.com/27n294sv
Tom Clancy's Splinter Cell - Blacklist (Europe) (En,Fr,De,Es,It,Nl,Ru);https://tinyurl.com/23ht7tpq
Tom Clancy's Splinter Cell - Blacklist (Japan);https://tinyurl.com/2cfrc7jc
Tom Clancy's Splinter Cell - Blacklist (USA) (En,Fr,Es,Pt);https://tinyurl.com/29zqelnp
Touch! Kirby Super Rainbow (Japan);https://tinyurl.com/25zp5khe
Transformers - Rise of the Dark Spark (Europe) (En,Fr,De,Es,It);https://tinyurl.com/2dymrltn
Transformers - Rise of the Dark Spark (USA) (En,Fr);https://tinyurl.com/27egb4c8
Transformers Prime - The Game (Europe) (En,Fr,De,Es,It,Nl,Sv);https://tinyurl.com/23nyx3mk
Transformers Prime - The Game (USA) (En,Fr);https://tinyurl.com/25m6be4a
Tumblestone (USA);https://tinyurl.com/29dlmeqv
Voice, The - I Want You (USA);https://tinyurl.com/2asm4o88
Walking Dead, The - Survival Instinct (Europe) (En,Fr,De,Es,It);https://tinyurl.com/27vl75cl
Walking Dead, The - Survival Instinct (USA);https://tinyurl.com/23qf5u9g
Warriors Orochi 3 Hyper (Europe) (En,Fr,De,Es,It);https://tinyurl.com/29n2u5fk
Warriors Orochi 3 Hyper (USA);https://tinyurl.com/25465mvv
Watch Dogs (Japan);https://tinyurl.com/2yjj69g2
Watch_Dogs (Europe) (En,Fr,De,Es,It,Nl,Pt,Ru);https://tinyurl.com/29qh2w2g
Watch_Dogs (USA) (En,Fr,Es,Pt);https://tinyurl.com/2bt3k342
Wheel of Fortune (USA);https://tinyurl.com/25xowtc2
Wii Fit U (Europe) (En,Fr,De,Es,It) (Rev 2);https://tinyurl.com/22v5fpag
Wii Fit U (Japan) (Rev 3);https://tinyurl.com/278g97af
Wii Fit U (USA) (En,Fr,Es) (Rev 2);https://tinyurl.com/2bkhm2kc
Wii Karaoke U (Japan) (Trial Disc) (Rev 1);https://tinyurl.com/27bufxub
Wii Party U (Europe) (En,Fr,De,Es,It,Nl,Pt,Ru) (Rev 1);https://tinyurl.com/22qxnzdm
Wii Party U (Japan) (Rev 2);https://tinyurl.com/248y5rrw
Wii Party U (USA) (En,Fr,Es) (Rev 1);https://tinyurl.com/2ybx88wc
Wii Sports Club (Europe) (En,Fr,De,Es,It,Nl,Pt,Ru) (Rev 1);https://tinyurl.com/237clyuu
Wii Sports Club (Japan) (Rev 1);https://tinyurl.com/2yw7hcnc
Wii Sports Club (USA) (En,Fr,Es) (Rev 1);https://tinyurl.com/283ztv87
Wonderful 101, The (Europe) (En,Fr,De,Es,It);https://tinyurl.com/2bxjrh3r
Wonderful 101, The (Japan);https://tinyurl.com/294smx9x
Wonderful 101, The (USA) (En,Ja) (Rev 1);https://tinyurl.com/2b7f64aj
Wonderful 101, The (USA) (En,Ja);https://tinyurl.com/25ddawjc
Xenoblade Chronicles X (Europe) (En,Fr,De,Es,It);https://tinyurl.com/2az5htdc
Xenoblade Chronicles X (USA) (En,Fr,Es);https://tinyurl.com/2avt83qt
Xenoblade X (Japan);https://tinyurl.com/2a4erlws
Yoshi Wool World (Japan) (Rev 1);https://tinyurl.com/24uwybsu
Yoshi's Woolly World (Europe) (En,Fr,De,Es,It,Nl);https://tinyurl.com/2b5ojoxl
Yoshi's Woolly World (USA) (En,Fr,Es);https://tinyurl.com/27xzzfug
Youkai Watch Dance - Just Dance Special Version (Japan);https://tinyurl.com/2cafhjla
Your Shape - Fitness Evolved 2013 (Europe) (En,Fr,De,Es,It);https://tinyurl.com/2b2adudp
Your Shape - Fitness Evolved 2013 (USA) (En,Fr,Es);https://tinyurl.com/25srkk9r
Zelda Musou (Japan) (Rev 1);https://tinyurl.com/2y9ut4q5
Zelda no Densetsu - Breath of the Wild (Japan);https://tinyurl.com/23q83g88
Zelda no Densetsu - Kaze no Takuto HD (Japan);https://tinyurl.com/29954hxs
Zelda no Densetsu - Twilight Princess HD (Japan) (Rev 1);https://tinyurl.com/2xoundkq
Zero - Nuregarasu no Miko (Japan);https://tinyurl.com/24u3olnv
ZombiU (Europe) (En,Fr,De,Es,It,Nl,Ru);https://tinyurl.com/23w85day
ZombiU (Germany) (En,De);https://tinyurl.com/2a7xnpep
ZombiU (Japan);https://tinyurl.com/2y92jel6
ZombiU (USA) (En,Fr,Es,Pt);https://tinyurl.com/2734ejcd
Zumba Fitness - World Party (Europe) (En,Fr,De,Es,It);https://tinyurl.com/22fh3nzq
Zumba Fitness - World Party (Japan) (En,Ja);https://tinyurl.com/24vrb2xt
Zumba Fitness - World Party (USA);https://tinyurl.com/22t7quwa
