Sony - PlayStation - SBI Subchannels (229) (2022-02-08 21-51-25).zip;https://tinyurl.com/yrwkmf94;101.61 KB;ZIP;https://archive.org/download/chd_psx_eur/CHD-PSX-EUR/;zip
CHD-PSX-JAP/Fire Pro Wrestling G (Japan) (Spike Library).chd;https://tinyurl.com/ywovkmu2;147.12 MiB;Unknown;https://archive.org/download/chd_psx_jap/CHD-PSX-JAP/;zip
CHD-PSX-JAP/Jikuu Tantei DD 2 - Hangyaku no Apusararu (Japan) (Disc 1).chd;https://tinyurl.com/yrzfrcq4;293.07 MiB;Unknown;https://archive.org/download/chd_psx_jap/CHD-PSX-JAP/;zip
CHD-PSX-JAP/Jikuu Tantei DD 2 - Hangyaku no Apusararu (Japan) (Disc 2).chd;https://tinyurl.com/yupq9cfc;325.14 MiB;Unknown;https://archive.org/download/chd_psx_jap/CHD-PSX-JAP/;zip
CHD-PSX-JAP/Southern All Stars - Space MOSA Space Museum of Southern Art (Japan) (Disc 2) (Library).chd;https://tinyurl.com/yuwlkwm4;405.04 MiB;Unknown;https://archive.org/download/chd_psx_jap/CHD-PSX-JAP/;zip
CHD-PSX-JAP/XI [sai] Super Play Collection - XI wa Futatabi Nagerareta - Special CD-ROM (Japan).chd;https://tinyurl.com/yq2k2d6s;101.31 MiB;Unknown;https://archive.org/download/chd_psx_jap/CHD-PSX-JAP/;zip
CHD-PSX-JAP/Zen Nihon Pro Wres - Ouja no Tamashii (Japan) (Spike Library).chd;https://tinyurl.com/ynq56lvh;195.89 MiB;Unknown;https://archive.org/download/chd_psx_jap/CHD-PSX-JAP/;zip
CHD-PSX-JAP/PlayStation Programmer Tool - Runtime Library Version 2.6 (Japan) (En,Ja).chd;https://tinyurl.com/ypufa6ay;52.85 MiB;Unknown;https://archive.org/download/chd_psx_jap_p2/CHD-PSX-JAP/;zip
CHD-PSX-JAP/PlayStation Programmer Tool - Runtime Library Version 3.0 (Japan) (En,Ja).chd;https://tinyurl.com/ypdae59l;54.94 MiB;Unknown;https://archive.org/download/chd_psx_jap_p2/CHD-PSX-JAP/;zip
CHD-PSX-JAP/PlayStation Programmer Tool - Runtime Library Version 3.3 (Japan) (En,Ja).chd;https://tinyurl.com/2x9vqe2e;248.01 MiB;Unknown;https://archive.org/download/chd_psx_jap_p2/CHD-PSX-JAP/;zip
CHD-PSX-Misc/Lussan Nathhorst Presenterar Riding Star (Sweden).chd;https://tinyurl.com/yu2qlgmc;45.06 MiB;Unknown;https://archive.org/download/chd_psx_misc/CHD-PSX-Misc/;zip
