2spicy.7z;https://tinyurl.com/24y3l3aw
Action Deka.7z;https://tinyurl.com/2xusj6cb
After Burner Climax.7z;https://tinyurl.com/2456y6yj
Akai Katana Shin.7z;https://tinyurl.com/235jshao
Aleste.7z;https://tinyurl.com/2992vcnk
Aliens Armageddon.7z;https://tinyurl.com/226ernmc
Aliens Extermination.7z;https://tinyurl.com/24cfhlar
America s Army.7z;https://tinyurl.com/29uvepzb
Aquapazza Aquaplus Dream Match.7z;https://tinyurl.com/274bnx9k
Arcana Heart 2 v2.1.7z;https://tinyurl.com/2xsnruwu
Arcana Heart 3 - LOVE MAX SIX STARS!!!!!!.7z;https://tinyurl.com/26b36d5u
Arcana Heart 3.7z;https://tinyurl.com/25zccblr
Batman.7z;https://tinyurl.com/2b24n2jd
Battle Fantasia.7z;https://tinyurl.com/2de5eu9l
Battle Gear 4 Tuned.7z;https://tinyurl.com/25e2trtw
Battle Gear 4.7z;https://tinyurl.com/2cxsjy59
Big Buck Hunter Pro Home.7z;https://tinyurl.com/26bhb88d
Big Bug Hunter Pro.7z;https://tinyurl.com/2bleabw7
Blade Arcus from Shining.7z;https://tinyurl.com/2xuw3ttf
Blade Strangers (APM3).7z;https://tinyurl.com/2cmgwwvp
Blade Strangers.7z;https://tinyurl.com/243zwg8p
BlazBlue Calamity Trigger.7z;https://tinyurl.com/2b9743rd
BlazBlue Central Fiction.7z;https://tinyurl.com/2d42wuh8
BlazBlue Chronophantasma.7z;https://tinyurl.com/239wsojn
BlazBlue Continuum Shift.7z;https://tinyurl.com/2ba2dqwc
BlazBlue ContinuumShift II.7z;https://tinyurl.com/279jwunz
Blazblue Cross Tag Battle.7z;https://tinyurl.com/239znth7
Blazing angels.7z;https://tinyurl.com/227dm4bf
Border Break Scramble.7z;https://tinyurl.com/2d9ltwgz
CaladriusAC.7z;https://tinyurl.com/26at3w4m
Cars 2.7z;https://tinyurl.com/2dk3ofjc
Chaos Breaker.7z;https://tinyurl.com/288g5vzk
Chaos Code -  New Sign of Catastrophe v2.11.7z;https://tinyurl.com/25y5nvtc
Chaos Code - New Sign of Catastrophe v1.03.7z;https://tinyurl.com/2aa7dcf7
Chase H.Q. 2.7z;https://tinyurl.com/255f6fl7
Contra Evolution HD.7z;https://tinyurl.com/27nyscap
Contra Evolution Revolution.7z;https://tinyurl.com/2ya4hq97
Cotton Rock'n' Roll A.7z;https://tinyurl.com/2bwhc45p
Counter-Strike - Neo.7z;https://tinyurl.com/2xjwjs7y
Crimzon Clover.7z;https://tinyurl.com/24sjqtu2
D1GP Arcade TTX2.7z;https://tinyurl.com/2au57uvp
Daemon Bride.7z;https://tinyurl.com/2457qhql
Darius Burst Another Chronicle EX.7z;https://tinyurl.com/2b5o5vff
Darius Burst Another Chronicle.7z;https://tinyurl.com/226uougu
Daytona 3.7z;https://tinyurl.com/2dhouq5n
Daytona Championship USA New Season Edition.7z;https://tinyurl.com/293wvhzs
Dead Heat Riders.7z;https://tinyurl.com/24mqrdth
Dead Heat.7z;https://tinyurl.com/29ae59n4
Dead or Alive 5.7z;https://tinyurl.com/26fw3r9e
Dead or Alive 6.7z;https://tinyurl.com/29px578k
Deal or not Deal.7z;https://tinyurl.com/22jcxjmw
Dengeki Bunko Fighting Climax Ignition APM3.7z;https://tinyurl.com/2cppso9f
Dirty Drivin.7z;https://tinyurl.com/2yd83fao
Do Not Fall - Run for Your Drink.7z;https://tinyurl.com/25lsahxp
Dragon Dance.7z;https://tinyurl.com/2a3fjfpj
Dream Raiders.7z;https://tinyurl.com/2b86hbd8
Elevator Action Death Parade.7z;https://tinyurl.com/2524zczf
Elevator Action.7z;https://tinyurl.com/24e4bmsn
En-Eins Perfektewelt.7z;https://tinyurl.com/25499kut
Exception.7z;https://tinyurl.com/2cugg33q
Farcry Paradise Lost.7z;https://tinyurl.com/2bkkqxja
Fighting Climax Ignition [SDCS].7z;https://tinyurl.com/2df9jd7u
Fighting Climax.7z;https://tinyurl.com/24nbgwg4
Ford Racing.7z;https://tinyurl.com/24jub5t8
Frenzy Express.7z;https://tinyurl.com/2cp4lf5o
Friction.7z;https://tinyurl.com/22dfgd5a
GTI Club 3.7z;https://tinyurl.com/23pypswo
Gaelco Championship Tuning Race.7z;https://tinyurl.com/24s24baf
Gaia Attack 4.7z;https://tinyurl.com/27kqjde7
Ge-Sen Love - Plus pengo!.7z;https://tinyurl.com/2c3952bx
Ghost Squad Evolution.7z;https://tinyurl.com/29etryk6
GigaWing Generations.7z;https://tinyurl.com/292tn7gk
Goketsuji Ichizoku - Matsuri Senzo Kuyo for NesicaXLive.7z;https://tinyurl.com/2cuq7yq4
Goketsuji Ichizoku - Matsuri Senzo Kuyo.7z;https://tinyurl.com/25ksjufl
Golden Gun.7z;https://tinyurl.com/2ydvw92z
Goonya Fighter.7z;https://tinyurl.com/2b2ub839
Groove Coaster 2 Heavenly Festival.7z;https://tinyurl.com/2abfvoql
Guilty Gear Strive.7z;https://tinyurl.com/2745gp4d
Guilty Gear XX Accent Core Plus.7z;https://tinyurl.com/262xewvl
Guilty Gear Xrd - Sign.7z;https://tinyurl.com/2aqyvmc4
Guilty Gear Xrd -Revelator- [SDCP].7z;https://tinyurl.com/25g4wzla
Guilty Gear Xrd REV2 (APM3).7z;https://tinyurl.com/2yyal5s8
Guitar Hero Arcade Edition.7z;https://tinyurl.com/2df55grp
H2Overdrive.7z;https://tinyurl.com/269hxt94
Harley Davidson King of the Road..7z;https://tinyurl.com/2bk99n4u
Haunted Museum II.7z;https://tinyurl.com/2auzgk57
Haunted Museum.7z;https://tinyurl.com/29wmuboa
Homura.7z;https://tinyurl.com/2cascg9j
Hot Wheels Kings of the Road.7z;https://tinyurl.com/2c6ztwho
Hummer Extreme.7z;https://tinyurl.com/24dbnhbr
Hyper Street Fighter II - The Anniversary Edition.7z;https://tinyurl.com/2xry4njx
Ikaruga.7z;https://tinyurl.com/29lz37pn
Infinity Blade FX.7z;https://tinyurl.com/27q4hsg8
Initial D 4 Export.7z;https://tinyurl.com/2dnkzqrb
Initial D 4.7z;https://tinyurl.com/2btjwn9f
Initial D 5 Export.7z;https://tinyurl.com/2ama5o6t
Initial D Arcade Stage 6 AA.7z;https://tinyurl.com/2c5k2zsl
Initial D Arcade Stage 7 AA.7z;https://tinyurl.com/2d3flr9z
Initial D Arcade Stage 8 Infinity.7z;https://tinyurl.com/26qwhyrt
Initial D Arcade Stage Zero v.2.30.7z;https://tinyurl.com/224ljpob
Initial D Arcade Stage Zero v.2.30_No_Sega_Tools.7z;https://tinyurl.com/2brf8euy
Initial D Arcade Stage Zero.7z;https://tinyurl.com/27qbk9hg
Justice League - Heroes United.7z;https://tinyurl.com/25dfzom9
K.O. Drive.7z;https://tinyurl.com/22pxj6ac
KOF SkyStage v1.0.7z;https://tinyurl.com/27dg6p8v
Kasiori.7z;https://tinyurl.com/25easer8
King of Fighters '98 Ultimate Match Final Edition.7z;https://tinyurl.com/26f6flpz
King of Fighters 98, The - The Ultimate Match.7z;https://tinyurl.com/29o7hyoo
King of Fighters Maximum Impact Regulation A.7z;https://tinyurl.com/29duwkv3
King of Fighters XII.7z;https://tinyurl.com/22e9tue8
Koihime Performance Ryorai Ryorai Version 3 APM3 Edition.7z;https://tinyurl.com/22ho2oy4
Koihime.7z;https://tinyurl.com/24wanm69
Let's Go Island - Lost on the Island of Tropics.7z;https://tinyurl.com/2ag8bfdy
Let's Go Safari.7z;https://tinyurl.com/2ywxubww
Lets go Island 3d.7z;https://tinyurl.com/28ylnh7t
Lets go Jungle - Lost Spice.7z;https://tinyurl.com/2ygjko9h
Lets go jungle Special.7z;https://tinyurl.com/226ozmbn
Lost Land Adventure.7z;https://tinyurl.com/24qfvrdm
Luigi's Mansion Arcade.7z;https://tinyurl.com/26p759pt
Mach Storm.7z;https://tinyurl.com/2b7mnvmm
Magical Beat.7z;https://tinyurl.com/24rpdcl4
Maimai Green.7z;https://tinyurl.com/2xp587wt
Mario Kart DX 1.18.7z;https://tinyurl.com/29cqs4wr
Mario Kart DX.7z;https://tinyurl.com/26rqyd7q
Mario and Sonic at the Rio 2016 Olympic Games.7z;https://tinyurl.com/27jegazm
Maximum Heat 3D.7z;https://tinyurl.com/26xws7hg
Melty Blood AACC.7z;https://tinyurl.com/24o455xx
Melty_Blood_AA_CC_RingWide.7z;https://tinyurl.com/24rzavjt
Mobile Suit Gundam - Bonds of the Battlefield.7z;https://tinyurl.com/2dxkuvyb
Mobile Suits Gundam Extreme VS. 2.7z;https://tinyurl.com/2byfjkjl
Music Gungun! 2.7z;https://tinyurl.com/2c4fv2uc
New Super Mario Bros Wii Coin World.7z;https://tinyurl.com/2xjc8owb
Nicktoons Nitro Racing.7z;https://tinyurl.com/2cs2xt2y
Nirin.7z;https://tinyurl.com/277x7lck
Nitroplus Blasterz.7z;https://tinyurl.com/2bmfqa9d
Nosferatu Lilinor.7z;https://tinyurl.com/2cbpez6k
Operation G.H.O.S.T.7z;https://tinyurl.com/253xo8jf
Otoshu DX.7z;https://tinyurl.com/28h6hsff
OutRun 2 SP SDX.7z;https://tinyurl.com/23fsgp8b
Pengo Online.7z;https://tinyurl.com/2dzhzvmj
Persona 4 - The Ultimate in Mayonaka Arena.7z;https://tinyurl.com/24osu4ks
Persona 4 - The Ultimax Ultra Suplex Hold.7z;https://tinyurl.com/249xflru
Phantom Breaker Another Code.7z;https://tinyurl.com/23b4tdex
Pokken Tournament TeknoParrot.7z;https://tinyurl.com/293g54s9
Police Trainer 2.7z;https://tinyurl.com/25yo9ncx
Primeval Hunt.7z;https://tinyurl.com/265jusrn
Project Diva Arcade.7z;https://tinyurl.com/2d63a9gh
Puck Off.7z;https://tinyurl.com/28krq33j
Puyo Puyo Arcade.7z;https://tinyurl.com/2bl9tfj2
Puyo Puyo eSports.7z;https://tinyurl.com/266854ve
Puzzle Bobble.7z;https://tinyurl.com/2dpjwwuj
R-Tuned Ultimate Street Racing.7z;https://tinyurl.com/25avewwe
Rabbids Hollywood Arcade.7z;https://tinyurl.com/2xjtvazv
Race Driver - GRID.7z;https://tinyurl.com/2868q5z3
Radikal Bikes.7z;https://tinyurl.com/23r7da86
Raiden III NesicaXLive.7z;https://tinyurl.com/2bwxzof6
Raiden III.7z;https://tinyurl.com/26dhlk7m
Raiden IV NesicaXLive.7z;https://tinyurl.com/2y3kmggs
Raiden IV.7z;https://tinyurl.com/2b5eewq4
Rambo.7z;https://tinyurl.com/2ynbekw5
Rampage.7z;https://tinyurl.com/28a43r7f
Rastan Saga.7z;https://tinyurl.com/27wrjddr
Ring Riders.7z;https://tinyurl.com/2d6bnfsa
Rolling Gunner.7z;https://tinyurl.com/2y7vfpj8
Rumble Fish 2.7z;https://tinyurl.com/2b5fpp3m
Samurai Shodown - Edge of Destiny.7z;https://tinyurl.com/2243fkn7
School of Ragnarok.7z;https://tinyurl.com/279nw7m6
Sega & Sonic All-Stars Racing Arcade.7z;https://tinyurl.com/29oak5rb
Sega Race TV.7z;https://tinyurl.com/2b2ttllp
Sega Racing Classic.7z;https://tinyurl.com/24ywccuf
Sega Rally 3.7z;https://tinyurl.com/27g55wqf
Sega Showdown.7z;https://tinyurl.com/2b5tuk65
Sega World Drivers Championship.7z;https://tinyurl.com/234w2rlh
Senko no Ronde DUO - Dis-United Order.7z;https://tinyurl.com/22td4r4r
Senko no Ronde DUO v2.35.7z;https://tinyurl.com/23rtvbmf
Shikigami No Shiro III.7z;https://tinyurl.com/2yfxtqr8
Shining Force - Cross Elysion.7z;https://tinyurl.com/2dyexmwo
Shining Force Cross Raid V1.05.7z;https://tinyurl.com/29r3znag
SiN.7z;https://tinyurl.com/253uboyw
Silent Hill The Arcade.7z;https://tinyurl.com/2bsrq473
Sonic Dash Extreme.7z;https://tinyurl.com/2csdvpuv
Spica Adventure.7z;https://tinyurl.com/28rvhtm4
Spiderman.7z;https://tinyurl.com/2d3zovc5
SpongebobBBB.7z;https://tinyurl.com/28tm49w2
Star Trek Voyager.7z;https://tinyurl.com/28q7vgc6
Star Wars Battle Pod.7z;https://tinyurl.com/28lvfwkb
Storm Racer G.7z;https://tinyurl.com/22moskwa
Storm Rider.7z;https://tinyurl.com/25gm7hqd
Storm Rider_1.2.6.7z;https://tinyurl.com/27frzs83
Strania - The Stella Machina v1.1.7z;https://tinyurl.com/2y6be2qe
Street Fighter III 3rd Strike - Fight for the Future.7z;https://tinyurl.com/2ah4vusz
Street Fighter IV.7z;https://tinyurl.com/2577wr4o
Street Fighter V Arcade.7z;https://tinyurl.com/289dmju5
Street Fighter Zero 3.7z;https://tinyurl.com/2xv6kuc7
Suggoi! Arcana Heart 2 v2.6.7z;https://tinyurl.com/23b2mf7e
Super Alpine Racer.7z;https://tinyurl.com/2cof3dof
Super Monkey Ball Ticket Blitz.7z;https://tinyurl.com/28w4fmts
Super Street Fighter IV Arcade Edition (Export).7z;https://tinyurl.com/2dgakp3j
Super Street Fighter IV Arcade Edition (Version 2012).7z;https://tinyurl.com/2cw5oo36
Super Street Fighter IV Arcade Edition.7z;https://tinyurl.com/24c5c36w
SuperBikes2.7z;https://tinyurl.com/29ul97eg
Taiko no Tatsujin Nijiro ver.7z;https://tinyurl.com/23ssppbz
Taisen Hot Gimmick 5.7z;https://tinyurl.com/2d43egvp
Tank Tank Tank.7z;https://tinyurl.com/2xn8u5w8
Target Terror Gold.7z;https://tinyurl.com/25o5qe3t
Tekken 7 1.2.7z;https://tinyurl.com/2c2chjsg
Tekken 7 Fated Retribution Round 2.7z;https://tinyurl.com/22pe9evb
Tekken 7 Fated Retribution.7z;https://tinyurl.com/2xpdlebm
Terminator Salvation.7z;https://tinyurl.com/246jfy7m
Tetris The Grand Master 3 - Terror Instinct.7z;https://tinyurl.com/267fcowa
The Act.7z;https://tinyurl.com/2cbw2cqb
The Fast & Furious SuperCars.7z;https://tinyurl.com/2aqhe9p5
The Fast and the Furious Drift.7z;https://tinyurl.com/2bwvvzmp
The Fast and the Furious Super Bikes.7z;https://tinyurl.com/23sjuwz8
The Fast and the Furious.7z;https://tinyurl.com/25767fcm
The House of The Dead EX.7z;https://tinyurl.com/2xnx2d5v
The House of the Dead 4 Special.7z;https://tinyurl.com/26bgxfus
The House of the Dead 4.7z;https://tinyurl.com/283qx65q
The House of the Dead Scarlet Down.7z;https://tinyurl.com/272g845x
The King of Fighters XIII Climax for NESICAxLive.7z;https://tinyurl.com/22p5em5y
The King of Fighters XIII Climax.7z;https://tinyurl.com/2c6d5ary
The King of Fighters XIII.7z;https://tinyurl.com/25lb2hsm
Theatrhythm Final Fantasy All Star Carnival.7z;https://tinyurl.com/2yeeetfj
Time Crisis 5.7z;https://tinyurl.com/236oejnh
Tokyo Cop.7z;https://tinyurl.com/2c5aq6kr
Tomb Raider.7z;https://tinyurl.com/2d36cfyo
Transformers.7z;https://tinyurl.com/22elrra5
Trouble Witches AC - Amalgam no Joutachi v1.12.7z;https://tinyurl.com/29dekrmy
Trouble Witches AC.7z;https://tinyurl.com/27ddwr2c
Ultra Street Fighter 4.7z;https://tinyurl.com/2463hrd4
Umihara Kawase Fresh!.7z;https://tinyurl.com/24z3llgn
Under Defeat HD+.7z;https://tinyurl.com/2dckk5nd
Under Night In-Birth Exe-Late [SBXZ].7z;https://tinyurl.com/229v7ffr
Under Night In-Birth ExeLate[cl-r] APM3 Edition.7z;https://tinyurl.com/2adevbfc
Under Night In-Birth ExeLate[st].7z;https://tinyurl.com/27b98zmv
Valve Limit R.7z;https://tinyurl.com/2ycuuu6t
Vampire Savior - The Lord of Vampire.7z;https://tinyurl.com/2xlun8wo
Virtua Fighter 5 R.7z;https://tinyurl.com/25jrzzjw
Virtua Fighter 5 Rev B.7z;https://tinyurl.com/23km7859
Virtua Fighter 5 Rev C.7z;https://tinyurl.com/22crnng3
Virtua Fighter 5 final showdown REV B.7z;https://tinyurl.com/2xrd2keu
Virtua Fighter eSports.7z;https://tinyurl.com/238wnzk2
Virtua Tennis 3.7z;https://tinyurl.com/2axu4vp6
Virtua Tennis 4.7z;https://tinyurl.com/2655bean
Wacky Race.7z;https://tinyurl.com/268jh7uj
Wangan Midnight Maximum Tune 3 (Export).7z;https://tinyurl.com/27sooo8n
Wangan Midnight Maximum Tune 5.7z;https://tinyurl.com/24le9ojf
Wangan Midnight Maximum Tune 5DX+.7z;https://tinyurl.com/23vngljp
Wangan Midnight Maximum Tune 5DX.7z;https://tinyurl.com/24oean3s
Wangan Midnight Maximum Tune 6.7z;https://tinyurl.com/2yurzus4
Wangan Midnight Maximum Tune 6R.7z;https://tinyurl.com/2dxv3g56
Wartran Troopers.7z;https://tinyurl.com/2y2hspt4
Winning Eleven 2008.7z;https://tinyurl.com/29b6bspg
Winter X Games Snocross.7z;https://tinyurl.com/263stt38
Wonderland Wars.7z;https://tinyurl.com/27cm7reh
X-Games Snowboarder.7z;https://tinyurl.com/26lmx67c
yugioh.7z;https://tinyurl.com/2co9qbf9
