007 Legends (Europe) (En,Fr,De);https://myrient.erista.me/files/Redump/Nintendo%20-%20Wii%20U%20-%20WUX//007%20Legends%20(Europe)%20(En,Fr,De).zip
007 Legends (USA) (En,Fr);https://myrient.erista.me/files/Redump/Nintendo%20-%20Wii%20U%20-%20WUX//007%20Legends%20(USA)%20(En,Fr).zip
0100872 - DISC, CAT-I RTL NOV '14 USA-FL (USA);https://myrient.erista.me/files/Redump/Nintendo%20-%20Wii%20U%20-%20WUX//0100872%20-%20DISC,%20CAT-I%20RTL%20NOV%20%2714%20USA-FL%20(USA).zip
0103771 - DISC, CAT-I RTL MAR '16 USA-PT (USA);https://myrient.erista.me/files/Redump/Nintendo%20-%20Wii%20U%20-%20WUX//0103771%20-%20DISC,%20CAT-I%20RTL%20MAR%20%2716%20USA-PT%20(USA).zip
101446 - DISC, CAT-I RTL DEC '14 USA-PT (USA);https://myrient.erista.me/files/Redump/Nintendo%20-%20Wii%20U%20-%20WUX//101446%20-%20DISC,%20CAT-I%20RTL%20DEC%20%2714%20USA-PT%20(USA).zip
102079 - DISC, CAT-I RTL MAY '15 USA-PT (USA);https://myrient.erista.me/files/Redump/Nintendo%20-%20Wii%20U%20-%20WUX//102079%20-%20DISC,%20CAT-I%20RTL%20MAY%20%2715%20USA-PT%20(USA).zip
102812 - DISC, CAT-I RTL AUG '15 USA-PT (USA);https://myrient.erista.me/files/Redump/Nintendo%20-%20Wii%20U%20-%20WUX//102812%20-%20DISC,%20CAT-I%20RTL%20AUG%20%2715%20USA-PT%20(USA).zip
103292 - DISC, CAT-I RTL NOV '15 USA-PT (USA);https://myrient.erista.me/files/Redump/Nintendo%20-%20Wii%20U%20-%20WUX//103292%20-%20DISC,%20CAT-I%20RTL%20NOV%20%2715%20USA-PT%20(USA).zip
104571 - Disc, CAT-I RTL OCT '16 USA-PT (USA);https://myrient.erista.me/files/Redump/Nintendo%20-%20Wii%20U%20-%20WUX//104571%20-%20Disc,%20CAT-I%20RTL%20OCT%20%2716%20USA-PT%20(USA).zip
81641 - DISC, CAT-I PIKMIN 3 EVENTRTLCANUSA (USA);https://myrient.erista.me/files/Redump/Nintendo%20-%20Wii%20U%20-%20WUX//81641%20-%20DISC,%20CAT-I%20PIKMIN%203%20EVENTRTLCANUSA%20(USA).zip
81642 - DISC, CAT-I PIKMIN 3 POST RTL (USA);https://myrient.erista.me/files/Redump/Nintendo%20-%20Wii%20U%20-%20WUX//81642%20-%20DISC,%20CAT-I%20PIKMIN%203%20POST%20RTL%20(USA).zip
81854 - DISC, CAT-I UPDATE RTL AUG '13 USAWM (USA);https://myrient.erista.me/files/Redump/Nintendo%20-%20Wii%20U%20-%20WUX//81854%20-%20DISC,%20CAT-I%20UPDATE%20RTL%20AUG%20%2713%20USAWM%20(USA).zip
83178 - DISC, CAT-I RTL MAR '14 USA-PT (USA);https://myrient.erista.me/files/Redump/Nintendo%20-%20Wii%20U%20-%20WUX//83178%20-%20DISC,%20CAT-I%20RTL%20MAR%20%2714%20USA-PT%20(USA).zip
83402 - CAT-I RTL MAY '14 USA-PT (USA);https://myrient.erista.me/files/Redump/Nintendo%20-%20Wii%20U%20-%20WUX//83402%20-%20CAT-I%20RTL%20MAY%20%2714%20USA-PT%20(USA).zip
ABC Wipeout - Create & Crash (USA);https://myrient.erista.me/files/Redump/Nintendo%20-%20Wii%20U%20-%20WUX//ABC%20Wipeout%20-%20Create%20&%20Crash%20(USA).zip
ABC Wipeout 3 (USA);https://myrient.erista.me/files/Redump/Nintendo%20-%20Wii%20U%20-%20WUX//ABC%20Wipeout%203%20(USA).zip
Adventure Time - Explore the Dungeon Because I Don't Know! (Europe) (En,Fr,De,Es,It);https://myrient.erista.me/files/Redump/Nintendo%20-%20Wii%20U%20-%20WUX//Adventure%20Time%20-%20Explore%20the%20Dungeon%20Because%20I%20Don%27t%20Know!%20(Europe)%20(En,Fr,De,Es,It).zip
Adventure Time - Explore the Dungeon Because I Don't Know! (USA) (En,Fr,Es);https://myrient.erista.me/files/Redump/Nintendo%20-%20Wii%20U%20-%20WUX//Adventure%20Time%20-%20Explore%20the%20Dungeon%20Because%20I%20Don%27t%20Know!%20(USA)%20(En,Fr,Es).zip
Adventure Time - Finn & Jake Investigations (Europe) (En,Fr,De,Es,It);https://myrient.erista.me/files/Redump/Nintendo%20-%20Wii%20U%20-%20WUX//Adventure%20Time%20-%20Finn%20&%20Jake%20Investigations%20(Europe)%20(En,Fr,De,Es,It).zip
Adventure Time - Finn & Jake Investigations (USA) (En,Fr,Es,Pt);https://myrient.erista.me/files/Redump/Nintendo%20-%20Wii%20U%20-%20WUX//Adventure%20Time%20-%20Finn%20&%20Jake%20Investigations%20(USA)%20(En,Fr,Es,Pt).zip
Amazing Spider-Man 2, The (Europe) (En,Fr,De,Es,It);https://myrient.erista.me/files/Redump/Nintendo%20-%20Wii%20U%20-%20WUX//Amazing%20Spider-Man%202,%20The%20(Europe)%20(En,Fr,De,Es,It).zip
Amazing Spider-Man 2, The (USA) (En,Fr);https://myrient.erista.me/files/Redump/Nintendo%20-%20Wii%20U%20-%20WUX//Amazing%20Spider-Man%202,%20The%20(USA)%20(En,Fr).zip
Amazing Spider-Man, The - Ultimate Edition (Europe) (En,Fr,De,Es,It);https://myrient.erista.me/files/Redump/Nintendo%20-%20Wii%20U%20-%20WUX//Amazing%20Spider-Man,%20The%20-%20Ultimate%20Edition%20(Europe)%20(En,Fr,De,Es,It).zip
Amazing Spider-Man, The - Ultimate Edition (USA) (En,Fr,Es);https://myrient.erista.me/files/Redump/Nintendo%20-%20Wii%20U%20-%20WUX//Amazing%20Spider-Man,%20The%20-%20Ultimate%20Edition%20(USA)%20(En,Fr,Es).zip
Angry Birds Star Wars (Europe) (En,Fr,De,Es,It);https://myrient.erista.me/files/Redump/Nintendo%20-%20Wii%20U%20-%20WUX//Angry%20Birds%20Star%20Wars%20(Europe)%20(En,Fr,De,Es,It).zip
Angry Birds Star Wars (USA) (En,Fr,Es,Pt);https://myrient.erista.me/files/Redump/Nintendo%20-%20Wii%20U%20-%20WUX//Angry%20Birds%20Star%20Wars%20(USA)%20(En,Fr,Es,Pt).zip
Angry Birds Trilogy (Europe) (En,Fr,De,Es,It);https://myrient.erista.me/files/Redump/Nintendo%20-%20Wii%20U%20-%20WUX//Angry%20Birds%20Trilogy%20(Europe)%20(En,Fr,De,Es,It).zip
Angry Birds Trilogy (USA) (En,Fr);https://myrient.erista.me/files/Redump/Nintendo%20-%20Wii%20U%20-%20WUX//Angry%20Birds%20Trilogy%20(USA)%20(En,Fr).zip
Animal Crossing - Amiibo Festival (Europe) (En,Fr,De,Es,It,Nl,Pt,Ru);https://myrient.erista.me/files/Redump/Nintendo%20-%20Wii%20U%20-%20WUX//Animal%20Crossing%20-%20Amiibo%20Festival%20(Europe)%20(En,Fr,De,Es,It,Nl,Pt,Ru).zip
Animal Crossing - Amiibo Festival (USA) (En,Fr,Es);https://myrient.erista.me/files/Redump/Nintendo%20-%20Wii%20U%20-%20WUX//Animal%20Crossing%20-%20Amiibo%20Festival%20(USA)%20(En,Fr,Es).zip
Art Academy - Atelier (Europe) (En,Fr,De,Es,It,Nl,Pt,Ru);https://myrient.erista.me/files/Redump/Nintendo%20-%20Wii%20U%20-%20WUX//Art%20Academy%20-%20Atelier%20(Europe)%20(En,Fr,De,Es,It,Nl,Pt,Ru).zip
Assassin's Creed III (Europe) (En,Fr,De,Es,It,Nl,Ru);https://myrient.erista.me/files/Redump/Nintendo%20-%20Wii%20U%20-%20WUX//Assassin%27s%20Creed%20III%20(Europe)%20(En,Fr,De,Es,It,Nl,Ru).zip
Assassin's Creed III (Japan);https://myrient.erista.me/files/Redump/Nintendo%20-%20Wii%20U%20-%20WUX//Assassin%27s%20Creed%20III%20(Japan).zip
Assassin's Creed III (USA) (En,Fr,Es,Pt);https://myrient.erista.me/files/Redump/Nintendo%20-%20Wii%20U%20-%20WUX//Assassin%27s%20Creed%20III%20(USA)%20(En,Fr,Es,Pt).zip
Assassin's Creed IV - Black Flag (Europe) (En,Fr,De,Es,It,Nl,Ru);https://myrient.erista.me/files/Redump/Nintendo%20-%20Wii%20U%20-%20WUX//Assassin%27s%20Creed%20IV%20-%20Black%20Flag%20(Europe)%20(En,Fr,De,Es,It,Nl,Ru).zip
Assassin's Creed IV - Black Flag (Japan);https://myrient.erista.me/files/Redump/Nintendo%20-%20Wii%20U%20-%20WUX//Assassin%27s%20Creed%20IV%20-%20Black%20Flag%20(Japan).zip
Assassin's Creed IV - Black Flag (USA) (En,Fr,Es,Pt);https://myrient.erista.me/files/Redump/Nintendo%20-%20Wii%20U%20-%20WUX//Assassin%27s%20Creed%20IV%20-%20Black%20Flag%20(USA)%20(En,Fr,Es,Pt).zip
Axiom Verge (USA) (En,Fr,De,Es,It,Pt);https://myrient.erista.me/files/Redump/Nintendo%20-%20Wii%20U%20-%20WUX//Axiom%20Verge%20(USA)%20(En,Fr,De,Es,It,Pt).zip
Baila Latino (Europe) (En,Fr,De,Es,It);https://myrient.erista.me/files/Redump/Nintendo%20-%20Wii%20U%20-%20WUX//Baila%20Latino%20(Europe)%20(En,Fr,De,Es,It).zip
Barbie & Her Sisters - Puppy Rescue (Europe) (En,Fr,De,Es,It);https://myrient.erista.me/files/Redump/Nintendo%20-%20Wii%20U%20-%20WUX//Barbie%20&%20Her%20Sisters%20-%20Puppy%20Rescue%20(Europe)%20(En,Fr,De,Es,It).zip
Barbie & Her Sisters - Puppy Rescue (USA) (En,Fr,Es,Pt);https://myrient.erista.me/files/Redump/Nintendo%20-%20Wii%20U%20-%20WUX//Barbie%20&%20Her%20Sisters%20-%20Puppy%20Rescue%20(USA)%20(En,Fr,Es,Pt).zip
Barbie Dreamhouse Party (Europe) (En,Fr,De,Es,It,Nl,Sv,No,Da,Fi);https://myrient.erista.me/files/Redump/Nintendo%20-%20Wii%20U%20-%20WUX//Barbie%20Dreamhouse%20Party%20(Europe)%20(En,Fr,De,Es,It,Nl,Sv,No,Da,Fi).zip
Barbie Dreamhouse Party (USA) (En,Fr,Es);https://myrient.erista.me/files/Redump/Nintendo%20-%20Wii%20U%20-%20WUX//Barbie%20Dreamhouse%20Party%20(USA)%20(En,Fr,Es).zip
Batman - Arkham City - Armored Edition (Japan);https://myrient.erista.me/files/Redump/Nintendo%20-%20Wii%20U%20-%20WUX//Batman%20-%20Arkham%20City%20-%20Armored%20Edition%20(Japan).zip
Batman - Arkham City - Armored Edition (USA) (En,Fr,Es,Pt);https://myrient.erista.me/files/Redump/Nintendo%20-%20Wii%20U%20-%20WUX//Batman%20-%20Arkham%20City%20-%20Armored%20Edition%20(USA)%20(En,Fr,Es,Pt).zip
Batman - Arkham City - Armoured Edition (Europe) (En,Fr,De,Es,It,Ru);https://myrient.erista.me/files/Redump/Nintendo%20-%20Wii%20U%20-%20WUX//Batman%20-%20Arkham%20City%20-%20Armoured%20Edition%20(Europe)%20(En,Fr,De,Es,It,Ru).zip
Batman - Arkham Origins (Europe) (En,Fr,De,Es,It,Ru);https://myrient.erista.me/files/Redump/Nintendo%20-%20Wii%20U%20-%20WUX//Batman%20-%20Arkham%20Origins%20(Europe)%20(En,Fr,De,Es,It,Ru).zip
Batman - Arkham Origins (Japan);https://myrient.erista.me/files/Redump/Nintendo%20-%20Wii%20U%20-%20WUX//Batman%20-%20Arkham%20Origins%20(Japan).zip
Batman - Arkham Origins (USA) (En,Fr,Es);https://myrient.erista.me/files/Redump/Nintendo%20-%20Wii%20U%20-%20WUX//Batman%20-%20Arkham%20Origins%20(USA)%20(En,Fr,Es).zip
Bayonetta (Europe) (En,Ja,Fr,De,Es,It);https://myrient.erista.me/files/Redump/Nintendo%20-%20Wii%20U%20-%20WUX//Bayonetta%20(Europe)%20(En,Ja,Fr,De,Es,It).zip
Bayonetta (Japan) (Rev 1);https://myrient.erista.me/files/Redump/Nintendo%20-%20Wii%20U%20-%20WUX//Bayonetta%20(Japan)%20(Rev%201).zip
Bayonetta (USA) (En,Ja,Fr,De,Es,It);https://myrient.erista.me/files/Redump/Nintendo%20-%20Wii%20U%20-%20WUX//Bayonetta%20(USA)%20(En,Ja,Fr,De,Es,It).zip
Bayonetta 2 (Europe) (En,Ja,Fr,De,Es,It);https://myrient.erista.me/files/Redump/Nintendo%20-%20Wii%20U%20-%20WUX//Bayonetta%202%20(Europe)%20(En,Ja,Fr,De,Es,It).zip
Bayonetta 2 (Japan);https://myrient.erista.me/files/Redump/Nintendo%20-%20Wii%20U%20-%20WUX//Bayonetta%202%20(Japan).zip
Bayonetta 2 (USA) (En,Ja,Fr,De,Es,It);https://myrient.erista.me/files/Redump/Nintendo%20-%20Wii%20U%20-%20WUX//Bayonetta%202%20(USA)%20(En,Ja,Fr,De,Es,It).zip
Ben 10 - Omniverse (Europe) (En,Fr,De,Es,It,Ru);https://myrient.erista.me/files/Redump/Nintendo%20-%20Wii%20U%20-%20WUX//Ben%2010%20-%20Omniverse%20(Europe)%20(En,Fr,De,Es,It,Ru).zip
Ben 10 - Omniverse (USA) (En,Fr,Es);https://myrient.erista.me/files/Redump/Nintendo%20-%20Wii%20U%20-%20WUX//Ben%2010%20-%20Omniverse%20(USA)%20(En,Fr,Es).zip
Ben 10 - Omniverse 2 (Europe) (En,Fr,De,Es,It);https://myrient.erista.me/files/Redump/Nintendo%20-%20Wii%20U%20-%20WUX//Ben%2010%20-%20Omniverse%202%20(Europe)%20(En,Fr,De,Es,It).zip
Ben 10 - Omniverse 2 (USA) (En,Fr,Es);https://myrient.erista.me/files/Redump/Nintendo%20-%20Wii%20U%20-%20WUX//Ben%2010%20-%20Omniverse%202%20(USA)%20(En,Fr,Es).zip
Biohazard - Revelations - Unveiled Edition (Japan) (Rev 1);https://myrient.erista.me/files/Redump/Nintendo%20-%20Wii%20U%20-%20WUX//Biohazard%20-%20Revelations%20-%20Unveiled%20Edition%20(Japan)%20(Rev%201).zip
Book of Unwritten Tales 2, The (Europe) (En,Fr,De,Es,It);https://myrient.erista.me/files/Redump/Nintendo%20-%20Wii%20U%20-%20WUX//Book%20of%20Unwritten%20Tales%202,%20The%20(Europe)%20(En,Fr,De,Es,It).zip
Book of Unwritten Tales 2, The (USA) (En,Fr,De,Es,It,Pl);https://myrient.erista.me/files/Redump/Nintendo%20-%20Wii%20U%20-%20WUX//Book%20of%20Unwritten%20Tales%202,%20The%20(USA)%20(En,Fr,De,Es,It,Pl).zip
Brunswick Pro Bowling (USA);https://myrient.erista.me/files/Redump/Nintendo%20-%20Wii%20U%20-%20WUX//Brunswick%20Pro%20Bowling%20(USA).zip
Cabela's Big Game Hunter - Pro Hunts (USA);https://myrient.erista.me/files/Redump/Nintendo%20-%20Wii%20U%20-%20WUX//Cabela%27s%20Big%20Game%20Hunter%20-%20Pro%20Hunts%20(USA).zip
Cabela's Dangerous Hunts 2013 (Europe) (En,Fr,De,It);https://myrient.erista.me/files/Redump/Nintendo%20-%20Wii%20U%20-%20WUX//Cabela%27s%20Dangerous%20Hunts%202013%20(Europe)%20(En,Fr,De,It).zip
Cabela's Dangerous Hunts 2013 (USA) (En,Fr);https://myrient.erista.me/files/Redump/Nintendo%20-%20Wii%20U%20-%20WUX//Cabela%27s%20Dangerous%20Hunts%202013%20(USA)%20(En,Fr).zip
Call of Duty - Black Ops II (Europe) (En,Fr);https://myrient.erista.me/files/Redump/Nintendo%20-%20Wii%20U%20-%20WUX//Call%20of%20Duty%20-%20Black%20Ops%20II%20(Europe)%20(En,Fr).zip
Call of Duty - Black Ops II (Europe) (Es,It);https://myrient.erista.me/files/Redump/Nintendo%20-%20Wii%20U%20-%20WUX//Call%20of%20Duty%20-%20Black%20Ops%20II%20(Europe)%20(Es,It).zip
Call of Duty - Black Ops II (Germany);https://myrient.erista.me/files/Redump/Nintendo%20-%20Wii%20U%20-%20WUX//Call%20of%20Duty%20-%20Black%20Ops%20II%20(Germany).zip
Call of Duty - Black Ops II (Japan) (En,Ja);https://myrient.erista.me/files/Redump/Nintendo%20-%20Wii%20U%20-%20WUX//Call%20of%20Duty%20-%20Black%20Ops%20II%20(Japan)%20(En,Ja).zip
Call of Duty - Black Ops II (USA) (En,Fr);https://myrient.erista.me/files/Redump/Nintendo%20-%20Wii%20U%20-%20WUX//Call%20of%20Duty%20-%20Black%20Ops%20II%20(USA)%20(En,Fr).zip
Call of Duty - Ghosts (Europe) (En,Fr,De);https://myrient.erista.me/files/Redump/Nintendo%20-%20Wii%20U%20-%20WUX//Call%20of%20Duty%20-%20Ghosts%20(Europe)%20(En,Fr,De).zip
Call of Duty - Ghosts (Europe) (Es,It);https://myrient.erista.me/files/Redump/Nintendo%20-%20Wii%20U%20-%20WUX//Call%20of%20Duty%20-%20Ghosts%20(Europe)%20(Es,It).zip
Call of Duty - Ghosts (Japan);https://myrient.erista.me/files/Redump/Nintendo%20-%20Wii%20U%20-%20WUX//Call%20of%20Duty%20-%20Ghosts%20(Japan).zip
Call of Duty - Ghosts (USA) (En,Fr);https://myrient.erista.me/files/Redump/Nintendo%20-%20Wii%20U%20-%20WUX//Call%20of%20Duty%20-%20Ghosts%20(USA)%20(En,Fr).zip
Captain Toad - Treasure Tracker (Europe) (En,Fr,De,Es,It) (Rev 1);https://myrient.erista.me/files/Redump/Nintendo%20-%20Wii%20U%20-%20WUX//Captain%20Toad%20-%20Treasure%20Tracker%20(Europe)%20(En,Fr,De,Es,It)%20(Rev%201).zip
Captain Toad - Treasure Tracker (Europe) (En,Fr,De,Es,It);https://myrient.erista.me/files/Redump/Nintendo%20-%20Wii%20U%20-%20WUX//Captain%20Toad%20-%20Treasure%20Tracker%20(Europe)%20(En,Fr,De,Es,It).zip
Captain Toad - Treasure Tracker (USA) (En,Fr,Es) (Rev 1);https://myrient.erista.me/files/Redump/Nintendo%20-%20Wii%20U%20-%20WUX//Captain%20Toad%20-%20Treasure%20Tracker%20(USA)%20(En,Fr,Es)%20(Rev%201).zip
Captain Toad - Treasure Tracker (USA) (En,Fr,Es);https://myrient.erista.me/files/Redump/Nintendo%20-%20Wii%20U%20-%20WUX//Captain%20Toad%20-%20Treasure%20Tracker%20(USA)%20(En,Fr,Es).zip
Cocoto Magic Circus 2 (Europe) (En,Fr,De,Es,It,Nl,Pt);https://myrient.erista.me/files/Redump/Nintendo%20-%20Wii%20U%20-%20WUX//Cocoto%20Magic%20Circus%202%20(Europe)%20(En,Fr,De,Es,It,Nl,Pt).zip
DISC, CAT-I RTL JAN '13 USA (USA);https://myrient.erista.me/files/Redump/Nintendo%20-%20Wii%20U%20-%20WUX//DISC,%20CAT-I%20RTL%20JAN%20%2713%20USA%20(USA).zip
Dairantou Smash Brothers for Wii U (Japan);https://myrient.erista.me/files/Redump/Nintendo%20-%20Wii%20U%20-%20WUX//Dairantou%20Smash%20Brothers%20for%20Wii%20U%20(Japan).zip
Darksiders - Warmastered Edition (Europe) (En,Fr,De,Es,It,Pt,Zh,Pl,Ru,Cs);https://myrient.erista.me/files/Redump/Nintendo%20-%20Wii%20U%20-%20WUX//Darksiders%20-%20Warmastered%20Edition%20(Europe)%20(En,Fr,De,Es,It,Pt,Zh,Pl,Ru,Cs).zip
Darksiders - Warmastered Edition (USA) (En,Ja,Fr,De,Es,It,Pt,Zh,Ko,Pl,Ru,Cs);https://myrient.erista.me/files/Redump/Nintendo%20-%20Wii%20U%20-%20WUX//Darksiders%20-%20Warmastered%20Edition%20(USA)%20(En,Ja,Fr,De,Es,It,Pt,Zh,Ko,Pl,Ru,Cs).zip
Darksiders II (Europe) (En,Fr,De,Es,It);https://myrient.erista.me/files/Redump/Nintendo%20-%20Wii%20U%20-%20WUX//Darksiders%20II%20(Europe)%20(En,Fr,De,Es,It).zip
Darksiders II (USA) (En,Fr,Es);https://myrient.erista.me/files/Redump/Nintendo%20-%20Wii%20U%20-%20WUX//Darksiders%20II%20(USA)%20(En,Fr,Es).zip
Deus Ex - Human Revolution - Director's Cut (Europe) (En,Fr,De,Es,It);https://myrient.erista.me/files/Redump/Nintendo%20-%20Wii%20U%20-%20WUX//Deus%20Ex%20-%20Human%20Revolution%20-%20Director%27s%20Cut%20(Europe)%20(En,Fr,De,Es,It).zip
Deus Ex - Human Revolution - Director's Cut (USA) (En,Fr,Es);https://myrient.erista.me/files/Redump/Nintendo%20-%20Wii%20U%20-%20WUX//Deus%20Ex%20-%20Human%20Revolution%20-%20Director%27s%20Cut%20(USA)%20(En,Fr,Es).zip
Devil's Third (Europe) (En,Fr);https://myrient.erista.me/files/Redump/Nintendo%20-%20Wii%20U%20-%20WUX//Devil%27s%20Third%20(Europe)%20(En,Fr).zip
Devil's Third (Japan);https://myrient.erista.me/files/Redump/Nintendo%20-%20Wii%20U%20-%20WUX//Devil%27s%20Third%20(Japan).zip
Devil's Third (USA) (En,Fr);https://myrient.erista.me/files/Redump/Nintendo%20-%20Wii%20U%20-%20WUX//Devil%27s%20Third%20(USA)%20(En,Fr).zip
Disney DuckTales - Remastered (USA) (En,Fr,Es,Pt);https://myrient.erista.me/files/Redump/Nintendo%20-%20Wii%20U%20-%20WUX//Disney%20DuckTales%20-%20Remastered%20(USA)%20(En,Fr,Es,Pt).zip
Disney Epic Mickey 2 - Futatsu no Chikara (Japan);https://myrient.erista.me/files/Redump/Nintendo%20-%20Wii%20U%20-%20WUX//Disney%20Epic%20Mickey%202%20-%20Futatsu%20no%20Chikara%20(Japan).zip
Disney Epic Mickey 2 - The Power of Two (Europe) (En,Es);https://myrient.erista.me/files/Redump/Nintendo%20-%20Wii%20U%20-%20WUX//Disney%20Epic%20Mickey%202%20-%20The%20Power%20of%20Two%20(Europe)%20(En,Es).zip
Disney Epic Mickey 2 - The Power of Two (Europe) (En,Fr,De,Es,It,Pt);https://myrient.erista.me/files/Redump/Nintendo%20-%20Wii%20U%20-%20WUX//Disney%20Epic%20Mickey%202%20-%20The%20Power%20of%20Two%20(Europe)%20(En,Fr,De,Es,It,Pt).zip
Disney Epic Mickey 2 - The Power of Two (Scandinavia) (En,Sv,No,Da);https://myrient.erista.me/files/Redump/Nintendo%20-%20Wii%20U%20-%20WUX//Disney%20Epic%20Mickey%202%20-%20The%20Power%20of%20Two%20(Scandinavia)%20(En,Sv,No,Da).zip
Disney Epic Mickey 2 - The Power of Two (USA) (En,Fr,Es);https://myrient.erista.me/files/Redump/Nintendo%20-%20Wii%20U%20-%20WUX//Disney%20Epic%20Mickey%202%20-%20The%20Power%20of%20Two%20(USA)%20(En,Fr,Es).zip
Disney Infinity (Europe) (En,Fr,De,Es,It,Nl);https://myrient.erista.me/files/Redump/Nintendo%20-%20Wii%20U%20-%20WUX//Disney%20Infinity%20(Europe)%20(En,Fr,De,Es,It,Nl).zip
Disney Infinity (Japan);https://myrient.erista.me/files/Redump/Nintendo%20-%20Wii%20U%20-%20WUX//Disney%20Infinity%20(Japan).zip
Disney Infinity (Scandinavia) (En,Sv,No,Da,Fi);https://myrient.erista.me/files/Redump/Nintendo%20-%20Wii%20U%20-%20WUX//Disney%20Infinity%20(Scandinavia)%20(En,Sv,No,Da,Fi).zip
Disney Infinity (USA) (En,Fr,Es,Pt);https://myrient.erista.me/files/Redump/Nintendo%20-%20Wii%20U%20-%20WUX//Disney%20Infinity%20(USA)%20(En,Fr,Es,Pt).zip
Disney Infinity 2.0 - Play Without Limits (Europe) (En,Fr,De,Es,It,Nl) (Rev 1);https://myrient.erista.me/files/Redump/Nintendo%20-%20Wii%20U%20-%20WUX//Disney%20Infinity%202.0%20-%20Play%20Without%20Limits%20(Europe)%20(En,Fr,De,Es,It,Nl)%20(Rev%201).zip
Disney Infinity 2.0 - Play Without Limits (Scandinavia) (En,Sv,No,Da,Fi) (Rev 2);https://myrient.erista.me/files/Redump/Nintendo%20-%20Wii%20U%20-%20WUX//Disney%20Infinity%202.0%20-%20Play%20Without%20Limits%20(Scandinavia)%20(En,Sv,No,Da,Fi)%20(Rev%202).zip
Disney Infinity 2.0 Edition (USA) (En,Fr,Es,Pt) (Rev 1);https://myrient.erista.me/files/Redump/Nintendo%20-%20Wii%20U%20-%20WUX//Disney%20Infinity%202.0%20Edition%20(USA)%20(En,Fr,Es,Pt)%20(Rev%201).zip
Disney Infinity 2.0 Edition (USA) (En,Fr,Es,Pt);https://myrient.erista.me/files/Redump/Nintendo%20-%20Wii%20U%20-%20WUX//Disney%20Infinity%202.0%20Edition%20(USA)%20(En,Fr,Es,Pt).zip
Disney Infinity 3.0 (Japan);https://myrient.erista.me/files/Redump/Nintendo%20-%20Wii%20U%20-%20WUX//Disney%20Infinity%203.0%20(Japan).zip
Disney Infinity 3.0 - Play Without Limits (Europe) (En,Fr,De,Es,It,Nl);https://myrient.erista.me/files/Redump/Nintendo%20-%20Wii%20U%20-%20WUX//Disney%20Infinity%203.0%20-%20Play%20Without%20Limits%20(Europe)%20(En,Fr,De,Es,It,Nl).zip
Disney Infinity 3.0 - Play Without Limits (Scandinavia) (En,Sv,No,Da,Fi);https://myrient.erista.me/files/Redump/Nintendo%20-%20Wii%20U%20-%20WUX//Disney%20Infinity%203.0%20-%20Play%20Without%20Limits%20(Scandinavia)%20(En,Sv,No,Da,Fi).zip
Disney Infinity 3.0 Edition (USA) (En,Fr,Es) (Rev 2);https://myrient.erista.me/files/Redump/Nintendo%20-%20Wii%20U%20-%20WUX//Disney%20Infinity%203.0%20Edition%20(USA)%20(En,Fr,Es)%20(Rev%202).zip
Disney Infinity 3.0 Edition (USA) (En,Fr,Es);https://myrient.erista.me/files/Redump/Nintendo%20-%20Wii%20U%20-%20WUX//Disney%20Infinity%203.0%20Edition%20(USA)%20(En,Fr,Es).zip
Disney Phineas and Ferb - Quest for Cool Stuff (Europe) (En,Fr,De,Es,It);https://myrient.erista.me/files/Redump/Nintendo%20-%20Wii%20U%20-%20WUX//Disney%20Phineas%20and%20Ferb%20-%20Quest%20for%20Cool%20Stuff%20(Europe)%20(En,Fr,De,Es,It).zip
Disney Phineas and Ferb - Quest for Cool Stuff (USA);https://myrient.erista.me/files/Redump/Nintendo%20-%20Wii%20U%20-%20WUX//Disney%20Phineas%20and%20Ferb%20-%20Quest%20for%20Cool%20Stuff%20(USA).zip
Disney Planes (Europe) (En,Fr,De,Es,It,Nl);https://myrient.erista.me/files/Redump/Nintendo%20-%20Wii%20U%20-%20WUX//Disney%20Planes%20(Europe)%20(En,Fr,De,Es,It,Nl).zip
Disney Planes (Russia);https://myrient.erista.me/files/Redump/Nintendo%20-%20Wii%20U%20-%20WUX//Disney%20Planes%20(Russia).zip
Disney Planes (Scandinavia) (En,Sv,No,Da,Fi);https://myrient.erista.me/files/Redump/Nintendo%20-%20Wii%20U%20-%20WUX//Disney%20Planes%20(Scandinavia)%20(En,Sv,No,Da,Fi).zip
Disney Planes (USA) (En,Fr,Es,Pt);https://myrient.erista.me/files/Redump/Nintendo%20-%20Wii%20U%20-%20WUX//Disney%20Planes%20(USA)%20(En,Fr,Es,Pt).zip
Disney Planes - Fire & Rescue (Europe) (En,Fr,De,Es,It);https://myrient.erista.me/files/Redump/Nintendo%20-%20Wii%20U%20-%20WUX//Disney%20Planes%20-%20Fire%20&%20Rescue%20(Europe)%20(En,Fr,De,Es,It).zip
Disney Planes - Fire & Rescue (USA) (En,Fr,Es,Pt);https://myrient.erista.me/files/Redump/Nintendo%20-%20Wii%20U%20-%20WUX//Disney%20Planes%20-%20Fire%20&%20Rescue%20(USA)%20(En,Fr,Es,Pt).zip
Disney-Pixar Cars 3 - Driven to Win (Europe) (En,Fr,De,Es,It,Nl,Pl,Ru);https://myrient.erista.me/files/Redump/Nintendo%20-%20Wii%20U%20-%20WUX//Disney-Pixar%20Cars%203%20-%20Driven%20to%20Win%20(Europe)%20(En,Fr,De,Es,It,Nl,Pl,Ru).zip
Disney-Pixar Cars 3 - Driven to Win (USA) (En,Fr,Es,Pt);https://myrient.erista.me/files/Redump/Nintendo%20-%20Wii%20U%20-%20WUX//Disney-Pixar%20Cars%203%20-%20Driven%20to%20Win%20(USA)%20(En,Fr,Es,Pt).zip
Donkey Kong - Tropical Freeze (Japan) (Rev 3);https://myrient.erista.me/files/Redump/Nintendo%20-%20Wii%20U%20-%20WUX//Donkey%20Kong%20-%20Tropical%20Freeze%20(Japan)%20(Rev%203).zip
Donkey Kong Country - Tropical Freeze (Europe) (En,Fr,De,Es,It) (Rev 1);https://myrient.erista.me/files/Redump/Nintendo%20-%20Wii%20U%20-%20WUX//Donkey%20Kong%20Country%20-%20Tropical%20Freeze%20(Europe)%20(En,Fr,De,Es,It)%20(Rev%201).zip
Donkey Kong Country - Tropical Freeze (Europe) (En,Fr,De,Es,It);https://myrient.erista.me/files/Redump/Nintendo%20-%20Wii%20U%20-%20WUX//Donkey%20Kong%20Country%20-%20Tropical%20Freeze%20(Europe)%20(En,Fr,De,Es,It).zip
Donkey Kong Country - Tropical Freeze (USA) (En,Fr,Es) (Rev 1);https://myrient.erista.me/files/Redump/Nintendo%20-%20Wii%20U%20-%20WUX//Donkey%20Kong%20Country%20-%20Tropical%20Freeze%20(USA)%20(En,Fr,Es)%20(Rev%201).zip
Donkey Kong Country - Tropical Freeze (USA) (En,Fr,Es);https://myrient.erista.me/files/Redump/Nintendo%20-%20Wii%20U%20-%20WUX//Donkey%20Kong%20Country%20-%20Tropical%20Freeze%20(USA)%20(En,Fr,Es).zip
Doubutsu no Mori - Amiibo Festival (Japan);https://myrient.erista.me/files/Redump/Nintendo%20-%20Wii%20U%20-%20WUX//Doubutsu%20no%20Mori%20-%20Amiibo%20Festival%20(Japan).zip
Dragon Quest X - 5000-nen no Tabiji - Haruka naru Kokyou e Online (Japan);https://myrient.erista.me/files/Redump/Nintendo%20-%20Wii%20U%20-%20WUX//Dragon%20Quest%20X%20-%205000-nen%20no%20Tabiji%20-%20Haruka%20naru%20Kokyou%20e%20Online%20(Japan).zip
Dragon Quest X - All in One Package (Japan) (BTPJ);https://myrient.erista.me/files/Redump/Nintendo%20-%20Wii%20U%20-%20WUX//Dragon%20Quest%20X%20-%20All%20in%20One%20Package%20(Japan)%20(BTPJ).zip
Dragon Quest X - Inishie no Ryuu no Denshou Online (Japan);https://myrient.erista.me/files/Redump/Nintendo%20-%20Wii%20U%20-%20WUX//Dragon%20Quest%20X%20-%20Inishie%20no%20Ryuu%20no%20Denshou%20Online%20(Japan).zip
Dragon Quest X - Mezameshi Itsutsu no Shuzoku Online (Japan) (Rev 1);https://myrient.erista.me/files/Redump/Nintendo%20-%20Wii%20U%20-%20WUX//Dragon%20Quest%20X%20-%20Mezameshi%20Itsutsu%20no%20Shuzoku%20Online%20(Japan)%20(Rev%201).zip
Dragon Quest X - Nemureru Yuusha to Michibiki no Meiyuu Online (Japan) (Rev 10);https://myrient.erista.me/files/Redump/Nintendo%20-%20Wii%20U%20-%20WUX//Dragon%20Quest%20X%20-%20Nemureru%20Yuusha%20to%20Michibiki%20no%20Meiyuu%20Online%20(Japan)%20(Rev%2010).zip
DreamWorks How to Train Your Dragon 2 (Europe) (En,Fr,De,Es,It,Pt);https://myrient.erista.me/files/Redump/Nintendo%20-%20Wii%20U%20-%20WUX//DreamWorks%20How%20to%20Train%20Your%20Dragon%202%20(Europe)%20(En,Fr,De,Es,It,Pt).zip
DreamWorks How to Train Your Dragon 2 (USA);https://myrient.erista.me/files/Redump/Nintendo%20-%20Wii%20U%20-%20WUX//DreamWorks%20How%20to%20Train%20Your%20Dragon%202%20(USA).zip
DreamWorks Kung Fu Panda - Showdown of Legendary Legends (Europe) (En,Fr,De,Es,It);https://myrient.erista.me/files/Redump/Nintendo%20-%20Wii%20U%20-%20WUX//DreamWorks%20Kung%20Fu%20Panda%20-%20Showdown%20of%20Legendary%20Legends%20(Europe)%20(En,Fr,De,Es,It).zip
DreamWorks Kung Fu Panda - Showdown of Legendary Legends (USA) (En,Fr,Es,Pt);https://myrient.erista.me/files/Redump/Nintendo%20-%20Wii%20U%20-%20WUX//DreamWorks%20Kung%20Fu%20Panda%20-%20Showdown%20of%20Legendary%20Legends%20(USA)%20(En,Fr,Es,Pt).zip
DreamWorks Penguins of Madagascar (Europe) (En,Fr,De,Es,It);https://myrient.erista.me/files/Redump/Nintendo%20-%20Wii%20U%20-%20WUX//DreamWorks%20Penguins%20of%20Madagascar%20(Europe)%20(En,Fr,De,Es,It).zip
DreamWorks Penguins of Madagascar (USA) (En,Fr,Es,Pt);https://myrient.erista.me/files/Redump/Nintendo%20-%20Wii%20U%20-%20WUX//DreamWorks%20Penguins%20of%20Madagascar%20(USA)%20(En,Fr,Es,Pt).zip
DreamWorks Rise of the Guardians (Europe) (En,Fr,De,Es,It);https://myrient.erista.me/files/Redump/Nintendo%20-%20Wii%20U%20-%20WUX//DreamWorks%20Rise%20of%20the%20Guardians%20(Europe)%20(En,Fr,De,Es,It).zip
DreamWorks Rise of the Guardians (USA) (En,Fr,Es);https://myrient.erista.me/files/Redump/Nintendo%20-%20Wii%20U%20-%20WUX//DreamWorks%20Rise%20of%20the%20Guardians%20(USA)%20(En,Fr,Es).zip
DreamWorks The Croods - Prehistoric Party! (Europe) (En,Fr,De,Es,It);https://myrient.erista.me/files/Redump/Nintendo%20-%20Wii%20U%20-%20WUX//DreamWorks%20The%20Croods%20-%20Prehistoric%20Party!%20(Europe)%20(En,Fr,De,Es,It).zip
DreamWorks The Croods - Prehistoric Party! (USA) (En,Fr,Es);https://myrient.erista.me/files/Redump/Nintendo%20-%20Wii%20U%20-%20WUX//DreamWorks%20The%20Croods%20-%20Prehistoric%20Party!%20(USA)%20(En,Fr,Es).zip
DreamWorks Turbo - Super Stunt Squad (Europe) (En,Fr,De,Es,It);https://myrient.erista.me/files/Redump/Nintendo%20-%20Wii%20U%20-%20WUX//DreamWorks%20Turbo%20-%20Super%20Stunt%20Squad%20(Europe)%20(En,Fr,De,Es,It).zip
DreamWorks Turbo - Super Stunt Squad (USA) (En,Fr,Es);https://myrient.erista.me/files/Redump/Nintendo%20-%20Wii%20U%20-%20WUX//DreamWorks%20Turbo%20-%20Super%20Stunt%20Squad%20(USA)%20(En,Fr,Es).zip
ESPN Sports Connection (USA) (En,Fr,Es,Pt);https://myrient.erista.me/files/Redump/Nintendo%20-%20Wii%20U%20-%20WUX//ESPN%20Sports%20Connection%20(USA)%20(En,Fr,Es,Pt).zip
F1 Race Stars - Powered Up Edition (Japan) (Rev 1);https://myrient.erista.me/files/Redump/Nintendo%20-%20Wii%20U%20-%20WUX//F1%20Race%20Stars%20-%20Powered%20Up%20Edition%20(Japan)%20(Rev%201).zip
FIFA 13 (Europe) (En,Fr,De,Es,It,Nl);https://myrient.erista.me/files/Redump/Nintendo%20-%20Wii%20U%20-%20WUX//FIFA%2013%20(Europe)%20(En,Fr,De,Es,It,Nl).zip
FIFA 13 - World Class Soccer (Japan);https://myrient.erista.me/files/Redump/Nintendo%20-%20Wii%20U%20-%20WUX//FIFA%2013%20-%20World%20Class%20Soccer%20(Japan).zip
FIFA Soccer 13 (USA) (En,Fr,Es);https://myrient.erista.me/files/Redump/Nintendo%20-%20Wii%20U%20-%20WUX//FIFA%20Soccer%2013%20(USA)%20(En,Fr,Es).zip
Famicom Remix 1 + 2 (Japan);https://myrient.erista.me/files/Redump/Nintendo%20-%20Wii%20U%20-%20WUX//Famicom%20Remix%201%20+%202%20(Japan).zip
Family Party - 30 Great Games - Obstacle Arcade (Europe) (En,Fr,De,Es,It);https://myrient.erista.me/files/Redump/Nintendo%20-%20Wii%20U%20-%20WUX//Family%20Party%20-%2030%20Great%20Games%20-%20Obstacle%20Arcade%20(Europe)%20(En,Fr,De,Es,It).zip
Family Party - 30 Great Games - Obstacle Arcade (USA) (En,Fr,Es);https://myrient.erista.me/files/Redump/Nintendo%20-%20Wii%20U%20-%20WUX//Family%20Party%20-%2030%20Great%20Games%20-%20Obstacle%20Arcade%20(USA)%20(En,Fr,Es).zip
Fast & Furious - Showdown (Europe) (En,Fr,De,Es,It);https://myrient.erista.me/files/Redump/Nintendo%20-%20Wii%20U%20-%20WUX//Fast%20&%20Furious%20-%20Showdown%20(Europe)%20(En,Fr,De,Es,It).zip
Fast & Furious - Showdown (USA) (En,Fr);https://myrient.erista.me/files/Redump/Nintendo%20-%20Wii%20U%20-%20WUX//Fast%20&%20Furious%20-%20Showdown%20(USA)%20(En,Fr).zip
Fast Racing Neo (Europe) (En,Fr,De,Es,It);https://myrient.erista.me/files/Redump/Nintendo%20-%20Wii%20U%20-%20WUX//Fast%20Racing%20Neo%20(Europe)%20(En,Fr,De,Es,It).zip
Finding Teddy II - Definitive Edition (Europe) (En,Fr,De,Es,It,Pt,Ru);https://myrient.erista.me/files/Redump/Nintendo%20-%20Wii%20U%20-%20WUX//Finding%20Teddy%20II%20-%20Definitive%20Edition%20(Europe)%20(En,Fr,De,Es,It,Pt,Ru).zip
Fit Music for Wii U (Europe) (En,Fr,De,Es,It);https://myrient.erista.me/files/Redump/Nintendo%20-%20Wii%20U%20-%20WUX//Fit%20Music%20for%20Wii%20U%20(Europe)%20(En,Fr,De,Es,It).zip
Fujiko F. Fujio Characters Daishuugou! SF Dotabata Party!! (Japan);https://myrient.erista.me/files/Redump/Nintendo%20-%20Wii%20U%20-%20WUX//Fujiko%20F.%20Fujio%20Characters%20Daishuugou!%20SF%20Dotabata%20Party!!%20(Japan).zip
Funky Barn (Europe) (En,Fr,De,Es,It);https://myrient.erista.me/files/Redump/Nintendo%20-%20Wii%20U%20-%20WUX//Funky%20Barn%20(Europe)%20(En,Fr,De,Es,It).zip
Funky Barn (USA) (En,Fr,Es) (Rev 1);https://myrient.erista.me/files/Redump/Nintendo%20-%20Wii%20U%20-%20WUX//Funky%20Barn%20(USA)%20(En,Fr,Es)%20(Rev%201).zip
Game & Wario (Europe) (En,Fr,De,Es,It,Nl,Pt,Ru);https://myrient.erista.me/files/Redump/Nintendo%20-%20Wii%20U%20-%20WUX//Game%20&%20Wario%20(Europe)%20(En,Fr,De,Es,It,Nl,Pt,Ru).zip
Game & Wario (Japan) (Rev 1);https://myrient.erista.me/files/Redump/Nintendo%20-%20Wii%20U%20-%20WUX//Game%20&%20Wario%20(Japan)%20(Rev%201).zip
Game & Wario (USA) (En,Fr,Es);https://myrient.erista.me/files/Redump/Nintendo%20-%20Wii%20U%20-%20WUX//Game%20&%20Wario%20(USA)%20(En,Fr,Es).zip
Game Party Champions (Europe) (En,Fr,De,Es,It,Nl);https://myrient.erista.me/files/Redump/Nintendo%20-%20Wii%20U%20-%20WUX//Game%20Party%20Champions%20(Europe)%20(En,Fr,De,Es,It,Nl).zip
Game Party Champions (USA) (En,Fr,Es);https://myrient.erista.me/files/Redump/Nintendo%20-%20Wii%20U%20-%20WUX//Game%20Party%20Champions%20(USA)%20(En,Fr,Es).zip
Gen'ei Ibunroku FE (Japan);https://myrient.erista.me/files/Redump/Nintendo%20-%20Wii%20U%20-%20WUX//Gen%27ei%20Ibunroku%20FE%20(Japan).zip
Giana Sisters - Twisted Dreams - Director's Cut (USA) (En,Fr,Es);https://myrient.erista.me/files/Redump/Nintendo%20-%20Wii%20U%20-%20WUX//Giana%20Sisters%20-%20Twisted%20Dreams%20-%20Director%27s%20Cut%20(USA)%20(En,Fr,Es).zip
Ginsei Shougi - Kyoutendo Toufuu Raijin (Japan);https://myrient.erista.me/files/Redump/Nintendo%20-%20Wii%20U%20-%20WUX//Ginsei%20Shougi%20-%20Kyoutendo%20Toufuu%20Raijin%20(Japan).zip
Gotouchi Tetsudou - Gotouchi Chara to Nippon Zenkoku no Tabi (Japan);https://myrient.erista.me/files/Redump/Nintendo%20-%20Wii%20U%20-%20WUX//Gotouchi%20Tetsudou%20-%20Gotouchi%20Chara%20to%20Nippon%20Zenkoku%20no%20Tabi%20(Japan).zip
Guitar Hero Live (Europe) (En,Fr,De,Es,It);https://myrient.erista.me/files/Redump/Nintendo%20-%20Wii%20U%20-%20WUX//Guitar%20Hero%20Live%20(Europe)%20(En,Fr,De,Es,It).zip
Guitar Hero Live (USA) (En,Fr,Es);https://myrient.erista.me/files/Redump/Nintendo%20-%20Wii%20U%20-%20WUX//Guitar%20Hero%20Live%20(USA)%20(En,Fr,Es).zip
Hello Kitty Kruisers (Europe) (En,Fr,De,Es,It);https://myrient.erista.me/files/Redump/Nintendo%20-%20Wii%20U%20-%20WUX//Hello%20Kitty%20Kruisers%20(Europe)%20(En,Fr,De,Es,It).zip
Hello Kitty Kruisers (USA);https://myrient.erista.me/files/Redump/Nintendo%20-%20Wii%20U%20-%20WUX//Hello%20Kitty%20Kruisers%20(USA).zip
Hot Wheels - World's Best Driver (Europe) (En,Fr,De,Es,It,Nl);https://myrient.erista.me/files/Redump/Nintendo%20-%20Wii%20U%20-%20WUX//Hot%20Wheels%20-%20World%27s%20Best%20Driver%20(Europe)%20(En,Fr,De,Es,It,Nl).zip
Hot Wheels - World's Best Driver (USA) (En,Fr,Es,Pt);https://myrient.erista.me/files/Redump/Nintendo%20-%20Wii%20U%20-%20WUX//Hot%20Wheels%20-%20World%27s%20Best%20Driver%20(USA)%20(En,Fr,Es,Pt).zip
Hunter's Trophy 2 - Europa (Europe) (En,Fr,De,Es,It);https://myrient.erista.me/files/Redump/Nintendo%20-%20Wii%20U%20-%20WUX//Hunter%27s%20Trophy%202%20-%20Europa%20(Europe)%20(En,Fr,De,Es,It).zip
Hyrule Warriors (Europe) (En,Fr,De,Es,It) (Rev 1);https://myrient.erista.me/files/Redump/Nintendo%20-%20Wii%20U%20-%20WUX//Hyrule%20Warriors%20(Europe)%20(En,Fr,De,Es,It)%20(Rev%201).zip
Hyrule Warriors (Europe) (En,Fr,De,Es,It);https://myrient.erista.me/files/Redump/Nintendo%20-%20Wii%20U%20-%20WUX//Hyrule%20Warriors%20(Europe)%20(En,Fr,De,Es,It).zip
Hyrule Warriors (USA) (En,Fr,Es) (Rev 1);https://myrient.erista.me/files/Redump/Nintendo%20-%20Wii%20U%20-%20WUX//Hyrule%20Warriors%20(USA)%20(En,Fr,Es)%20(Rev%201).zip
Hyrule Warriors (USA) (En,Fr,Es);https://myrient.erista.me/files/Redump/Nintendo%20-%20Wii%20U%20-%20WUX//Hyrule%20Warriors%20(USA)%20(En,Fr,Es).zip
Injustice - Gods Among Us (Europe) (En,Fr,De,Es,It,Ru);https://myrient.erista.me/files/Redump/Nintendo%20-%20Wii%20U%20-%20WUX//Injustice%20-%20Gods%20Among%20Us%20(Europe)%20(En,Fr,De,Es,It,Ru).zip
Injustice - Gods Among Us (USA) (En,Fr,Es,Pt);https://myrient.erista.me/files/Redump/Nintendo%20-%20Wii%20U%20-%20WUX//Injustice%20-%20Gods%20Among%20Us%20(USA)%20(En,Fr,Es,Pt).zip
Injustice - Hero no Gekitotsu (Japan);https://myrient.erista.me/files/Redump/Nintendo%20-%20Wii%20U%20-%20WUX//Injustice%20-%20Hero%20no%20Gekitotsu%20(Japan).zip
Jeopardy! (USA);https://myrient.erista.me/files/Redump/Nintendo%20-%20Wii%20U%20-%20WUX//Jeopardy!%20(USA).zip
Jett Tailfin (Europe) (En,Fr,De,Es,It);https://myrient.erista.me/files/Redump/Nintendo%20-%20Wii%20U%20-%20WUX//Jett%20Tailfin%20(Europe)%20(En,Fr,De,Es,It).zip
Jikkuri Egokoro Kyoushitsu (Japan) (Rev 1);https://myrient.erista.me/files/Redump/Nintendo%20-%20Wii%20U%20-%20WUX//Jikkuri%20Egokoro%20Kyoushitsu%20(Japan)%20(Rev%201).zip
Just Dance - Disney Party 2 (Europe) (En,Fr,De,Es,It);https://myrient.erista.me/files/Redump/Nintendo%20-%20Wii%20U%20-%20WUX//Just%20Dance%20-%20Disney%20Party%202%20(Europe)%20(En,Fr,De,Es,It).zip
Just Dance - Disney Party 2 (USA) (En,Fr,De,Es,It,Pt);https://myrient.erista.me/files/Redump/Nintendo%20-%20Wii%20U%20-%20WUX//Just%20Dance%20-%20Disney%20Party%202%20(USA)%20(En,Fr,De,Es,It,Pt).zip
Just Dance 2014 (Europe) (En,Fr,De,Es,It,Nl);https://myrient.erista.me/files/Redump/Nintendo%20-%20Wii%20U%20-%20WUX//Just%20Dance%202014%20(Europe)%20(En,Fr,De,Es,It,Nl).zip
Just Dance 2014 (USA) (En,Fr,Es,Pt);https://myrient.erista.me/files/Redump/Nintendo%20-%20Wii%20U%20-%20WUX//Just%20Dance%202014%20(USA)%20(En,Fr,Es,Pt).zip
Just Dance 2015 (Europe) (En,Fr,De,Es,It,Nl);https://myrient.erista.me/files/Redump/Nintendo%20-%20Wii%20U%20-%20WUX//Just%20Dance%202015%20(Europe)%20(En,Fr,De,Es,It,Nl).zip
Just Dance 2015 (USA) (En,Fr,Es,Pt);https://myrient.erista.me/files/Redump/Nintendo%20-%20Wii%20U%20-%20WUX//Just%20Dance%202015%20(USA)%20(En,Fr,Es,Pt).zip
Just Dance 2016 (Europe) (En,Fr,De,Es,It,Nl);https://myrient.erista.me/files/Redump/Nintendo%20-%20Wii%20U%20-%20WUX//Just%20Dance%202016%20(Europe)%20(En,Fr,De,Es,It,Nl).zip
Just Dance 2016 (USA) (En,Fr,Es,Pt);https://myrient.erista.me/files/Redump/Nintendo%20-%20Wii%20U%20-%20WUX//Just%20Dance%202016%20(USA)%20(En,Fr,Es,Pt).zip
Just Dance 2017 (Europe) (En,Fr,De,Es,It,Nl);https://myrient.erista.me/files/Redump/Nintendo%20-%20Wii%20U%20-%20WUX//Just%20Dance%202017%20(Europe)%20(En,Fr,De,Es,It,Nl).zip
Just Dance 2017 (USA) (En,Fr,Es,Pt);https://myrient.erista.me/files/Redump/Nintendo%20-%20Wii%20U%20-%20WUX//Just%20Dance%202017%20(USA)%20(En,Fr,Es,Pt).zip
Just Dance 2018 (Europe) (En,Fr,De,Es,It,Nl);https://myrient.erista.me/files/Redump/Nintendo%20-%20Wii%20U%20-%20WUX//Just%20Dance%202018%20(Europe)%20(En,Fr,De,Es,It,Nl).zip
Just Dance 2018 (USA) (En,Fr,Es,Pt);https://myrient.erista.me/files/Redump/Nintendo%20-%20Wii%20U%20-%20WUX//Just%20Dance%202018%20(USA)%20(En,Fr,Es,Pt).zip
Just Dance 2019 (Europe) (En,Fr,De,Es,It,Nl);https://myrient.erista.me/files/Redump/Nintendo%20-%20Wii%20U%20-%20WUX//Just%20Dance%202019%20(Europe)%20(En,Fr,De,Es,It,Nl).zip
Just Dance 2019 (USA) (En,Fr,Es,Pt);https://myrient.erista.me/files/Redump/Nintendo%20-%20Wii%20U%20-%20WUX//Just%20Dance%202019%20(USA)%20(En,Fr,Es,Pt).zip
Just Dance 4 (Europe) (En,Fr,De,Es,It,Nl);https://myrient.erista.me/files/Redump/Nintendo%20-%20Wii%20U%20-%20WUX//Just%20Dance%204%20(Europe)%20(En,Fr,De,Es,It,Nl).zip
Just Dance 4 (USA) (En,Fr,Es,Pt);https://myrient.erista.me/files/Redump/Nintendo%20-%20Wii%20U%20-%20WUX//Just%20Dance%204%20(USA)%20(En,Fr,Es,Pt).zip
Just Dance Kids 2014 (Europe) (En,Fr,Es);https://myrient.erista.me/files/Redump/Nintendo%20-%20Wii%20U%20-%20WUX//Just%20Dance%20Kids%202014%20(Europe)%20(En,Fr,Es).zip
Just Dance Kids 2014 (USA) (En,Fr,Es);https://myrient.erista.me/files/Redump/Nintendo%20-%20Wii%20U%20-%20WUX//Just%20Dance%20Kids%202014%20(USA)%20(En,Fr,Es).zip
Just Dance Wii U (Japan) (Rev 1);https://myrient.erista.me/files/Redump/Nintendo%20-%20Wii%20U%20-%20WUX//Just%20Dance%20Wii%20U%20(Japan)%20(Rev%201).zip
Kamen Rider - Battride War II (Japan);https://myrient.erista.me/files/Redump/Nintendo%20-%20Wii%20U%20-%20WUX//Kamen%20Rider%20-%20Battride%20War%20II%20(Japan).zip
Kamen Rider - Battride War II - Premium TV & Movie Sound Edition (Japan);https://myrient.erista.me/files/Redump/Nintendo%20-%20Wii%20U%20-%20WUX//Kamen%20Rider%20-%20Battride%20War%20II%20-%20Premium%20TV%20&%20Movie%20Sound%20Edition%20(Japan).zip
Kamen Rider Summonride! (Japan);https://myrient.erista.me/files/Redump/Nintendo%20-%20Wii%20U%20-%20WUX//Kamen%20Rider%20Summonride!%20(Japan).zip
Kirby and the Rainbow Curse (USA) (En,Fr,Es);https://myrient.erista.me/files/Redump/Nintendo%20-%20Wii%20U%20-%20WUX//Kirby%20and%20the%20Rainbow%20Curse%20(USA)%20(En,Fr,Es).zip
Kirby and the Rainbow Paintbrush (Europe) (En,Fr,De,Es,It);https://myrient.erista.me/files/Redump/Nintendo%20-%20Wii%20U%20-%20WUX//Kirby%20and%20the%20Rainbow%20Paintbrush%20(Europe)%20(En,Fr,De,Es,It).zip
LEGO Batman 2 - DC Super Heroes (Europe) (En,Fr,De,Es,It);https://myrient.erista.me/files/Redump/Nintendo%20-%20Wii%20U%20-%20WUX//LEGO%20Batman%202%20-%20DC%20Super%20Heroes%20(Europe)%20(En,Fr,De,Es,It).zip
LEGO Batman 2 - DC Super Heroes (USA) (En,Fr,Es,Pt);https://myrient.erista.me/files/Redump/Nintendo%20-%20Wii%20U%20-%20WUX//LEGO%20Batman%202%20-%20DC%20Super%20Heroes%20(USA)%20(En,Fr,Es,Pt).zip
LEGO Batman 3 - Beyond Gotham (Europe) (En,Fr,De,Es,It,Nl,Da);https://myrient.erista.me/files/Redump/Nintendo%20-%20Wii%20U%20-%20WUX//LEGO%20Batman%203%20-%20Beyond%20Gotham%20(Europe)%20(En,Fr,De,Es,It,Nl,Da).zip
LEGO Batman 3 - Beyond Gotham (USA) (En,Fr,Es,Pt);https://myrient.erista.me/files/Redump/Nintendo%20-%20Wii%20U%20-%20WUX//LEGO%20Batman%203%20-%20Beyond%20Gotham%20(USA)%20(En,Fr,Es,Pt).zip
LEGO Batman 3 - The Game - Gotham kara Uchuu e (Japan);https://myrient.erista.me/files/Redump/Nintendo%20-%20Wii%20U%20-%20WUX//LEGO%20Batman%203%20-%20The%20Game%20-%20Gotham%20kara%20Uchuu%20e%20(Japan).zip
LEGO City Undercover (Europe) (En,Fr,De,Es,It,Nl,Pt,Da,Ru) (Rev 1);https://myrient.erista.me/files/Redump/Nintendo%20-%20Wii%20U%20-%20WUX//LEGO%20City%20Undercover%20(Europe)%20(En,Fr,De,Es,It,Nl,Pt,Da,Ru)%20(Rev%201).zip
LEGO City Undercover (Europe) (En,Fr,De,Es,It,Nl,Pt,Da,Ru);https://myrient.erista.me/files/Redump/Nintendo%20-%20Wii%20U%20-%20WUX//LEGO%20City%20Undercover%20(Europe)%20(En,Fr,De,Es,It,Nl,Pt,Da,Ru).zip
LEGO City Undercover (Japan);https://myrient.erista.me/files/Redump/Nintendo%20-%20Wii%20U%20-%20WUX//LEGO%20City%20Undercover%20(Japan).zip
LEGO City Undercover (USA) (En,Fr,Es) (Rev 1);https://myrient.erista.me/files/Redump/Nintendo%20-%20Wii%20U%20-%20WUX//LEGO%20City%20Undercover%20(USA)%20(En,Fr,Es)%20(Rev%201).zip
LEGO City Undercover (USA) (En,Fr,Es);https://myrient.erista.me/files/Redump/Nintendo%20-%20Wii%20U%20-%20WUX//LEGO%20City%20Undercover%20(USA)%20(En,Fr,Es).zip
LEGO Dimensions (Europe) (En,Fr,De,Nl,Da) (Rev 1);https://myrient.erista.me/files/Redump/Nintendo%20-%20Wii%20U%20-%20WUX//LEGO%20Dimensions%20(Europe)%20(En,Fr,De,Nl,Da)%20(Rev%201).zip
LEGO Dimensions (USA) (En,Fr,Es);https://myrient.erista.me/files/Redump/Nintendo%20-%20Wii%20U%20-%20WUX//LEGO%20Dimensions%20(USA)%20(En,Fr,Es).zip
LEGO Jurassic World (Europe) (En,Fr,De,Es,It,Nl,Da);https://myrient.erista.me/files/Redump/Nintendo%20-%20Wii%20U%20-%20WUX//LEGO%20Jurassic%20World%20(Europe)%20(En,Fr,De,Es,It,Nl,Da).zip
LEGO Jurassic World (Japan);https://myrient.erista.me/files/Redump/Nintendo%20-%20Wii%20U%20-%20WUX//LEGO%20Jurassic%20World%20(Japan).zip
LEGO Jurassic World (USA) (En,Fr,Es,Pt);https://myrient.erista.me/files/Redump/Nintendo%20-%20Wii%20U%20-%20WUX//LEGO%20Jurassic%20World%20(USA)%20(En,Fr,Es,Pt).zip
LEGO Marvel Avengers (Europe) (En,Fr,De,Es,It,Nl,Da);https://myrient.erista.me/files/Redump/Nintendo%20-%20Wii%20U%20-%20WUX//LEGO%20Marvel%20Avengers%20(Europe)%20(En,Fr,De,Es,It,Nl,Da).zip
LEGO Marvel Avengers (Japan);https://myrient.erista.me/files/Redump/Nintendo%20-%20Wii%20U%20-%20WUX//LEGO%20Marvel%20Avengers%20(Japan).zip
LEGO Marvel Avengers (USA) (En,Fr,Es,Pt);https://myrient.erista.me/files/Redump/Nintendo%20-%20Wii%20U%20-%20WUX//LEGO%20Marvel%20Avengers%20(USA)%20(En,Fr,Es,Pt).zip
LEGO Marvel Super Heroes (Europe) (En,Fr,De,Es,It,Nl,Da);https://myrient.erista.me/files/Redump/Nintendo%20-%20Wii%20U%20-%20WUX//LEGO%20Marvel%20Super%20Heroes%20(Europe)%20(En,Fr,De,Es,It,Nl,Da).zip
LEGO Marvel Super Heroes (USA) (En,Fr,Es,Pt);https://myrient.erista.me/files/Redump/Nintendo%20-%20Wii%20U%20-%20WUX//LEGO%20Marvel%20Super%20Heroes%20(USA)%20(En,Fr,Es,Pt).zip
LEGO Marvel Super Heroes - The Game (Japan);https://myrient.erista.me/files/Redump/Nintendo%20-%20Wii%20U%20-%20WUX//LEGO%20Marvel%20Super%20Heroes%20-%20The%20Game%20(Japan).zip
LEGO Movie - The Game (Japan);https://myrient.erista.me/files/Redump/Nintendo%20-%20Wii%20U%20-%20WUX//LEGO%20Movie%20-%20The%20Game%20(Japan).zip
LEGO Movie, The - Videogame (Europe) (En,Fr,Es,It,Nl,Da) (Rev 1);https://myrient.erista.me/files/Redump/Nintendo%20-%20Wii%20U%20-%20WUX//LEGO%20Movie,%20The%20-%20Videogame%20(Europe)%20(En,Fr,Es,It,Nl,Da)%20(Rev%201).zip
LEGO Movie, The - Videogame (Europe) (En,Fr,Es,It,Nl,Da);https://myrient.erista.me/files/Redump/Nintendo%20-%20Wii%20U%20-%20WUX//LEGO%20Movie,%20The%20-%20Videogame%20(Europe)%20(En,Fr,Es,It,Nl,Da).zip
LEGO Movie, The - Videogame (USA) (En,Fr,Es,Pt) (Rev 1);https://myrient.erista.me/files/Redump/Nintendo%20-%20Wii%20U%20-%20WUX//LEGO%20Movie,%20The%20-%20Videogame%20(USA)%20(En,Fr,Es,Pt)%20(Rev%201).zip
LEGO Movie, The - Videogame (USA) (En,Fr,Es,Pt);https://myrient.erista.me/files/Redump/Nintendo%20-%20Wii%20U%20-%20WUX//LEGO%20Movie,%20The%20-%20Videogame%20(USA)%20(En,Fr,Es,Pt).zip
LEGO Star Wars - Force no Kakusei (Japan);https://myrient.erista.me/files/Redump/Nintendo%20-%20Wii%20U%20-%20WUX//LEGO%20Star%20Wars%20-%20Force%20no%20Kakusei%20(Japan).zip
LEGO Star Wars - The Force Awakens (Europe) (En,Fr,De,Es,It,Nl,Da);https://myrient.erista.me/files/Redump/Nintendo%20-%20Wii%20U%20-%20WUX//LEGO%20Star%20Wars%20-%20The%20Force%20Awakens%20(Europe)%20(En,Fr,De,Es,It,Nl,Da).zip
LEGO Star Wars - The Force Awakens (USA) (En,Fr,Es,Pt);https://myrient.erista.me/files/Redump/Nintendo%20-%20Wii%20U%20-%20WUX//LEGO%20Star%20Wars%20-%20The%20Force%20Awakens%20(USA)%20(En,Fr,Es,Pt).zip
LEGO The Hobbit (Europe) (En,Fr,De,Es,It,Nl,Da);https://myrient.erista.me/files/Redump/Nintendo%20-%20Wii%20U%20-%20WUX//LEGO%20The%20Hobbit%20(Europe)%20(En,Fr,De,Es,It,Nl,Da).zip
LEGO The Hobbit (USA) (En,Fr,Es,Pt);https://myrient.erista.me/files/Redump/Nintendo%20-%20Wii%20U%20-%20WUX//LEGO%20The%20Hobbit%20(USA)%20(En,Fr,Es,Pt).zip
Legend of Kay - Anniversary (Europe) (En,Fr,De,Es,It);https://myrient.erista.me/files/Redump/Nintendo%20-%20Wii%20U%20-%20WUX//Legend%20of%20Kay%20-%20Anniversary%20(Europe)%20(En,Fr,De,Es,It).zip
Legend of Kay - Anniversary (USA) (En,Fr,De,Es,It);https://myrient.erista.me/files/Redump/Nintendo%20-%20Wii%20U%20-%20WUX//Legend%20of%20Kay%20-%20Anniversary%20(USA)%20(En,Fr,De,Es,It).zip
Legend of Zelda, The - Breath of the Wild (Europe) (En,Fr,De,Es,It,Nl,Ru);https://myrient.erista.me/files/Redump/Nintendo%20-%20Wii%20U%20-%20WUX//Legend%20of%20Zelda,%20The%20-%20Breath%20of%20the%20Wild%20(Europe)%20(En,Fr,De,Es,It,Nl,Ru).zip
Legend of Zelda, The - Breath of the Wild (USA) (En,Fr,Es);https://myrient.erista.me/files/Redump/Nintendo%20-%20Wii%20U%20-%20WUX//Legend%20of%20Zelda,%20The%20-%20Breath%20of%20the%20Wild%20(USA)%20(En,Fr,Es).zip
Legend of Zelda, The - The Wind Waker HD (Europe) (En,Fr,De,Es,It);https://myrient.erista.me/files/Redump/Nintendo%20-%20Wii%20U%20-%20WUX//Legend%20of%20Zelda,%20The%20-%20The%20Wind%20Waker%20HD%20(Europe)%20(En,Fr,De,Es,It).zip
Legend of Zelda, The - The Wind Waker HD (USA, Asia) (En,Fr,Es);https://myrient.erista.me/files/Redump/Nintendo%20-%20Wii%20U%20-%20WUX//Legend%20of%20Zelda,%20The%20-%20The%20Wind%20Waker%20HD%20(USA,%20Asia)%20(En,Fr,Es).zip
Legend of Zelda, The - Twilight Princess HD (Europe) (En,Fr,De,Es,It) (Rev 2);https://myrient.erista.me/files/Redump/Nintendo%20-%20Wii%20U%20-%20WUX//Legend%20of%20Zelda,%20The%20-%20Twilight%20Princess%20HD%20(Europe)%20(En,Fr,De,Es,It)%20(Rev%202).zip
Legend of Zelda, The - Twilight Princess HD (USA) (En,Fr,Es) (Rev 2);https://myrient.erista.me/files/Redump/Nintendo%20-%20Wii%20U%20-%20WUX//Legend%20of%20Zelda,%20The%20-%20Twilight%20Princess%20HD%20(USA)%20(En,Fr,Es)%20(Rev%202).zip
Luv Me Buddies - Wonderland (Europe) (En,Fr,De,Es,It);https://myrient.erista.me/files/Redump/Nintendo%20-%20Wii%20U%20-%20WUX//Luv%20Me%20Buddies%20-%20Wonderland%20(Europe)%20(En,Fr,De,Es,It).zip
Madden NFL 13 (USA);https://myrient.erista.me/files/Redump/Nintendo%20-%20Wii%20U%20-%20WUX//Madden%20NFL%2013%20(USA).zip
Mario & Sonic at Rio Olympic (Japan) (Rev 1);https://myrient.erista.me/files/Redump/Nintendo%20-%20Wii%20U%20-%20WUX//Mario%20&%20Sonic%20at%20Rio%20Olympic%20(Japan)%20(Rev%201).zip
Mario & Sonic at the Rio 2016 Olympic Games (Europe) (En,Fr,De,Es,It,Nl);https://myrient.erista.me/files/Redump/Nintendo%20-%20Wii%20U%20-%20WUX//Mario%20&%20Sonic%20at%20the%20Rio%202016%20Olympic%20Games%20(Europe)%20(En,Fr,De,Es,It,Nl).zip
Mario & Sonic at the Rio 2016 Olympic Games (USA) (En,Fr,Es);https://myrient.erista.me/files/Redump/Nintendo%20-%20Wii%20U%20-%20WUX//Mario%20&%20Sonic%20at%20the%20Rio%202016%20Olympic%20Games%20(USA)%20(En,Fr,Es).zip
Mario & Sonic at the Sochi 2014 Olympic Winter Games (Europe) (En,Fr,De,Es,It,Nl,Ru);https://myrient.erista.me/files/Redump/Nintendo%20-%20Wii%20U%20-%20WUX//Mario%20&%20Sonic%20at%20the%20Sochi%202014%20Olympic%20Winter%20Games%20(Europe)%20(En,Fr,De,Es,It,Nl,Ru).zip
Mario & Sonic at the Sochi 2014 Olympic Winter Games (USA) (En,Fr,Es);https://myrient.erista.me/files/Redump/Nintendo%20-%20Wii%20U%20-%20WUX//Mario%20&%20Sonic%20at%20the%20Sochi%202014%20Olympic%20Winter%20Games%20(USA)%20(En,Fr,Es).zip
Mario & Sonic at the Sochi Olympic (Japan) (Rev 1);https://myrient.erista.me/files/Redump/Nintendo%20-%20Wii%20U%20-%20WUX//Mario%20&%20Sonic%20at%20the%20Sochi%20Olympic%20(Japan)%20(Rev%201).zip
Mario Kart 8 (Europe) (En,Fr,De,Es,It,Nl,Pt,Ru) (Rev 1);https://myrient.erista.me/files/Redump/Nintendo%20-%20Wii%20U%20-%20WUX//Mario%20Kart%208%20(Europe)%20(En,Fr,De,Es,It,Nl,Pt,Ru)%20(Rev%201).zip
Mario Kart 8 (Europe) (En,Fr,De,Es,It,Nl,Pt,Ru) (Rev 3);https://myrient.erista.me/files/Redump/Nintendo%20-%20Wii%20U%20-%20WUX//Mario%20Kart%208%20(Europe)%20(En,Fr,De,Es,It,Nl,Pt,Ru)%20(Rev%203).zip
Mario Kart 8 (Europe) (En,Fr,De,Es,It,Nl,Pt,Ru) (Rev 4);https://myrient.erista.me/files/Redump/Nintendo%20-%20Wii%20U%20-%20WUX//Mario%20Kart%208%20(Europe)%20(En,Fr,De,Es,It,Nl,Pt,Ru)%20(Rev%204).zip
Mario Kart 8 (Europe) (En,Fr,De,Es,It,Nl,Pt,Ru);https://myrient.erista.me/files/Redump/Nintendo%20-%20Wii%20U%20-%20WUX//Mario%20Kart%208%20(Europe)%20(En,Fr,De,Es,It,Nl,Pt,Ru).zip
Mario Kart 8 (Japan) (Rev 3);https://myrient.erista.me/files/Redump/Nintendo%20-%20Wii%20U%20-%20WUX//Mario%20Kart%208%20(Japan)%20(Rev%203).zip
Mario Kart 8 (USA) (En,Fr,Es) (Rev 2);https://myrient.erista.me/files/Redump/Nintendo%20-%20Wii%20U%20-%20WUX//Mario%20Kart%208%20(USA)%20(En,Fr,Es)%20(Rev%202).zip
Mario Kart 8 (USA) (En,Fr,Es) (Rev 5);https://myrient.erista.me/files/Redump/Nintendo%20-%20Wii%20U%20-%20WUX//Mario%20Kart%208%20(USA)%20(En,Fr,Es)%20(Rev%205).zip
Mario Kart 8 (USA) (En,Fr,Es);https://myrient.erista.me/files/Redump/Nintendo%20-%20Wii%20U%20-%20WUX//Mario%20Kart%208%20(USA)%20(En,Fr,Es).zip
Mario Party 10 (Europe) (En,Fr,De,Es,It,Nl,Pt,Ru);https://myrient.erista.me/files/Redump/Nintendo%20-%20Wii%20U%20-%20WUX//Mario%20Party%2010%20(Europe)%20(En,Fr,De,Es,It,Nl,Pt,Ru).zip
Mario Party 10 (Japan);https://myrient.erista.me/files/Redump/Nintendo%20-%20Wii%20U%20-%20WUX//Mario%20Party%2010%20(Japan).zip
Mario Party 10 (USA) (En,Fr,Es);https://myrient.erista.me/files/Redump/Nintendo%20-%20Wii%20U%20-%20WUX//Mario%20Party%2010%20(USA)%20(En,Fr,Es).zip
Mario Tennis - Ultra Smash (Europe) (En,Fr,De,Es,It,Nl,Pt,Ru);https://myrient.erista.me/files/Redump/Nintendo%20-%20Wii%20U%20-%20WUX//Mario%20Tennis%20-%20Ultra%20Smash%20(Europe)%20(En,Fr,De,Es,It,Nl,Pt,Ru).zip
Mario Tennis - Ultra Smash (Japan) (Rev 1);https://myrient.erista.me/files/Redump/Nintendo%20-%20Wii%20U%20-%20WUX//Mario%20Tennis%20-%20Ultra%20Smash%20(Japan)%20(Rev%201).zip
Mario Tennis - Ultra Smash (USA) (En,Fr,Es);https://myrient.erista.me/files/Redump/Nintendo%20-%20Wii%20U%20-%20WUX//Mario%20Tennis%20-%20Ultra%20Smash%20(USA)%20(En,Fr,Es).zip
Mario vs. Donkey Kong - Minna de Mini Land (Japan);https://myrient.erista.me/files/Redump/Nintendo%20-%20Wii%20U%20-%20WUX//Mario%20vs.%20Donkey%20Kong%20-%20Minna%20de%20Mini%20Land%20(Japan).zip
Marvel Avengers - Battle for Earth (Europe) (En,Fr,De,Es,It,Nl,Pl);https://myrient.erista.me/files/Redump/Nintendo%20-%20Wii%20U%20-%20WUX//Marvel%20Avengers%20-%20Battle%20for%20Earth%20(Europe)%20(En,Fr,De,Es,It,Nl,Pl).zip
Marvel Avengers - Battle for Earth (USA) (En,Fr,Es,Pt);https://myrient.erista.me/files/Redump/Nintendo%20-%20Wii%20U%20-%20WUX//Marvel%20Avengers%20-%20Battle%20for%20Earth%20(USA)%20(En,Fr,Es,Pt).zip
Mass Effect 3 - Special Edition (Europe) (En,Fr,De,Es,It);https://myrient.erista.me/files/Redump/Nintendo%20-%20Wii%20U%20-%20WUX//Mass%20Effect%203%20-%20Special%20Edition%20(Europe)%20(En,Fr,De,Es,It).zip
Mass Effect 3 - Special Edition (USA) (En,Fr,Es);https://myrient.erista.me/files/Redump/Nintendo%20-%20Wii%20U%20-%20WUX//Mass%20Effect%203%20-%20Special%20Edition%20(USA)%20(En,Fr,Es).zip
Mass Effect 3 - Tokubetsu-ban (Japan);https://myrient.erista.me/files/Redump/Nintendo%20-%20Wii%20U%20-%20WUX//Mass%20Effect%203%20-%20Tokubetsu-ban%20(Japan).zip
Mighty No. 9 (Europe) (En,Ja,Fr,De,Es,It,Pt,Ru);https://myrient.erista.me/files/Redump/Nintendo%20-%20Wii%20U%20-%20WUX//Mighty%20No.%209%20(Europe)%20(En,Ja,Fr,De,Es,It,Pt,Ru).zip
Mighty No. 9 (USA) (En,Ja,Fr,De,Es,It,Pt,Ru);https://myrient.erista.me/files/Redump/Nintendo%20-%20Wii%20U%20-%20WUX//Mighty%20No.%209%20(USA)%20(En,Ja,Fr,De,Es,It,Pt,Ru).zip
Minecraft - Story Mode - A Telltale Games Series - The Complete Adventure (Europe) (En,Fr,De,Es,Pt,Ru);https://myrient.erista.me/files/Redump/Nintendo%20-%20Wii%20U%20-%20WUX//Minecraft%20-%20Story%20Mode%20-%20A%20Telltale%20Games%20Series%20-%20The%20Complete%20Adventure%20(Europe)%20(En,Fr,De,Es,Pt,Ru).zip
Minecraft - Story Mode - A Telltale Games Series - The Complete Adventure (USA) (En,Fr,Es,Pt);https://myrient.erista.me/files/Redump/Nintendo%20-%20Wii%20U%20-%20WUX//Minecraft%20-%20Story%20Mode%20-%20A%20Telltale%20Games%20Series%20-%20The%20Complete%20Adventure%20(USA)%20(En,Fr,Es,Pt).zip
Minecraft - Wii U Edition (Europe) (En,Ja,Fr,De,Es,It,Pt,Zh,Ko,Ru) (Rev 1);https://myrient.erista.me/files/Redump/Nintendo%20-%20Wii%20U%20-%20WUX//Minecraft%20-%20Wii%20U%20Edition%20(Europe)%20(En,Ja,Fr,De,Es,It,Pt,Zh,Ko,Ru)%20(Rev%201).zip
Minecraft - Wii U Edition (Japan) (Rev 1);https://myrient.erista.me/files/Redump/Nintendo%20-%20Wii%20U%20-%20WUX//Minecraft%20-%20Wii%20U%20Edition%20(Japan)%20(Rev%201).zip
Minecraft - Wii U Edition (USA) (En,Ja,Fr,De,Es,It,Nl,Pt,Zh,Ko,Ru) (Rev 1);https://myrient.erista.me/files/Redump/Nintendo%20-%20Wii%20U%20-%20WUX//Minecraft%20-%20Wii%20U%20Edition%20(USA)%20(En,Ja,Fr,De,Es,It,Nl,Pt,Zh,Ko,Ru)%20(Rev%201).zip
Monster High - 13 Wishes (Europe) (En,Fr,De,Es,It,Nl,Sv,No,Da,Fi);https://myrient.erista.me/files/Redump/Nintendo%20-%20Wii%20U%20-%20WUX//Monster%20High%20-%2013%20Wishes%20(Europe)%20(En,Fr,De,Es,It,Nl,Sv,No,Da,Fi).zip
Monster High - 13 Wishes (USA) (En,Fr,Es);https://myrient.erista.me/files/Redump/Nintendo%20-%20Wii%20U%20-%20WUX//Monster%20High%20-%2013%20Wishes%20(USA)%20(En,Fr,Es).zip
Monster High - New Ghoul in School (Europe) (En,Fr,De,Es,It);https://myrient.erista.me/files/Redump/Nintendo%20-%20Wii%20U%20-%20WUX//Monster%20High%20-%20New%20Ghoul%20in%20School%20(Europe)%20(En,Fr,De,Es,It).zip
Monster High - New Ghoul in School (USA) (En,Fr,Es,Pt);https://myrient.erista.me/files/Redump/Nintendo%20-%20Wii%20U%20-%20WUX//Monster%20High%20-%20New%20Ghoul%20in%20School%20(USA)%20(En,Fr,Es,Pt).zip
Monster Hunter 3 Ultimate (Europe) (En,Fr,De,Es,It);https://myrient.erista.me/files/Redump/Nintendo%20-%20Wii%20U%20-%20WUX//Monster%20Hunter%203%20Ultimate%20(Europe)%20(En,Fr,De,Es,It).zip
Monster Hunter 3 Ultimate (USA);https://myrient.erista.me/files/Redump/Nintendo%20-%20Wii%20U%20-%20WUX//Monster%20Hunter%203%20Ultimate%20(USA).zip
Monster Hunter 3G - HD Ver. (Japan);https://myrient.erista.me/files/Redump/Nintendo%20-%20Wii%20U%20-%20WUX//Monster%20Hunter%203G%20-%20HD%20Ver.%20(Japan).zip
Monster Hunter Frontier G - Beginner's Package (Japan) (Rev 1);https://myrient.erista.me/files/Redump/Nintendo%20-%20Wii%20U%20-%20WUX//Monster%20Hunter%20Frontier%20G%20-%20Beginner%27s%20Package%20(Japan)%20(Rev%201).zip
Monster Hunter Frontier G - Memorial Package (Japan);https://myrient.erista.me/files/Redump/Nintendo%20-%20Wii%20U%20-%20WUX//Monster%20Hunter%20Frontier%20G%20-%20Memorial%20Package%20(Japan).zip
Monster Hunter Frontier G5 - Premium Package (Japan);https://myrient.erista.me/files/Redump/Nintendo%20-%20Wii%20U%20-%20WUX//Monster%20Hunter%20Frontier%20G5%20-%20Premium%20Package%20(Japan).zip
Monster Hunter Frontier G6 - Premium Package (Japan);https://myrient.erista.me/files/Redump/Nintendo%20-%20Wii%20U%20-%20WUX//Monster%20Hunter%20Frontier%20G6%20-%20Premium%20Package%20(Japan).zip
Monster Hunter Frontier G7 - Premium Package (Japan);https://myrient.erista.me/files/Redump/Nintendo%20-%20Wii%20U%20-%20WUX//Monster%20Hunter%20Frontier%20G7%20-%20Premium%20Package%20(Japan).zip
Monster Hunter Frontier G8 - Premium Package (Japan);https://myrient.erista.me/files/Redump/Nintendo%20-%20Wii%20U%20-%20WUX//Monster%20Hunter%20Frontier%20G8%20-%20Premium%20Package%20(Japan).zip
Monster Hunter Frontier G9 - Premium Package (Japan);https://myrient.erista.me/files/Redump/Nintendo%20-%20Wii%20U%20-%20WUX//Monster%20Hunter%20Frontier%20G9%20-%20Premium%20Package%20(Japan).zip
Monster Hunter Frontier GG - Premium Package (Japan);https://myrient.erista.me/files/Redump/Nintendo%20-%20Wii%20U%20-%20WUX//Monster%20Hunter%20Frontier%20GG%20-%20Premium%20Package%20(Japan).zip
Musou Orochi 2 Hyper (Japan);https://myrient.erista.me/files/Redump/Nintendo%20-%20Wii%20U%20-%20WUX//Musou%20Orochi%202%20Hyper%20(Japan).zip
NBA 2K13 (Europe) (En,Fr,De,Es,It);https://myrient.erista.me/files/Redump/Nintendo%20-%20Wii%20U%20-%20WUX//NBA%202K13%20(Europe)%20(En,Fr,De,Es,It).zip
NBA 2K13 (USA);https://myrient.erista.me/files/Redump/Nintendo%20-%20Wii%20U%20-%20WUX//NBA%202K13%20(USA).zip
NES Remix Pack (USA) (En,Fr,Es);https://myrient.erista.me/files/Redump/Nintendo%20-%20Wii%20U%20-%20WUX//NES%20Remix%20Pack%20(USA)%20(En,Fr,Es).zip
Need for Speed - Most Wanted U (USA) (En,Fr,Es);https://myrient.erista.me/files/Redump/Nintendo%20-%20Wii%20U%20-%20WUX//Need%20for%20Speed%20-%20Most%20Wanted%20U%20(USA)%20(En,Fr,Es).zip
Need for Speed - Most Wanted U - A Criterion Game (Europe) (En,Fr,De,Es,It);https://myrient.erista.me/files/Redump/Nintendo%20-%20Wii%20U%20-%20WUX//Need%20for%20Speed%20-%20Most%20Wanted%20U%20-%20A%20Criterion%20Game%20(Europe)%20(En,Fr,De,Es,It).zip
Need for Speed - Most Wanted U - A Criterion Game (Japan);https://myrient.erista.me/files/Redump/Nintendo%20-%20Wii%20U%20-%20WUX//Need%20for%20Speed%20-%20Most%20Wanted%20U%20-%20A%20Criterion%20Game%20(Japan).zip
New Super Luigi U (Europe) (En,Fr,De,Es,It,Nl,Pt,Ru);https://myrient.erista.me/files/Redump/Nintendo%20-%20Wii%20U%20-%20WUX//New%20Super%20Luigi%20U%20(Europe)%20(En,Fr,De,Es,It,Nl,Pt,Ru).zip
New Super Luigi U (Japan);https://myrient.erista.me/files/Redump/Nintendo%20-%20Wii%20U%20-%20WUX//New%20Super%20Luigi%20U%20(Japan).zip
New Super Luigi U (USA) (En,Fr,Es);https://myrient.erista.me/files/Redump/Nintendo%20-%20Wii%20U%20-%20WUX//New%20Super%20Luigi%20U%20(USA)%20(En,Fr,Es).zip
New Super Mario Bros. U (Europe) (En,Fr,De,Es,It,Nl,Pt,Ru);https://myrient.erista.me/files/Redump/Nintendo%20-%20Wii%20U%20-%20WUX//New%20Super%20Mario%20Bros.%20U%20(Europe)%20(En,Fr,De,Es,It,Nl,Pt,Ru).zip
New Super Mario Bros. U (Japan);https://myrient.erista.me/files/Redump/Nintendo%20-%20Wii%20U%20-%20WUX//New%20Super%20Mario%20Bros.%20U%20(Japan).zip
New Super Mario Bros. U (USA) (En,Fr,Es) (Rev 2);https://myrient.erista.me/files/Redump/Nintendo%20-%20Wii%20U%20-%20WUX//New%20Super%20Mario%20Bros.%20U%20(USA)%20(En,Fr,Es)%20(Rev%202).zip
New Super Mario Bros. U + New Super Luigi U (Europe) (En,Fr,De,Es,It,Nl,Pt,Ru);https://myrient.erista.me/files/Redump/Nintendo%20-%20Wii%20U%20-%20WUX//New%20Super%20Mario%20Bros.%20U%20+%20New%20Super%20Luigi%20U%20(Europe)%20(En,Fr,De,Es,It,Nl,Pt,Ru).zip
New Super Mario Bros. U + New Super Luigi U (USA) (En,Fr,Es);https://myrient.erista.me/files/Redump/Nintendo%20-%20Wii%20U%20-%20WUX//New%20Super%20Mario%20Bros.%20U%20+%20New%20Super%20Luigi%20U%20(USA)%20(En,Fr,Es).zip
Nickelodeon SpongeBob SquarePants - Plankton's Robotic Revenge (Europe) (En,Fr,De,Es,It,Nl,Sv);https://myrient.erista.me/files/Redump/Nintendo%20-%20Wii%20U%20-%20WUX//Nickelodeon%20SpongeBob%20SquarePants%20-%20Plankton%27s%20Robotic%20Revenge%20(Europe)%20(En,Fr,De,Es,It,Nl,Sv).zip
Nickelodeon SpongeBob SquarePants - Plankton's Robotic Revenge (USA) (En,Fr);https://myrient.erista.me/files/Redump/Nintendo%20-%20Wii%20U%20-%20WUX//Nickelodeon%20SpongeBob%20SquarePants%20-%20Plankton%27s%20Robotic%20Revenge%20(USA)%20(En,Fr).zip
Ninja Gaiden 3 - Razor's Edge (Europe) (En,Ja,Fr,De,Es,It);https://myrient.erista.me/files/Redump/Nintendo%20-%20Wii%20U%20-%20WUX//Ninja%20Gaiden%203%20-%20Razor%27s%20Edge%20(Europe)%20(En,Ja,Fr,De,Es,It).zip
Ninja Gaiden 3 - Razor's Edge (Japan);https://myrient.erista.me/files/Redump/Nintendo%20-%20Wii%20U%20-%20WUX//Ninja%20Gaiden%203%20-%20Razor%27s%20Edge%20(Japan).zip
Ninja Gaiden 3 - Razor's Edge (USA) (En,Ja,Fr,De,Es,It);https://myrient.erista.me/files/Redump/Nintendo%20-%20Wii%20U%20-%20WUX//Ninja%20Gaiden%203%20-%20Razor%27s%20Edge%20(USA)%20(En,Ja,Fr,De,Es,It).zip
Nintendo Land (Europe) (En,Fr,De,Es,It,Nl,Pt,Ru);https://myrient.erista.me/files/Redump/Nintendo%20-%20Wii%20U%20-%20WUX//Nintendo%20Land%20(Europe)%20(En,Fr,De,Es,It,Nl,Pt,Ru).zip
Nintendo Land (Japan);https://myrient.erista.me/files/Redump/Nintendo%20-%20Wii%20U%20-%20WUX//Nintendo%20Land%20(Japan).zip
Nintendo Land (USA) (En,Fr,Es);https://myrient.erista.me/files/Redump/Nintendo%20-%20Wii%20U%20-%20WUX//Nintendo%20Land%20(USA)%20(En,Fr,Es).zip
One Piece - Unlimited World R (Japan);https://myrient.erista.me/files/Redump/Nintendo%20-%20Wii%20U%20-%20WUX//One%20Piece%20-%20Unlimited%20World%20R%20(Japan).zip
One Piece - Unlimited World Red (Europe) (En,Fr,De,Es,It);https://myrient.erista.me/files/Redump/Nintendo%20-%20Wii%20U%20-%20WUX//One%20Piece%20-%20Unlimited%20World%20Red%20(Europe)%20(En,Fr,De,Es,It).zip
Pac-Man and the Ghostly Adventures (Europe) (En,Fr,De,Es,It);https://myrient.erista.me/files/Redump/Nintendo%20-%20Wii%20U%20-%20WUX//Pac-Man%20and%20the%20Ghostly%20Adventures%20(Europe)%20(En,Fr,De,Es,It).zip
Pac-Man and the Ghostly Adventures (USA) (En,Fr,Es,Pt);https://myrient.erista.me/files/Redump/Nintendo%20-%20Wii%20U%20-%20WUX//Pac-Man%20and%20the%20Ghostly%20Adventures%20(USA)%20(En,Fr,Es,Pt).zip
Pac-Man and the Ghostly Adventures 2 (Europe) (En,Fr,De,Es,It);https://myrient.erista.me/files/Redump/Nintendo%20-%20Wii%20U%20-%20WUX//Pac-Man%20and%20the%20Ghostly%20Adventures%202%20(Europe)%20(En,Fr,De,Es,It).zip
Pac-Man and the Ghostly Adventures 2 (USA) (En,Fr,Es,Pt);https://myrient.erista.me/files/Redump/Nintendo%20-%20Wii%20U%20-%20WUX//Pac-Man%20and%20the%20Ghostly%20Adventures%202%20(USA)%20(En,Fr,Es,Pt).zip
Paper Mario - Color Splash (Europe) (En,Fr,De,Es,It,Nl,Pt,Ru);https://myrient.erista.me/files/Redump/Nintendo%20-%20Wii%20U%20-%20WUX//Paper%20Mario%20-%20Color%20Splash%20(Europe)%20(En,Fr,De,Es,It,Nl,Pt,Ru).zip
Paper Mario - Color Splash (Japan);https://myrient.erista.me/files/Redump/Nintendo%20-%20Wii%20U%20-%20WUX//Paper%20Mario%20-%20Color%20Splash%20(Japan).zip
Paper Mario - Color Splash (USA) (En,Fr,Es);https://myrient.erista.me/files/Redump/Nintendo%20-%20Wii%20U%20-%20WUX//Paper%20Mario%20-%20Color%20Splash%20(USA)%20(En,Fr,Es).zip
Pikmin 3 (Europe) (En,Fr,De,Es,It);https://myrient.erista.me/files/Redump/Nintendo%20-%20Wii%20U%20-%20WUX//Pikmin%203%20(Europe)%20(En,Fr,De,Es,It).zip
Pikmin 3 (Japan);https://myrient.erista.me/files/Redump/Nintendo%20-%20Wii%20U%20-%20WUX//Pikmin%203%20(Japan).zip
Pikmin 3 (USA) (En,Fr,Es) (Rev 1);https://myrient.erista.me/files/Redump/Nintendo%20-%20Wii%20U%20-%20WUX//Pikmin%203%20(USA)%20(En,Fr,Es)%20(Rev%201).zip
Pokken - Pokken Tournament (Japan);https://myrient.erista.me/files/Redump/Nintendo%20-%20Wii%20U%20-%20WUX//Pokken%20-%20Pokken%20Tournament%20(Japan).zip
Pokken Tournament (Europe) (En,Fr,De,Es,It);https://myrient.erista.me/files/Redump/Nintendo%20-%20Wii%20U%20-%20WUX//Pokken%20Tournament%20(Europe)%20(En,Fr,De,Es,It).zip
Pokken Tournament (USA) (En,Fr,Es);https://myrient.erista.me/files/Redump/Nintendo%20-%20Wii%20U%20-%20WUX//Pokken%20Tournament%20(USA)%20(En,Fr,Es).zip
Project Zero - Maiden of Black Water (Europe) (En,Fr,De);https://myrient.erista.me/files/Redump/Nintendo%20-%20Wii%20U%20-%20WUX//Project%20Zero%20-%20Maiden%20of%20Black%20Water%20(Europe)%20(En,Fr,De).zip
Puyo Puyo Tetris (Japan);https://myrient.erista.me/files/Redump/Nintendo%20-%20Wii%20U%20-%20WUX//Puyo%20Puyo%20Tetris%20(Japan).zip
Rabbids Land (Europe) (En,Fr,De,Es,It,Nl,Ru);https://myrient.erista.me/files/Redump/Nintendo%20-%20Wii%20U%20-%20WUX//Rabbids%20Land%20(Europe)%20(En,Fr,De,Es,It,Nl,Ru).zip
Rabbids Land (Japan);https://myrient.erista.me/files/Redump/Nintendo%20-%20Wii%20U%20-%20WUX//Rabbids%20Land%20(Japan).zip
Rabbids Land (USA) (En,Fr,Es,Pt);https://myrient.erista.me/files/Redump/Nintendo%20-%20Wii%20U%20-%20WUX//Rabbids%20Land%20(USA)%20(En,Fr,Es,Pt).zip
Rapala Pro Bass Fishing (USA);https://myrient.erista.me/files/Redump/Nintendo%20-%20Wii%20U%20-%20WUX//Rapala%20Pro%20Bass%20Fishing%20(USA).zip
Rayman Legends (Europe) (En,Fr,De,Es,It,Nl);https://myrient.erista.me/files/Redump/Nintendo%20-%20Wii%20U%20-%20WUX//Rayman%20Legends%20(Europe)%20(En,Fr,De,Es,It,Nl).zip
Rayman Legends (Japan);https://myrient.erista.me/files/Redump/Nintendo%20-%20Wii%20U%20-%20WUX//Rayman%20Legends%20(Japan).zip
Rayman Legends (USA) (En,Fr,Es);https://myrient.erista.me/files/Redump/Nintendo%20-%20Wii%20U%20-%20WUX//Rayman%20Legends%20(USA)%20(En,Fr,Es).zip
Resident Evil - Revelations (Europe) (En,Ja,Fr,De,Es,It,Nl,Pt,Pl,Ru) (Rev 1);https://myrient.erista.me/files/Redump/Nintendo%20-%20Wii%20U%20-%20WUX//Resident%20Evil%20-%20Revelations%20(Europe)%20(En,Ja,Fr,De,Es,It,Nl,Pt,Pl,Ru)%20(Rev%201).zip
Resident Evil - Revelations (USA) (En,Ja,Fr,De,Es,It,Nl,Pt,Pl,Ru) (Rev 1);https://myrient.erista.me/files/Redump/Nintendo%20-%20Wii%20U%20-%20WUX//Resident%20Evil%20-%20Revelations%20(USA)%20(En,Ja,Fr,De,Es,It,Nl,Pt,Pl,Ru)%20(Rev%201).zip
Rodea the Sky Soldier (Europe) (En,Ja,Fr,De);https://myrient.erista.me/files/Redump/Nintendo%20-%20Wii%20U%20-%20WUX//Rodea%20the%20Sky%20Soldier%20(Europe)%20(En,Ja,Fr,De).zip
Rodea the Sky Soldier (Japan);https://myrient.erista.me/files/Redump/Nintendo%20-%20Wii%20U%20-%20WUX//Rodea%20the%20Sky%20Soldier%20(Japan).zip
Rodea the Sky Soldier (USA) (En,Ja,Fr,De);https://myrient.erista.me/files/Redump/Nintendo%20-%20Wii%20U%20-%20WUX//Rodea%20the%20Sky%20Soldier%20(USA)%20(En,Ja,Fr,De).zip
Runbow - Deluxe Edition (USA) (En,Ja,Fr,De,Es,It);https://myrient.erista.me/files/Redump/Nintendo%20-%20Wii%20U%20-%20WUX//Runbow%20-%20Deluxe%20Edition%20(USA)%20(En,Ja,Fr,De,Es,It).zip
Ryuu ga Gotoku 1 & 2 HD for Wii U (Japan);https://myrient.erista.me/files/Redump/Nintendo%20-%20Wii%20U%20-%20WUX//Ryuu%20ga%20Gotoku%201%20&%202%20HD%20for%20Wii%20U%20(Japan).zip
Sangokushi 12 (Japan);https://myrient.erista.me/files/Redump/Nintendo%20-%20Wii%20U%20-%20WUX//Sangokushi%2012%20(Japan).zip
Sangokushi 12 with Power-Up Kit (Japan);https://myrient.erista.me/files/Redump/Nintendo%20-%20Wii%20U%20-%20WUX//Sangokushi%2012%20with%20Power-Up%20Kit%20(Japan).zip
Scribblenauts Unlimited (Australia);https://myrient.erista.me/files/Redump/Nintendo%20-%20Wii%20U%20-%20WUX//Scribblenauts%20Unlimited%20(Australia).zip
Scribblenauts Unlimited (Europe) (En,Fr,De,Es,It,Nl) (Rev 1);https://myrient.erista.me/files/Redump/Nintendo%20-%20Wii%20U%20-%20WUX//Scribblenauts%20Unlimited%20(Europe)%20(En,Fr,De,Es,It,Nl)%20(Rev%201).zip
Scribblenauts Unlimited (Europe) (En,Fr,De,Es,It,Nl);https://myrient.erista.me/files/Redump/Nintendo%20-%20Wii%20U%20-%20WUX//Scribblenauts%20Unlimited%20(Europe)%20(En,Fr,De,Es,It,Nl).zip
Scribblenauts Unlimited (USA) (En,Fr,Es,Pt);https://myrient.erista.me/files/Redump/Nintendo%20-%20Wii%20U%20-%20WUX//Scribblenauts%20Unlimited%20(USA)%20(En,Fr,Es,Pt).zip
Scribblenauts Unmasked - A DC Comics Adventure (Australia);https://myrient.erista.me/files/Redump/Nintendo%20-%20Wii%20U%20-%20WUX//Scribblenauts%20Unmasked%20-%20A%20DC%20Comics%20Adventure%20(Australia).zip
Scribblenauts Unmasked - A DC Comics Adventure (USA) (En,Fr,Es,Pt);https://myrient.erista.me/files/Redump/Nintendo%20-%20Wii%20U%20-%20WUX//Scribblenauts%20Unmasked%20-%20A%20DC%20Comics%20Adventure%20(USA)%20(En,Fr,Es,Pt).zip
Shakedown - Hawaii (USA);https://myrient.erista.me/files/Redump/Nintendo%20-%20Wii%20U%20-%20WUX//Shakedown%20-%20Hawaii%20(USA).zip
Shantae - Half-Genie Hero (USA) (En,Fr,Es);https://myrient.erista.me/files/Redump/Nintendo%20-%20Wii%20U%20-%20WUX//Shantae%20-%20Half-Genie%20Hero%20(USA)%20(En,Fr,Es).zip
Shin Hokuto Musou (Japan);https://myrient.erista.me/files/Redump/Nintendo%20-%20Wii%20U%20-%20WUX//Shin%20Hokuto%20Musou%20(Japan).zip
Shovel Knight (Europe) (En,Fr,De,Es,It);https://myrient.erista.me/files/Redump/Nintendo%20-%20Wii%20U%20-%20WUX//Shovel%20Knight%20(Europe)%20(En,Fr,De,Es,It).zip
Shovel Knight (USA);https://myrient.erista.me/files/Redump/Nintendo%20-%20Wii%20U%20-%20WUX//Shovel%20Knight%20(USA).zip
SiNG Party (Europe) (En,Fr,De,Es,It,Nl,Pt,Ru);https://myrient.erista.me/files/Redump/Nintendo%20-%20Wii%20U%20-%20WUX//SiNG%20Party%20(Europe)%20(En,Fr,De,Es,It,Nl,Pt,Ru).zip
SiNG Party (USA) (En,Fr,Es,Pt);https://myrient.erista.me/files/Redump/Nintendo%20-%20Wii%20U%20-%20WUX//SiNG%20Party%20(USA)%20(En,Fr,Es,Pt).zip
Simple Series for Wii U Vol. 1 - The Family Party (Japan);https://myrient.erista.me/files/Redump/Nintendo%20-%20Wii%20U%20-%20WUX//Simple%20Series%20for%20Wii%20U%20Vol.%201%20-%20The%20Family%20Party%20(Japan).zip
Skylanders - Giants (Europe) (En,Fr,De,Es,It,Nl,Sv,No,Da,Fi);https://myrient.erista.me/files/Redump/Nintendo%20-%20Wii%20U%20-%20WUX//Skylanders%20-%20Giants%20(Europe)%20(En,Fr,De,Es,It,Nl,Sv,No,Da,Fi).zip
Skylanders - Giants (USA) (En,Fr,Es,Pt);https://myrient.erista.me/files/Redump/Nintendo%20-%20Wii%20U%20-%20WUX//Skylanders%20-%20Giants%20(USA)%20(En,Fr,Es,Pt).zip
Skylanders - Imaginators (Europe) (En,Fr,De,Es,It,Nl,Sv,No,Da,Fi);https://myrient.erista.me/files/Redump/Nintendo%20-%20Wii%20U%20-%20WUX//Skylanders%20-%20Imaginators%20(Europe)%20(En,Fr,De,Es,It,Nl,Sv,No,Da,Fi).zip
Skylanders - Imaginators (USA) (En,Fr,Es,Pt);https://myrient.erista.me/files/Redump/Nintendo%20-%20Wii%20U%20-%20WUX//Skylanders%20-%20Imaginators%20(USA)%20(En,Fr,Es,Pt).zip
Skylanders - Spyro no Daibouken (Japan);https://myrient.erista.me/files/Redump/Nintendo%20-%20Wii%20U%20-%20WUX//Skylanders%20-%20Spyro%20no%20Daibouken%20(Japan).zip
Skylanders - SuperChargers (Europe) (En,Fr,De,Es,It,Nl,Sv,No,Da,Fi);https://myrient.erista.me/files/Redump/Nintendo%20-%20Wii%20U%20-%20WUX//Skylanders%20-%20SuperChargers%20(Europe)%20(En,Fr,De,Es,It,Nl,Sv,No,Da,Fi).zip
Skylanders - SuperChargers (USA) (En,Fr,Es,Pt);https://myrient.erista.me/files/Redump/Nintendo%20-%20Wii%20U%20-%20WUX//Skylanders%20-%20SuperChargers%20(USA)%20(En,Fr,Es,Pt).zip
Skylanders - Swap Force (Europe) (En,Fr,De,Es,It,Nl,Sv,No,Da,Fi);https://myrient.erista.me/files/Redump/Nintendo%20-%20Wii%20U%20-%20WUX//Skylanders%20-%20Swap%20Force%20(Europe)%20(En,Fr,De,Es,It,Nl,Sv,No,Da,Fi).zip
Skylanders - Swap Force (USA) (En,Fr,Es,Pt);https://myrient.erista.me/files/Redump/Nintendo%20-%20Wii%20U%20-%20WUX//Skylanders%20-%20Swap%20Force%20(USA)%20(En,Fr,Es,Pt).zip
Skylanders - Trap Team (Europe) (En,Fr,De,Es,It,Nl,Sv,No,Da,Fi);https://myrient.erista.me/files/Redump/Nintendo%20-%20Wii%20U%20-%20WUX//Skylanders%20-%20Trap%20Team%20(Europe)%20(En,Fr,De,Es,It,Nl,Sv,No,Da,Fi).zip
Skylanders - Trap Team (USA) (En,Fr,Es,Pt);https://myrient.erista.me/files/Redump/Nintendo%20-%20Wii%20U%20-%20WUX//Skylanders%20-%20Trap%20Team%20(USA)%20(En,Fr,Es,Pt).zip
Smurfs 2, The (Europe) (En,Fr,De,Es,It,Nl,Sv,No,Da);https://myrient.erista.me/files/Redump/Nintendo%20-%20Wii%20U%20-%20WUX//Smurfs%202,%20The%20(Europe)%20(En,Fr,De,Es,It,Nl,Sv,No,Da).zip
Smurfs 2, The (USA) (En,Fr,Es);https://myrient.erista.me/files/Redump/Nintendo%20-%20Wii%20U%20-%20WUX//Smurfs%202,%20The%20(USA)%20(En,Fr,Es).zip
Sniper Elite V2 (Europe) (En,Fr,De,Es,It);https://myrient.erista.me/files/Redump/Nintendo%20-%20Wii%20U%20-%20WUX//Sniper%20Elite%20V2%20(Europe)%20(En,Fr,De,Es,It).zip
Sniper Elite V2 (Japan);https://myrient.erista.me/files/Redump/Nintendo%20-%20Wii%20U%20-%20WUX//Sniper%20Elite%20V2%20(Japan).zip
Sniper Elite V2 (USA) (En,Fr,Es);https://myrient.erista.me/files/Redump/Nintendo%20-%20Wii%20U%20-%20WUX//Sniper%20Elite%20V2%20(USA)%20(En,Fr,Es).zip
Snoopy's Grand Adventure (Europe) (En,Fr,De,Es,It,Nl,Sv);https://myrient.erista.me/files/Redump/Nintendo%20-%20Wii%20U%20-%20WUX//Snoopy%27s%20Grand%20Adventure%20(Europe)%20(En,Fr,De,Es,It,Nl,Sv).zip
Snoopy's Grand Adventure (USA) (En,Fr);https://myrient.erista.me/files/Redump/Nintendo%20-%20Wii%20U%20-%20WUX//Snoopy%27s%20Grand%20Adventure%20(USA)%20(En,Fr).zip
Sonic & All-Stars Racing Transformed (Europe) (En,Fr,De,Es,It);https://myrient.erista.me/files/Redump/Nintendo%20-%20Wii%20U%20-%20WUX//Sonic%20&%20All-Stars%20Racing%20Transformed%20(Europe)%20(En,Fr,De,Es,It).zip
Sonic & All-Stars Racing Transformed (Japan);https://myrient.erista.me/files/Redump/Nintendo%20-%20Wii%20U%20-%20WUX//Sonic%20&%20All-Stars%20Racing%20Transformed%20(Japan).zip
Sonic & All-Stars Racing Transformed (USA) (En,Fr,Es);https://myrient.erista.me/files/Redump/Nintendo%20-%20Wii%20U%20-%20WUX//Sonic%20&%20All-Stars%20Racing%20Transformed%20(USA)%20(En,Fr,Es).zip
Sonic Boom - Rise of Lyric (Europe) (En,Fr,De,Es,It);https://myrient.erista.me/files/Redump/Nintendo%20-%20Wii%20U%20-%20WUX//Sonic%20Boom%20-%20Rise%20of%20Lyric%20(Europe)%20(En,Fr,De,Es,It).zip
Sonic Boom - Rise of Lyric (USA) (En,Fr,Es);https://myrient.erista.me/files/Redump/Nintendo%20-%20Wii%20U%20-%20WUX//Sonic%20Boom%20-%20Rise%20of%20Lyric%20(USA)%20(En,Fr,Es).zip
Sonic Lost World (Europe) (En,Ja,Fr,De,Es,It);https://myrient.erista.me/files/Redump/Nintendo%20-%20Wii%20U%20-%20WUX//Sonic%20Lost%20World%20(Europe)%20(En,Ja,Fr,De,Es,It).zip
Sonic Lost World (Japan);https://myrient.erista.me/files/Redump/Nintendo%20-%20Wii%20U%20-%20WUX//Sonic%20Lost%20World%20(Japan).zip
Sonic Lost World (USA) (En,Ja,Fr,De,Es,It);https://myrient.erista.me/files/Redump/Nintendo%20-%20Wii%20U%20-%20WUX//Sonic%20Lost%20World%20(USA)%20(En,Ja,Fr,De,Es,It).zip
Sonic Toon - Taiko no Hihou (Japan);https://myrient.erista.me/files/Redump/Nintendo%20-%20Wii%20U%20-%20WUX//Sonic%20Toon%20-%20Taiko%20no%20Hihou%20(Japan).zip
Splatoon (Europe) (En,Fr,De,Es,It);https://myrient.erista.me/files/Redump/Nintendo%20-%20Wii%20U%20-%20WUX//Splatoon%20(Europe)%20(En,Fr,De,Es,It).zip
Splatoon (Japan) (Rev 2);https://myrient.erista.me/files/Redump/Nintendo%20-%20Wii%20U%20-%20WUX//Splatoon%20(Japan)%20(Rev%202).zip
Splatoon (USA) (En,Fr,Es);https://myrient.erista.me/files/Redump/Nintendo%20-%20Wii%20U%20-%20WUX//Splatoon%20(USA)%20(En,Fr,Es).zip
Sports Connection (Europe) (En,Fr,De,Es,It,Nl,Ru,Ca);https://myrient.erista.me/files/Redump/Nintendo%20-%20Wii%20U%20-%20WUX//Sports%20Connection%20(Europe)%20(En,Fr,De,Es,It,Nl,Ru,Ca).zip
Sports Connection (Japan);https://myrient.erista.me/files/Redump/Nintendo%20-%20Wii%20U%20-%20WUX//Sports%20Connection%20(Japan).zip
Star Fox Guard (Europe) (En,Fr,De,Es,It);https://myrient.erista.me/files/Redump/Nintendo%20-%20Wii%20U%20-%20WUX//Star%20Fox%20Guard%20(Europe)%20(En,Fr,De,Es,It).zip
Star Fox Guard (Japan);https://myrient.erista.me/files/Redump/Nintendo%20-%20Wii%20U%20-%20WUX//Star%20Fox%20Guard%20(Japan).zip
Star Fox Guard (USA) (En,Fr,Es);https://myrient.erista.me/files/Redump/Nintendo%20-%20Wii%20U%20-%20WUX//Star%20Fox%20Guard%20(USA)%20(En,Fr,Es).zip
Star Fox Zero (Europe) (En,Fr,De,Es,It);https://myrient.erista.me/files/Redump/Nintendo%20-%20Wii%20U%20-%20WUX//Star%20Fox%20Zero%20(Europe)%20(En,Fr,De,Es,It).zip
Star Fox Zero (Japan);https://myrient.erista.me/files/Redump/Nintendo%20-%20Wii%20U%20-%20WUX//Star%20Fox%20Zero%20(Japan).zip
Star Fox Zero (USA) (En,Fr,Es);https://myrient.erista.me/files/Redump/Nintendo%20-%20Wii%20U%20-%20WUX//Star%20Fox%20Zero%20(USA)%20(En,Fr,Es).zip
SteamWorld Collection (Europe) (En,Ja,Fr,De,Es,It,Ru);https://myrient.erista.me/files/Redump/Nintendo%20-%20Wii%20U%20-%20WUX//SteamWorld%20Collection%20(Europe)%20(En,Ja,Fr,De,Es,It,Ru).zip
SteamWorld Collection (USA) (En,Ja,Fr,De,Es,It,Ru);https://myrient.erista.me/files/Redump/Nintendo%20-%20Wii%20U%20-%20WUX//SteamWorld%20Collection%20(USA)%20(En,Ja,Fr,De,Es,It,Ru).zip
Super Mario 3D World (Europe) (En,Fr,De,Es,It,Nl,Pt,Ru) (Rev 1);https://myrient.erista.me/files/Redump/Nintendo%20-%20Wii%20U%20-%20WUX//Super%20Mario%203D%20World%20(Europe)%20(En,Fr,De,Es,It,Nl,Pt,Ru)%20(Rev%201).zip
Super Mario 3D World (Japan);https://myrient.erista.me/files/Redump/Nintendo%20-%20Wii%20U%20-%20WUX//Super%20Mario%203D%20World%20(Japan).zip
Super Mario 3D World (USA) (En,Fr,Es) (Rev 2);https://myrient.erista.me/files/Redump/Nintendo%20-%20Wii%20U%20-%20WUX//Super%20Mario%203D%20World%20(USA)%20(En,Fr,Es)%20(Rev%202).zip
Super Mario 3D World (USA) (En,Fr,Es);https://myrient.erista.me/files/Redump/Nintendo%20-%20Wii%20U%20-%20WUX//Super%20Mario%203D%20World%20(USA)%20(En,Fr,Es).zip
Super Mario Maker (Europe) (En,Fr,De,Es,It,Nl,Pt,Ru);https://myrient.erista.me/files/Redump/Nintendo%20-%20Wii%20U%20-%20WUX//Super%20Mario%20Maker%20(Europe)%20(En,Fr,De,Es,It,Nl,Pt,Ru).zip
Super Mario Maker (Japan);https://myrient.erista.me/files/Redump/Nintendo%20-%20Wii%20U%20-%20WUX//Super%20Mario%20Maker%20(Japan).zip
Super Mario Maker (USA) (En,Fr,Es) (Rev 5);https://myrient.erista.me/files/Redump/Nintendo%20-%20Wii%20U%20-%20WUX//Super%20Mario%20Maker%20(USA)%20(En,Fr,Es)%20(Rev%205).zip
Super Mario Maker (USA) (En,Fr,Es);https://myrient.erista.me/files/Redump/Nintendo%20-%20Wii%20U%20-%20WUX//Super%20Mario%20Maker%20(USA)%20(En,Fr,Es).zip
Super Smash Bros. for Wii U (Europe) (En,Fr,De,Es,It,Nl,Pt,Ru) (Rev 4);https://myrient.erista.me/files/Redump/Nintendo%20-%20Wii%20U%20-%20WUX//Super%20Smash%20Bros.%20for%20Wii%20U%20(Europe)%20(En,Fr,De,Es,It,Nl,Pt,Ru)%20(Rev%204).zip
Super Smash Bros. for Wii U (Europe) (En,Fr,De,Es,It,Nl,Pt,Ru);https://myrient.erista.me/files/Redump/Nintendo%20-%20Wii%20U%20-%20WUX//Super%20Smash%20Bros.%20for%20Wii%20U%20(Europe)%20(En,Fr,De,Es,It,Nl,Pt,Ru).zip
Super Smash Bros. for Wii U (USA) (En,Fr,Es) (Rev 2);https://myrient.erista.me/files/Redump/Nintendo%20-%20Wii%20U%20-%20WUX//Super%20Smash%20Bros.%20for%20Wii%20U%20(USA)%20(En,Fr,Es)%20(Rev%202).zip
Super Smash Bros. for Wii U (USA) (En,Fr,Es) (Rev 4);https://myrient.erista.me/files/Redump/Nintendo%20-%20Wii%20U%20-%20WUX//Super%20Smash%20Bros.%20for%20Wii%20U%20(USA)%20(En,Fr,Es)%20(Rev%204).zip
Super Smash Bros. for Wii U (USA) (En,Fr,Es) (Rev 9);https://myrient.erista.me/files/Redump/Nintendo%20-%20Wii%20U%20-%20WUX//Super%20Smash%20Bros.%20for%20Wii%20U%20(USA)%20(En,Fr,Es)%20(Rev%209).zip
Super Smash Bros. for Wii U (USA) (En,Fr,Es);https://myrient.erista.me/files/Redump/Nintendo%20-%20Wii%20U%20-%20WUX//Super%20Smash%20Bros.%20for%20Wii%20U%20(USA)%20(En,Fr,Es).zip
Susume! Kinopio Taichou (Japan);https://myrient.erista.me/files/Redump/Nintendo%20-%20Wii%20U%20-%20WUX//Susume!%20Kinopio%20Taichou%20(Japan).zip
Taiko no Tatsujin - Atsumete Tomodachi Daisakusen! (Japan);https://myrient.erista.me/files/Redump/Nintendo%20-%20Wii%20U%20-%20WUX//Taiko%20no%20Tatsujin%20-%20Atsumete%20Tomodachi%20Daisakusen!%20(Japan).zip
Taiko no Tatsujin - Tokumori! (Japan);https://myrient.erista.me/files/Redump/Nintendo%20-%20Wii%20U%20-%20WUX//Taiko%20no%20Tatsujin%20-%20Tokumori!%20(Japan).zip
Taiko no Tatsujin - Wii U Version! (Japan);https://myrient.erista.me/files/Redump/Nintendo%20-%20Wii%20U%20-%20WUX//Taiko%20no%20Tatsujin%20-%20Wii%20U%20Version!%20(Japan).zip
Tank! Tank! Tank! (Europe) (En,Fr,De,Es,It);https://myrient.erista.me/files/Redump/Nintendo%20-%20Wii%20U%20-%20WUX//Tank!%20Tank!%20Tank!%20(Europe)%20(En,Fr,De,Es,It).zip
Tank! Tank! Tank! (Japan);https://myrient.erista.me/files/Redump/Nintendo%20-%20Wii%20U%20-%20WUX//Tank!%20Tank!%20Tank!%20(Japan).zip
Tank! Tank! Tank! (USA) (En,Fr,Es);https://myrient.erista.me/files/Redump/Nintendo%20-%20Wii%20U%20-%20WUX//Tank!%20Tank!%20Tank!%20(USA)%20(En,Fr,Es).zip
Tekken Tag Tournament 2 - Wii U Edition (Europe) (En,Fr,De,Es,It) (Rev 1);https://myrient.erista.me/files/Redump/Nintendo%20-%20Wii%20U%20-%20WUX//Tekken%20Tag%20Tournament%202%20-%20Wii%20U%20Edition%20(Europe)%20(En,Fr,De,Es,It)%20(Rev%201).zip
Tekken Tag Tournament 2 - Wii U Edition (Japan);https://myrient.erista.me/files/Redump/Nintendo%20-%20Wii%20U%20-%20WUX//Tekken%20Tag%20Tournament%202%20-%20Wii%20U%20Edition%20(Japan).zip
Tekken Tag Tournament 2 - Wii U Edition (USA) (En,Fr,Es) (Rev 1);https://myrient.erista.me/files/Redump/Nintendo%20-%20Wii%20U%20-%20WUX//Tekken%20Tag%20Tournament%202%20-%20Wii%20U%20Edition%20(USA)%20(En,Fr,Es)%20(Rev%201).zip
Terraria (Europe) (En,Fr,De,Es,It);https://myrient.erista.me/files/Redump/Nintendo%20-%20Wii%20U%20-%20WUX//Terraria%20(Europe)%20(En,Fr,De,Es,It).zip
Terraria (Japan);https://myrient.erista.me/files/Redump/Nintendo%20-%20Wii%20U%20-%20WUX//Terraria%20(Japan).zip
Terraria (USA) (En,Fr,Es);https://myrient.erista.me/files/Redump/Nintendo%20-%20Wii%20U%20-%20WUX//Terraria%20(USA)%20(En,Fr,Es).zip
Teslagrad (Europe) (En,Fr,De,Es,It);https://myrient.erista.me/files/Redump/Nintendo%20-%20Wii%20U%20-%20WUX//Teslagrad%20(Europe)%20(En,Fr,De,Es,It).zip
Tokyo Mirage Sessions FE (Europe);https://myrient.erista.me/files/Redump/Nintendo%20-%20Wii%20U%20-%20WUX//Tokyo%20Mirage%20Sessions%20FE%20(Europe).zip
Tokyo Mirage Sessions FE (USA);https://myrient.erista.me/files/Redump/Nintendo%20-%20Wii%20U%20-%20WUX//Tokyo%20Mirage%20Sessions%20FE%20(USA).zip
Tom Clancy's Splinter Cell - Blacklist (Europe) (En,Fr,De,Es,It,Nl,Ru);https://myrient.erista.me/files/Redump/Nintendo%20-%20Wii%20U%20-%20WUX//Tom%20Clancy%27s%20Splinter%20Cell%20-%20Blacklist%20(Europe)%20(En,Fr,De,Es,It,Nl,Ru).zip
Tom Clancy's Splinter Cell - Blacklist (Japan);https://myrient.erista.me/files/Redump/Nintendo%20-%20Wii%20U%20-%20WUX//Tom%20Clancy%27s%20Splinter%20Cell%20-%20Blacklist%20(Japan).zip
Tom Clancy's Splinter Cell - Blacklist (USA) (En,Fr,Es,Pt);https://myrient.erista.me/files/Redump/Nintendo%20-%20Wii%20U%20-%20WUX//Tom%20Clancy%27s%20Splinter%20Cell%20-%20Blacklist%20(USA)%20(En,Fr,Es,Pt).zip
Touch! Kirby Super Rainbow (Japan);https://myrient.erista.me/files/Redump/Nintendo%20-%20Wii%20U%20-%20WUX//Touch!%20Kirby%20Super%20Rainbow%20(Japan).zip
Transformers - Rise of the Dark Spark (Europe) (En,Fr,De,Es,It);https://myrient.erista.me/files/Redump/Nintendo%20-%20Wii%20U%20-%20WUX//Transformers%20-%20Rise%20of%20the%20Dark%20Spark%20(Europe)%20(En,Fr,De,Es,It).zip
Transformers - Rise of the Dark Spark (USA) (En,Fr);https://myrient.erista.me/files/Redump/Nintendo%20-%20Wii%20U%20-%20WUX//Transformers%20-%20Rise%20of%20the%20Dark%20Spark%20(USA)%20(En,Fr).zip
Transformers Prime - The Game (Europe) (En,Fr,De,Es,It,Nl,Sv);https://myrient.erista.me/files/Redump/Nintendo%20-%20Wii%20U%20-%20WUX//Transformers%20Prime%20-%20The%20Game%20(Europe)%20(En,Fr,De,Es,It,Nl,Sv).zip
Transformers Prime - The Game (USA) (En,Fr);https://myrient.erista.me/files/Redump/Nintendo%20-%20Wii%20U%20-%20WUX//Transformers%20Prime%20-%20The%20Game%20(USA)%20(En,Fr).zip
Tumblestone (USA);https://myrient.erista.me/files/Redump/Nintendo%20-%20Wii%20U%20-%20WUX//Tumblestone%20(USA).zip
Voice, The - I Want You (USA);https://myrient.erista.me/files/Redump/Nintendo%20-%20Wii%20U%20-%20WUX//Voice,%20The%20-%20I%20Want%20You%20(USA).zip
Walking Dead, The - Survival Instinct (Europe) (En,Fr,De,Es,It);https://myrient.erista.me/files/Redump/Nintendo%20-%20Wii%20U%20-%20WUX//Walking%20Dead,%20The%20-%20Survival%20Instinct%20(Europe)%20(En,Fr,De,Es,It).zip
Walking Dead, The - Survival Instinct (USA);https://myrient.erista.me/files/Redump/Nintendo%20-%20Wii%20U%20-%20WUX//Walking%20Dead,%20The%20-%20Survival%20Instinct%20(USA).zip
Warriors Orochi 3 Hyper (Europe) (En,Fr,De,Es,It);https://myrient.erista.me/files/Redump/Nintendo%20-%20Wii%20U%20-%20WUX//Warriors%20Orochi%203%20Hyper%20(Europe)%20(En,Fr,De,Es,It).zip
Warriors Orochi 3 Hyper (USA);https://myrient.erista.me/files/Redump/Nintendo%20-%20Wii%20U%20-%20WUX//Warriors%20Orochi%203%20Hyper%20(USA).zip
Watch Dogs (Japan);https://myrient.erista.me/files/Redump/Nintendo%20-%20Wii%20U%20-%20WUX//Watch%20Dogs%20(Japan).zip
Watch_Dogs (Europe) (En,Fr,De,Es,It,Nl,Pt,Ru);https://myrient.erista.me/files/Redump/Nintendo%20-%20Wii%20U%20-%20WUX//Watch_Dogs%20(Europe)%20(En,Fr,De,Es,It,Nl,Pt,Ru).zip
Watch_Dogs (USA) (En,Fr,Es,Pt);https://myrient.erista.me/files/Redump/Nintendo%20-%20Wii%20U%20-%20WUX//Watch_Dogs%20(USA)%20(En,Fr,Es,Pt).zip
Wheel of Fortune (USA);https://myrient.erista.me/files/Redump/Nintendo%20-%20Wii%20U%20-%20WUX//Wheel%20of%20Fortune%20(USA).zip
Wii Fit U (Europe) (En,Fr,De,Es,It) (Rev 2);https://myrient.erista.me/files/Redump/Nintendo%20-%20Wii%20U%20-%20WUX//Wii%20Fit%20U%20(Europe)%20(En,Fr,De,Es,It)%20(Rev%202).zip
Wii Fit U (Japan) (Rev 3);https://myrient.erista.me/files/Redump/Nintendo%20-%20Wii%20U%20-%20WUX//Wii%20Fit%20U%20(Japan)%20(Rev%203).zip
Wii Fit U (USA) (En,Fr,Es) (Rev 2);https://myrient.erista.me/files/Redump/Nintendo%20-%20Wii%20U%20-%20WUX//Wii%20Fit%20U%20(USA)%20(En,Fr,Es)%20(Rev%202).zip
Wii Karaoke U (Japan) (Trial Disc) (Rev 1);https://myrient.erista.me/files/Redump/Nintendo%20-%20Wii%20U%20-%20WUX//Wii%20Karaoke%20U%20(Japan)%20(Trial%20Disc)%20(Rev%201).zip
Wii Party U (Europe) (En,Fr,De,Es,It,Nl,Pt,Ru) (Rev 1);https://myrient.erista.me/files/Redump/Nintendo%20-%20Wii%20U%20-%20WUX//Wii%20Party%20U%20(Europe)%20(En,Fr,De,Es,It,Nl,Pt,Ru)%20(Rev%201).zip
Wii Party U (Japan) (Rev 2);https://myrient.erista.me/files/Redump/Nintendo%20-%20Wii%20U%20-%20WUX//Wii%20Party%20U%20(Japan)%20(Rev%202).zip
Wii Party U (USA) (En,Fr,Es) (Rev 1);https://myrient.erista.me/files/Redump/Nintendo%20-%20Wii%20U%20-%20WUX//Wii%20Party%20U%20(USA)%20(En,Fr,Es)%20(Rev%201).zip
Wii Sports Club (Europe) (En,Fr,De,Es,It,Nl,Pt,Ru) (Rev 1);https://myrient.erista.me/files/Redump/Nintendo%20-%20Wii%20U%20-%20WUX//Wii%20Sports%20Club%20(Europe)%20(En,Fr,De,Es,It,Nl,Pt,Ru)%20(Rev%201).zip
Wii Sports Club (Japan) (Rev 1);https://myrient.erista.me/files/Redump/Nintendo%20-%20Wii%20U%20-%20WUX//Wii%20Sports%20Club%20(Japan)%20(Rev%201).zip
Wii Sports Club (USA) (En,Fr,Es) (Rev 1);https://myrient.erista.me/files/Redump/Nintendo%20-%20Wii%20U%20-%20WUX//Wii%20Sports%20Club%20(USA)%20(En,Fr,Es)%20(Rev%201).zip
Wonderful 101, The (Europe) (En,Fr,De,Es,It);https://myrient.erista.me/files/Redump/Nintendo%20-%20Wii%20U%20-%20WUX//Wonderful%20101,%20The%20(Europe)%20(En,Fr,De,Es,It).zip
Wonderful 101, The (Japan);https://myrient.erista.me/files/Redump/Nintendo%20-%20Wii%20U%20-%20WUX//Wonderful%20101,%20The%20(Japan).zip
Wonderful 101, The (USA) (En,Ja);https://myrient.erista.me/files/Redump/Nintendo%20-%20Wii%20U%20-%20WUX//Wonderful%20101,%20The%20(USA)%20(En,Ja).zip
Xenoblade Chronicles X (Europe) (En,Fr,De,Es,It);https://myrient.erista.me/files/Redump/Nintendo%20-%20Wii%20U%20-%20WUX//Xenoblade%20Chronicles%20X%20(Europe)%20(En,Fr,De,Es,It).zip
Xenoblade Chronicles X (USA) (En,Fr,Es);https://myrient.erista.me/files/Redump/Nintendo%20-%20Wii%20U%20-%20WUX//Xenoblade%20Chronicles%20X%20(USA)%20(En,Fr,Es).zip
Xenoblade X (Japan);https://myrient.erista.me/files/Redump/Nintendo%20-%20Wii%20U%20-%20WUX//Xenoblade%20X%20(Japan).zip
Yoshi Wool World (Japan) (Rev 1);https://myrient.erista.me/files/Redump/Nintendo%20-%20Wii%20U%20-%20WUX//Yoshi%20Wool%20World%20(Japan)%20(Rev%201).zip
Yoshi's Woolly World (Europe) (En,Fr,De,Es,It,Nl);https://myrient.erista.me/files/Redump/Nintendo%20-%20Wii%20U%20-%20WUX//Yoshi%27s%20Woolly%20World%20(Europe)%20(En,Fr,De,Es,It,Nl).zip
Yoshi's Woolly World (USA) (En,Fr,Es);https://myrient.erista.me/files/Redump/Nintendo%20-%20Wii%20U%20-%20WUX//Yoshi%27s%20Woolly%20World%20(USA)%20(En,Fr,Es).zip
Youkai Watch Dance - Just Dance Special Version (Japan);https://myrient.erista.me/files/Redump/Nintendo%20-%20Wii%20U%20-%20WUX//Youkai%20Watch%20Dance%20-%20Just%20Dance%20Special%20Version%20(Japan).zip
Your Shape - Fitness Evolved 2013 (Europe) (En,Fr,De,Es,It);https://myrient.erista.me/files/Redump/Nintendo%20-%20Wii%20U%20-%20WUX//Your%20Shape%20-%20Fitness%20Evolved%202013%20(Europe)%20(En,Fr,De,Es,It).zip
Your Shape - Fitness Evolved 2013 (USA) (En,Fr,Es);https://myrient.erista.me/files/Redump/Nintendo%20-%20Wii%20U%20-%20WUX//Your%20Shape%20-%20Fitness%20Evolved%202013%20(USA)%20(En,Fr,Es).zip
Zelda Musou (Japan) (Rev 1);https://myrient.erista.me/files/Redump/Nintendo%20-%20Wii%20U%20-%20WUX//Zelda%20Musou%20(Japan)%20(Rev%201).zip
Zelda no Densetsu - Breath of the Wild (Japan);https://myrient.erista.me/files/Redump/Nintendo%20-%20Wii%20U%20-%20WUX//Zelda%20no%20Densetsu%20-%20Breath%20of%20the%20Wild%20(Japan).zip
Zelda no Densetsu - Kaze no Takuto HD (Japan);https://myrient.erista.me/files/Redump/Nintendo%20-%20Wii%20U%20-%20WUX//Zelda%20no%20Densetsu%20-%20Kaze%20no%20Takuto%20HD%20(Japan).zip
Zelda no Densetsu - Twilight Princess HD (Japan) (Rev 1);https://myrient.erista.me/files/Redump/Nintendo%20-%20Wii%20U%20-%20WUX//Zelda%20no%20Densetsu%20-%20Twilight%20Princess%20HD%20(Japan)%20(Rev%201).zip
Zero - Nuregarasu no Miko (Japan);https://myrient.erista.me/files/Redump/Nintendo%20-%20Wii%20U%20-%20WUX//Zero%20-%20Nuregarasu%20no%20Miko%20(Japan).zip
ZombiU (Europe) (En,Fr,De,Es,It,Nl,Ru);https://myrient.erista.me/files/Redump/Nintendo%20-%20Wii%20U%20-%20WUX//ZombiU%20(Europe)%20(En,Fr,De,Es,It,Nl,Ru).zip
ZombiU (Germany) (En,De);https://myrient.erista.me/files/Redump/Nintendo%20-%20Wii%20U%20-%20WUX//ZombiU%20(Germany)%20(En,De).zip
ZombiU (Japan);https://myrient.erista.me/files/Redump/Nintendo%20-%20Wii%20U%20-%20WUX//ZombiU%20(Japan).zip
ZombiU (USA) (En,Fr,Es,Pt);https://myrient.erista.me/files/Redump/Nintendo%20-%20Wii%20U%20-%20WUX//ZombiU%20(USA)%20(En,Fr,Es,Pt).zip
Zumba Fitness - World Party (Europe) (En,Fr,De,Es,It);https://myrient.erista.me/files/Redump/Nintendo%20-%20Wii%20U%20-%20WUX//Zumba%20Fitness%20-%20World%20Party%20(Europe)%20(En,Fr,De,Es,It).zip
Zumba Fitness - World Party (Japan) (En,Ja);https://myrient.erista.me/files/Redump/Nintendo%20-%20Wii%20U%20-%20WUX//Zumba%20Fitness%20-%20World%20Party%20(Japan)%20(En,Ja).zip
Zumba Fitness - World Party (USA);https://myrient.erista.me/files/Redump/Nintendo%20-%20Wii%20U%20-%20WUX//Zumba%20Fitness%20-%20World%20Party%20(USA).zip
