Adidas.MiCoach.USA.X360-ZTM.rar;https://archive.org/download/mx360gckx360-ztm/Adidas.MiCoach.USA.X360-ZTM.rar;12.00 GiB;RAR;https://archive.org/download/mx360gckx360-ztm;RAR
Adrenalin.Misfits.EUR.X360-ZTM.rar;https://archive.org/download/mx360gckx360-ztm/Adrenalin.Misfits.EUR.X360-ZTM.rar;1.96 GiB;RAR;https://archive.org/download/mx360gckx360-ztm;RAR
Adrenalin.Misfits.USA.X360-ZTM.rar;https://archive.org/download/mx360gckx360-ztm/Adrenalin.Misfits.USA.X360-ZTM.rar;1.96 GiB;RAR;https://archive.org/download/mx360gckx360-ztm;RAR
Alvin.&.The.Chipmunks.Chipwrecked.USA.X360-ZTM.rar;https://archive.org/download/mx360gckx360-ztm/Alvin.&.The.Chipmunks.Chipwrecked.USA.X360-ZTM.rar;1017.38 MiB;RAR;https://archive.org/download/mx360gckx360-ztm;RAR
Avengers.Battle.For.Earth.USA.X360-ZTM.rar;https://archive.org/download/mx360gckx360-ztm/Avengers.Battle.For.Earth.USA.X360-ZTM.rar;1.89 GiB;RAR;https://archive.org/download/mx360gckx360-ztm;RAR
Big.League.Sports.USA.X360-ZTM.rar;https://archive.org/download/mx360gckx360-ztm/Big.League.Sports.USA.X360-ZTM.rar;431.91 MiB;RAR;https://archive.org/download/mx360gckx360-ztm;RAR
Biggest.Looser.Ultimate.Workout.USA.X360-ZTM.rar;https://archive.org/download/mx360gckx360-ztm/Biggest.Looser.Ultimate.Workout.USA.X360-ZTM.rar;1.48 GiB;RAR;https://archive.org/download/mx360gckx360-ztm;RAR
Black.Eyed.Peas.Experience.USA.X360-ZTM.rar;https://archive.org/download/mx360gckx360-ztm/Black.Eyed.Peas.Experience.USA.X360-ZTM.rar;4.44 GiB;RAR;https://archive.org/download/mx360gckx360-ztm;RAR
Blackwater.EUR.X360-ZTM.rar;https://archive.org/download/mx360gckx360-ztm/Blackwater.EUR.X360-ZTM.rar;1.37 GiB;RAR;https://archive.org/download/mx360gckx360-ztm;RAR
Brunswick.Pro.Bowling.EUR.X360-ZTM.rar;https://archive.org/download/mx360gckx360-ztm/Brunswick.Pro.Bowling.EUR.X360-ZTM.rar;1.21 GiB;RAR;https://archive.org/download/mx360gckx360-ztm;RAR
Brunswick.Pro.Bowling.USA.X360-ZTM.rar;https://archive.org/download/mx360gckx360-ztm/Brunswick.Pro.Bowling.USA.X360-ZTM.rar;1.22 GiB;RAR;https://archive.org/download/mx360gckx360-ztm;RAR
Cabelas.Adventure.Camp.USA.X360-ZTM.rar;https://archive.org/download/mx360gckx360-ztm/Cabelas.Adventure.Camp.USA.X360-ZTM.rar;1.50 GiB;RAR;https://archive.org/download/mx360gckx360-ztm;RAR
Cabelas.Big.Game.Hunter.Hunting.Party.USA.X360-ZTM.rar;https://archive.org/download/mx360gckx360-ztm/Cabelas.Big.Game.Hunter.Hunting.Party.USA.X360-ZTM.rar;2.72 GiB;RAR;https://archive.org/download/mx360gckx360-ztm;RAR
Carnival.Games.Monkey.See.Monkey.Do.TWN.X360-ZTM.rar;https://archive.org/download/mx360gckx360-ztm/Carnival.Games.Monkey.See.Monkey.Do.TWN.X360-ZTM.rar;1.06 GiB;RAR;https://archive.org/download/mx360gckx360-ztm;RAR
Carnival.Games.USA.X360-ZTM.rar;https://archive.org/download/mx360gckx360-ztm/Carnival.Games.USA.X360-ZTM.rar;1.21 GiB;RAR;https://archive.org/download/mx360gckx360-ztm;RAR
Country.Dance.All.Stars.USA.X360-ZTM.rar;https://archive.org/download/mx360gckx360-ztm/Country.Dance.All.Stars.USA.X360-ZTM.rar;1017.19 MiB;RAR;https://archive.org/download/mx360gckx360-ztm;RAR
Dance.Central.1.EUR.X360-ZTM.rar;https://archive.org/download/mx360gckx360-ztm/Dance.Central.1.EUR.X360-ZTM.rar;1.39 GiB;RAR;https://archive.org/download/mx360gckx360-ztm;RAR
Dance.Central.2.USA.X360-ZTM.rar;https://archive.org/download/mx360gckx360-ztm/Dance.Central.2.USA.X360-ZTM.rar;2.72 GiB;RAR;https://archive.org/download/mx360gckx360-ztm;RAR
Dance.Central.3.EUR.X360-ZTM.rar;https://archive.org/download/mx360gckx360-ztm/Dance.Central.3.EUR.X360-ZTM.rar;5.61 GiB;RAR;https://archive.org/download/mx360gckx360-ztm;RAR
Dance.Masters.USA.X360-ZTM.rar;https://archive.org/download/mx360gckx360-ztm/Dance.Masters.USA.X360-ZTM.rar;2.01 GiB;RAR;https://archive.org/download/mx360gckx360-ztm;RAR
Dance.Paradise.EUR.X360-ZTM.rar;https://archive.org/download/mx360gckx360-ztm/Dance.Paradise.EUR.X360-ZTM.rar;5.96 GiB;RAR;https://archive.org/download/mx360gckx360-ztm;RAR
Dance.Paradise.USA.X360-ZTM.rar;https://archive.org/download/mx360gckx360-ztm/Dance.Paradise.USA.X360-ZTM.rar;5.95 GiB;RAR;https://archive.org/download/mx360gckx360-ztm;RAR
Deca.Sports.Freedom.USA.X360-ZTM.rar;https://archive.org/download/mx360gckx360-ztm/Deca.Sports.Freedom.USA.X360-ZTM.rar;897.40 MiB;RAR;https://archive.org/download/mx360gckx360-ztm;RAR
Deepak.Chopras.Leela.USA.X360-ZTM.rar;https://archive.org/download/mx360gckx360-ztm/Deepak.Chopras.Leela.USA.X360-ZTM.rar;2.67 GiB;RAR;https://archive.org/download/mx360gckx360-ztm;RAR
Disney.Fantasia.Music.Evolved.USA.X360-ZTM.rar;https://archive.org/download/mx360gckx360-ztm/Disney.Fantasia.Music.Evolved.USA.X360-ZTM.rar;2.50 GiB;RAR;https://archive.org/download/mx360gckx360-ztm;RAR
Disneyland.Adventures.USA.X360-ZTM.rar;https://archive.org/download/mx360gckx360-ztm/Disneyland.Adventures.USA.X360-ZTM.rar;3.77 GiB;RAR;https://archive.org/download/mx360gckx360-ztm;RAR
Dr.Kawashimas.Body.&.Brain.Exercises.USA.X360-ZTM.rar;https://archive.org/download/mx360gckx360-ztm/Dr.Kawashimas.Body.&.Brain.Exercises.USA.X360-ZTM.rar;822.36 MiB;RAR;https://archive.org/download/mx360gckx360-ztm;RAR
Dragon.Ball.Z.USA.X360-ZTM.rar;https://archive.org/download/mx360gckx360-ztm/Dragon.Ball.Z.USA.X360-ZTM.rar;2.31 GiB;RAR;https://archive.org/download/mx360gckx360-ztm;RAR
EA.Sports.Active.2.EUR.X360-ZTM.rar;https://archive.org/download/mx360gckx360-ztm/EA.Sports.Active.2.EUR.X360-ZTM.rar;2.98 GiB;RAR;https://archive.org/download/mx360gckx360-ztm;RAR
Fable.The.Journey.EUR.X360-ZTM.rar;https://archive.org/download/mx360gckx360-ztm/Fable.The.Journey.EUR.X360-ZTM.rar;6.31 GiB;RAR;https://archive.org/download/mx360gckx360-ztm;RAR
Fantastic.Pets.USA.X360-ZTM.rar;https://archive.org/download/mx360gckx360-ztm/Fantastic.Pets.USA.X360-ZTM.rar;1.43 GiB;RAR;https://archive.org/download/mx360gckx360-ztm;RAR
Fighters.Uncaged.USA.X360-ZTM.rar;https://archive.org/download/mx360gckx360-ztm/Fighters.Uncaged.USA.X360-ZTM.rar;2.49 GiB;RAR;https://archive.org/download/mx360gckx360-ztm;RAR
Game.Party.In.Motion.USA.X360-ZTM.rar;https://archive.org/download/mx360gckx360-ztm/Game.Party.In.Motion.USA.X360-ZTM.rar;495.38 MiB;RAR;https://archive.org/download/mx360gckx360-ztm;RAR
Get.Fit.With.Mel.B.USA.X360-ZTM.rar;https://archive.org/download/mx360gckx360-ztm/Get.Fit.With.Mel.B.USA.X360-ZTM.rar;2.75 GiB;RAR;https://archive.org/download/mx360gckx360-ztm;RAR
Grease.Dance.USA.X360-ZTM.rar;https://archive.org/download/mx360gckx360-ztm/Grease.Dance.USA.X360-ZTM.rar;1.40 GiB;RAR;https://archive.org/download/mx360gckx360-ztm;RAR
Gunstringer.USA.X360-ZTM.rar;https://archive.org/download/mx360gckx360-ztm/Gunstringer.USA.X360-ZTM.rar;3.70 GiB;RAR;https://archive.org/download/mx360gckx360-ztm;RAR
Harley.Pasternaks.Hollywood.Workout.USA.X360-ZTM.rar;https://archive.org/download/mx360gckx360-ztm/Harley.Pasternaks.Hollywood.Workout.USA.X360-ZTM.rar;2.25 GiB;RAR;https://archive.org/download/mx360gckx360-ztm;RAR
Harry.Potter.For.Kinect.USA.X360-ZTM.rar;https://archive.org/download/mx360gckx360-ztm/Harry.Potter.For.Kinect.USA.X360-ZTM.rar;3.28 GiB;RAR;https://archive.org/download/mx360gckx360-ztm;RAR
Hip.Hop.Dance.Experience.USA.X360-ZTM.rar;https://archive.org/download/mx360gckx360-ztm/Hip.Hop.Dance.Experience.USA.X360-ZTM.rar;3.28 GiB;RAR;https://archive.org/download/mx360gckx360-ztm;RAR
Hole.In.The.Wall.Deluxe.Edition.USA.X360-ZTM.rar;https://archive.org/download/mx360gckx360-ztm/Hole.In.The.Wall.Deluxe.Edition.USA.X360-ZTM.rar;540.45 MiB;RAR;https://archive.org/download/mx360gckx360-ztm;RAR
Hulk.Hogans.Main.Event.USA.X360-ZTM.rar;https://archive.org/download/mx360gckx360-ztm/Hulk.Hogans.Main.Event.USA.X360-ZTM.rar;323.34 MiB;RAR;https://archive.org/download/mx360gckx360-ztm;RAR
Ice.Age.4.USA.X360-ZTM.rar;https://archive.org/download/mx360gckx360-ztm/Ice.Age.4.USA.X360-ZTM.rar;1.71 GiB;RAR;https://archive.org/download/mx360gckx360-ztm;RAR
Jillian.Michaels.Fitness.Adventure.EUR.X360-ZTM.rar;https://archive.org/download/mx360gckx360-ztm/Jillian.Michaels.Fitness.Adventure.EUR.X360-ZTM.rar;402.42 MiB;RAR;https://archive.org/download/mx360gckx360-ztm;RAR
Jillian.Michaels.Fitness.Adventure.USA.X360-ZTM.rar;https://archive.org/download/mx360gckx360-ztm/Jillian.Michaels.Fitness.Adventure.USA.X360-ZTM.rar;351.84 MiB;RAR;https://archive.org/download/mx360gckx360-ztm;RAR
Just.Dance.2014.USA.X360-ZTM.rar;https://archive.org/download/mx360gckx360-ztm/Just.Dance.2014.USA.X360-ZTM.rar;6.72 GiB;RAR;https://archive.org/download/mx360gckx360-ztm;RAR
Just.Dance.2015.USA.X360-ZTM.rar;https://archive.org/download/mx360gckx360-ztm/Just.Dance.2015.USA.X360-ZTM.rar;6.00 GiB;RAR;https://archive.org/download/mx360gckx360-ztm;RAR
Just.Dance.2016.USA.X360-ZTM.rar;https://archive.org/download/mx360gckx360-ztm/Just.Dance.2016.USA.X360-ZTM.rar;7.40 GiB;RAR;https://archive.org/download/mx360gckx360-ztm;RAR
Just.Dance.2017.USA.X360-ZTM.rar;https://archive.org/download/mx360gckx360-ztm/Just.Dance.2017.USA.X360-ZTM.rar;6.95 GiB;RAR;https://archive.org/download/mx360gckx360-ztm;RAR
Just.Dance.2018.USA.X360-ZTM.rar;https://archive.org/download/mx360gckx360-ztm/Just.Dance.2018.USA.X360-ZTM.rar;7.27 GiB;RAR;https://archive.org/download/mx360gckx360-ztm;RAR
Just.Dance.2019.USA.X360-ZTM.rar;https://archive.org/download/mx360gckx360-ztm/Just.Dance.2019.USA.X360-ZTM.rar;7.13 GiB;RAR;https://archive.org/download/mx360gckx360-ztm;RAR
Just.Dance.3.USA.X360-ZTM.rar;https://archive.org/download/mx360gckx360-ztm/Just.Dance.3.USA.X360-ZTM.rar;7.07 GiB;RAR;https://archive.org/download/mx360gckx360-ztm;RAR
Just.Dance.4.USA.X360-ZTM.rar;https://archive.org/download/mx360gckx360-ztm/Just.Dance.4.USA.X360-ZTM.rar;5.97 GiB;RAR;https://archive.org/download/mx360gckx360-ztm;RAR
Just.Dance.Disney.Party.1.USA.X360-ZTM.rar;https://archive.org/download/mx360gckx360-ztm/Just.Dance.Disney.Party.1.USA.X360-ZTM.rar;5.99 GiB;RAR;https://archive.org/download/mx360gckx360-ztm;RAR
Just.Dance.Disney.Party.2.USA.X360-ZTM.rar;https://archive.org/download/mx360gckx360-ztm/Just.Dance.Disney.Party.2.USA.X360-ZTM.rar;5.27 GiB;RAR;https://archive.org/download/mx360gckx360-ztm;RAR
Just.Dance.Greatest.Hits.USA.X360-ZTM.rar;https://archive.org/download/mx360gckx360-ztm/Just.Dance.Greatest.Hits.USA.X360-ZTM.rar;4.98 GiB;RAR;https://archive.org/download/mx360gckx360-ztm;RAR
Just.Dance.Kids.1.EUR.X360-ZTM.rar;https://archive.org/download/mx360gckx360-ztm/Just.Dance.Kids.1.EUR.X360-ZTM.rar;6.24 GiB;RAR;https://archive.org/download/mx360gckx360-ztm;RAR
Just.Dance.Kids.2.USA.X360-ZTM.rar;https://archive.org/download/mx360gckx360-ztm/Just.Dance.Kids.2.USA.X360-ZTM.rar;6.34 GiB;RAR;https://archive.org/download/mx360gckx360-ztm;RAR
Just.Dance.Kids.2014.USA.X360-ZTM.rar;https://archive.org/download/mx360gckx360-ztm/Just.Dance.Kids.2014.USA.X360-ZTM.rar;5.53 GiB;RAR;https://archive.org/download/mx360gckx360-ztm;RAR
Kinect.Adventures.EUR.X360-ZTM.rar;https://archive.org/download/mx360gckx360-ztm/Kinect.Adventures.EUR.X360-ZTM.rar;3.95 GiB;RAR;https://archive.org/download/mx360gckx360-ztm;RAR
Kinect.Joy.Ride.USA.X360-ZTM.rar;https://archive.org/download/mx360gckx360-ztm/Kinect.Joy.Ride.USA.X360-ZTM.rar;1.40 GiB;RAR;https://archive.org/download/mx360gckx360-ztm;RAR
Kinect.Nat.Geo.TV.USA.X360-ZTM.rar;https://archive.org/download/mx360gckx360-ztm/Kinect.Nat.Geo.TV.USA.X360-ZTM.rar;11.10 GiB;RAR;https://archive.org/download/mx360gckx360-ztm;RAR
Kinect.Rush.A.Disney.Pixar.Adventure.USA.X360-ZTM.rar;https://archive.org/download/mx360gckx360-ztm/Kinect.Rush.A.Disney.Pixar.Adventure.USA.X360-ZTM.rar;6.54 GiB;RAR;https://archive.org/download/mx360gckx360-ztm;RAR
Kinect.Sesame.Street.TV.USA.X360-ZTM.rar;https://archive.org/download/mx360gckx360-ztm/Kinect.Sesame.Street.TV.USA.X360-ZTM.rar;13.18 GiB;RAR;https://archive.org/download/mx360gckx360-ztm;RAR
Kinect.Sports.Season.1.EUR.X360-ZTM.rar;https://archive.org/download/mx360gckx360-ztm/Kinect.Sports.Season.1.EUR.X360-ZTM.rar;2.75 GiB;RAR;https://archive.org/download/mx360gckx360-ztm;RAR
Kinect.Sports.Season.2.USA.X360-ZTM.rar;https://archive.org/download/mx360gckx360-ztm/Kinect.Sports.Season.2.USA.X360-ZTM.rar;4.33 GiB;RAR;https://archive.org/download/mx360gckx360-ztm;RAR
Kinect.Star.Wars.USA.X360-ZTM.rar;https://archive.org/download/mx360gckx360-ztm/Kinect.Star.Wars.USA.X360-ZTM.rar;6.41 GiB;RAR;https://archive.org/download/mx360gckx360-ztm;RAR
Kinectimals.Now.With.Bears.USA.X360-ZTM.rar;https://archive.org/download/mx360gckx360-ztm/Kinectimals.Now.With.Bears.USA.X360-ZTM.rar;4.13 GiB;RAR;https://archive.org/download/mx360gckx360-ztm;RAR
Kung.Fu.High.Impact.USA.X360-ZTM.rar;https://archive.org/download/mx360gckx360-ztm/Kung.Fu.High.Impact.USA.X360-ZTM.rar;934.62 MiB;RAR;https://archive.org/download/mx360gckx360-ztm;RAR
Kung.Fu.Panda.2.USA.X360-ZTM.rar;https://archive.org/download/mx360gckx360-ztm/Kung.Fu.Panda.2.USA.X360-ZTM.rar;2.90 GiB;RAR;https://archive.org/download/mx360gckx360-ztm;RAR
Lets.Cheer.USA.X360-ZTM.rar;https://archive.org/download/mx360gckx360-ztm/Lets.Cheer.USA.X360-ZTM.rar;874.16 MiB;RAR;https://archive.org/download/mx360gckx360-ztm;RAR
Lets.Dance.USA.X360-ZTM.rar;https://archive.org/download/mx360gckx360-ztm/Lets.Dance.USA.X360-ZTM.rar;5.86 GiB;RAR;https://archive.org/download/mx360gckx360-ztm;RAR
Lets.Dance.With.Mel.B.EUR.X360-ZTM.rar;https://archive.org/download/mx360gckx360-ztm/Lets.Dance.With.Mel.B.EUR.X360-ZTM.rar;5.88 GiB;RAR;https://archive.org/download/mx360gckx360-ztm;RAR
Love.Tore.Bitter.JAP.X360-ZTM.rar;https://archive.org/download/mx360gckx360-ztm/Love.Tore.Bitter.JAP.X360-ZTM.rar;1.15 GiB;RAR;https://archive.org/download/mx360gckx360-ztm;RAR
Love.Tore.Mint.JAP.X360-ZTM.rar;https://archive.org/download/mx360gckx360-ztm/Love.Tore.Mint.JAP.X360-ZTM.rar;1.17 GiB;RAR;https://archive.org/download/mx360gckx360-ztm;RAR
Love.Tore.Sweet.JAP.X360-ZTM.rar;https://archive.org/download/mx360gckx360-ztm/Love.Tore.Sweet.JAP.X360-ZTM.rar;1.05 GiB;RAR;https://archive.org/download/mx360gckx360-ztm;RAR
Michael.Jackson.The.Experience.USA.X360-ZTM.rar;https://archive.org/download/mx360gckx360-ztm/Michael.Jackson.The.Experience.USA.X360-ZTM.rar;4.63 GiB;RAR;https://archive.org/download/mx360gckx360-ztm;RAR
Michael.Phelps.Push.The.Limit.USA.X360-ZTM.rar;https://archive.org/download/mx360gckx360-ztm/Michael.Phelps.Push.The.Limit.USA.X360-ZTM.rar;772.19 MiB;RAR;https://archive.org/download/mx360gckx360-ztm;RAR
Minute.To.Win.It.USA.X360-ZTM.rar;https://archive.org/download/mx360gckx360-ztm/Minute.To.Win.It.USA.X360-ZTM.rar;1.17 GiB;RAR;https://archive.org/download/mx360gckx360-ztm;RAR
Motion.Explosion.USA.X360-ZTM.rar;https://archive.org/download/mx360gckx360-ztm/Motion.Explosion.USA.X360-ZTM.rar;332.34 MiB;RAR;https://archive.org/download/mx360gckx360-ztm;RAR
MotionSports.Adrenaline.USA.X360-ZTM.rar;https://archive.org/download/mx360gckx360-ztm/MotionSports.Adrenaline.USA.X360-ZTM.rar;1.89 GiB;RAR;https://archive.org/download/mx360gckx360-ztm;RAR
MotionSports.USA.X360-ZTM.rar;https://archive.org/download/mx360gckx360-ztm/MotionSports.USA.X360-ZTM.rar;2.39 GiB;RAR;https://archive.org/download/mx360gckx360-ztm;RAR
My.Body.Coach.3.EUR.X360-ZTM.rar;https://archive.org/download/mx360gckx360-ztm/My.Body.Coach.3.EUR.X360-ZTM.rar;1.13 GiB;RAR;https://archive.org/download/mx360gckx360-ztm;RAR
NBA.Baller.Beats.USA.X360-ZTM.rar;https://archive.org/download/mx360gckx360-ztm/NBA.Baller.Beats.USA.X360-ZTM.rar;1.01 GiB;RAR;https://archive.org/download/mx360gckx360-ztm;RAR
Nickelodeon.Dance.1.USA.X360-ZTM.rar;https://archive.org/download/mx360gckx360-ztm/Nickelodeon.Dance.1.USA.X360-ZTM.rar;2.91 GiB;RAR;https://archive.org/download/mx360gckx360-ztm;RAR
Nickelodeon.Dance.2.USA.X360-ZTM.rar;https://archive.org/download/mx360gckx360-ztm/Nickelodeon.Dance.2.USA.X360-ZTM.rar;1.68 GiB;RAR;https://archive.org/download/mx360gckx360-ztm;RAR
Nicktoons.MLB.USA.X360-ZTM.rar;https://archive.org/download/mx360gckx360-ztm/Nicktoons.MLB.USA.X360-ZTM.rar;1.38 GiB;RAR;https://archive.org/download/mx360gckx360-ztm;RAR
Nike.Kinect.Training.USA.X360-ZTM.rar;https://archive.org/download/mx360gckx360-ztm/Nike.Kinect.Training.USA.X360-ZTM.rar;4.27 GiB;RAR;https://archive.org/download/mx360gckx360-ztm;RAR
Penguins.of.Madagascar.USA.X360-ZTM.rar;https://archive.org/download/mx360gckx360-ztm/Penguins.of.Madagascar.USA.X360-ZTM.rar;2.37 GiB;RAR;https://archive.org/download/mx360gckx360-ztm;RAR
Power.Rangers.Super.Samurai.USA.X360-ZTM.rar;https://archive.org/download/mx360gckx360-ztm/Power.Rangers.Super.Samurai.USA.X360-ZTM.rar;933.80 MiB;RAR;https://archive.org/download/mx360gckx360-ztm;RAR
Power.Up.Heroes.USA.X360-ZTM.rar;https://archive.org/download/mx360gckx360-ztm/Power.Up.Heroes.USA.X360-ZTM.rar;2.03 GiB;RAR;https://archive.org/download/mx360gckx360-ztm;RAR
Puss.In.Boots.USA.X360-ZTM.rar;https://archive.org/download/mx360gckx360-ztm/Puss.In.Boots.USA.X360-ZTM.rar;2.89 GiB;RAR;https://archive.org/download/mx360gckx360-ztm;RAR
Rabbids.Invasion.USA.X360-ZTM.rar;https://archive.org/download/mx360gckx360-ztm/Rabbids.Invasion.USA.X360-ZTM.rar;5.86 GiB;RAR;https://archive.org/download/mx360gckx360-ztm;RAR
Rapala.For.Kinect.USA.X360-ZTM.rar;https://archive.org/download/mx360gckx360-ztm/Rapala.For.Kinect.USA.X360-ZTM.rar;618.66 MiB;RAR;https://archive.org/download/mx360gckx360-ztm;RAR
Raving.Rabbids.Alive.&.Kicking.USA.X360-ZTM.rar;https://archive.org/download/mx360gckx360-ztm/Raving.Rabbids.Alive.&.Kicking.USA.X360-ZTM.rar;2.29 GiB;RAR;https://archive.org/download/mx360gckx360-ztm;RAR
Rise.of.Nightmares.USA.X360-ZTM.rar;https://archive.org/download/mx360gckx360-ztm/Rise.of.Nightmares.USA.X360-ZTM.rar;1.92 GiB;RAR;https://archive.org/download/mx360gckx360-ztm;RAR
Self.Defense.Training.Camp.USA.X360-ZTM.rar;https://archive.org/download/mx360gckx360-ztm/Self.Defense.Training.Camp.USA.X360-ZTM.rar;2.86 GiB;RAR;https://archive.org/download/mx360gckx360-ztm;RAR
Sesame.Street.Once.Upon.A.Monster.USA.X360-ZTM.rar;https://archive.org/download/mx360gckx360-ztm/Sesame.Street.Once.Upon.A.Monster.USA.X360-ZTM.rar;5.47 GiB;RAR;https://archive.org/download/mx360gckx360-ztm;RAR
Sonic.Free.Riders.USA.X360-ZTM.rar;https://archive.org/download/mx360gckx360-ztm/Sonic.Free.Riders.USA.X360-ZTM.rar;1.62 GiB;RAR;https://archive.org/download/mx360gckx360-ztm;RAR
SpongeBob.Surf.&.Skate.Roadtrip.USA.X360-ZTM.rar;https://archive.org/download/mx360gckx360-ztm/SpongeBob.Surf.&.Skate.Roadtrip.USA.X360-ZTM.rar;1005.18 MiB;RAR;https://archive.org/download/mx360gckx360-ztm;RAR
Steel.Battalion.Heavy.Armor.USA.X360-ZTM.rar;https://archive.org/download/mx360gckx360-ztm/Steel.Battalion.Heavy.Armor.USA.X360-ZTM.rar;4.93 GiB;RAR;https://archive.org/download/mx360gckx360-ztm;RAR
Top.Hand.Rodeo.Tour.USA.X360-ZTM.rar;https://archive.org/download/mx360gckx360-ztm/Top.Hand.Rodeo.Tour.USA.X360-ZTM.rar;688.74 MiB;RAR;https://archive.org/download/mx360gckx360-ztm;RAR
Twister.Mania.USA.X360-ZTM.rar;https://archive.org/download/mx360gckx360-ztm/Twister.Mania.USA.X360-ZTM.rar;230.84 MiB;RAR;https://archive.org/download/mx360gckx360-ztm;RAR
UFC.Personal.Trainer.USA.X360-ZTM.rar;https://archive.org/download/mx360gckx360-ztm/UFC.Personal.Trainer.USA.X360-ZTM.rar;4.96 GiB;RAR;https://archive.org/download/mx360gckx360-ztm;RAR
Victorious.Time.To.Shine.USA.X360-ZTM.rar;https://archive.org/download/mx360gckx360-ztm/Victorious.Time.To.Shine.USA.X360-ZTM.rar;732.30 MiB;RAR;https://archive.org/download/mx360gckx360-ztm;RAR
Winter.Stars.USA.X360-ZTM.rar;https://archive.org/download/mx360gckx360-ztm/Winter.Stars.USA.X360-ZTM.rar;2.86 GiB;RAR;https://archive.org/download/mx360gckx360-ztm;RAR
Wipeout.1.In.The.Zone.USA.X360-ZTM.rar;https://archive.org/download/mx360gckx360-ztm/Wipeout.1.In.The.Zone.USA.X360-ZTM.rar;792.66 MiB;RAR;https://archive.org/download/mx360gckx360-ztm;RAR
Wipeout.2.USA.X360-ZTM.rar;https://archive.org/download/mx360gckx360-ztm/Wipeout.2.USA.X360-ZTM.rar;777.03 MiB;RAR;https://archive.org/download/mx360gckx360-ztm;RAR
Wipeout.3.USA.X360-ZTM.rar;https://archive.org/download/mx360gckx360-ztm/Wipeout.3.USA.X360-ZTM.rar;890.83 MiB;RAR;https://archive.org/download/mx360gckx360-ztm;RAR
Yoostar.2.In.The.Movies.USA.X360-ZTM.rar;https://archive.org/download/mx360gckx360-ztm/Yoostar.2.In.The.Movies.USA.X360-ZTM.rar;4.87 GiB;RAR;https://archive.org/download/mx360gckx360-ztm;RAR
Yoostar.On.MTV.USA.X360-ZTM.rar;https://archive.org/download/mx360gckx360-ztm/Yoostar.On.MTV.USA.X360-ZTM.rar;6.18 GiB;RAR;https://archive.org/download/mx360gckx360-ztm;RAR
Your.Shape.Fitness.Evolved.2012.USA.X360-ZTM.rar;https://archive.org/download/mx360gckx360-ztm/Your.Shape.Fitness.Evolved.2012.USA.X360-ZTM.rar;3.57 GiB;RAR;https://archive.org/download/mx360gckx360-ztm;RAR
Your.Shape.Fitness.Evolved.JAP.X360-ZTM.rar;https://archive.org/download/mx360gckx360-ztm/Your.Shape.Fitness.Evolved.JAP.X360-ZTM.rar;1.39 GiB;RAR;https://archive.org/download/mx360gckx360-ztm;RAR
Your.Shape.Fitness.Evolved.USA.X360-ZTM.rar;https://archive.org/download/mx360gckx360-ztm/Your.Shape.Fitness.Evolved.USA.X360-ZTM.rar;2.37 GiB;RAR;https://archive.org/download/mx360gckx360-ztm;RAR
Zumba.Fitness.Core.USA.X360-ZTM.rar;https://archive.org/download/mx360gckx360-ztm/Zumba.Fitness.Core.USA.X360-ZTM.rar;2.28 GiB;RAR;https://archive.org/download/mx360gckx360-ztm;RAR
Zumba.Fitness.Rush.USA.X360-ZTM.rar;https://archive.org/download/mx360gckx360-ztm/Zumba.Fitness.Rush.USA.X360-ZTM.rar;2.08 GiB;RAR;https://archive.org/download/mx360gckx360-ztm;RAR
Zumba.Fitness.USA.X360-ZTM.rar;https://archive.org/download/mx360gckx360-ztm/Zumba.Fitness.USA.X360-ZTM.rar;3.57 GiB;RAR;https://archive.org/download/mx360gckx360-ztm;RAR
Zumba.Fitness.World.Party.USA.X360-ZTM.rar;https://archive.org/download/mx360gckx360-ztm/Zumba.Fitness.World.Party.USA.X360-ZTM.rar;7.13 GiB;RAR;https://archive.org/download/mx360gckx360-ztm;RAR
Zumba.Kids.USA.X360-ZTM.rar;https://archive.org/download/mx360gckx360-ztm/Zumba.Kids.USA.X360-ZTM.rar;7.48 GiB;RAR;https://archive.org/download/mx360gckx360-ztm;RAR
