2014 FIFA World Cup Brazil (Europe) (En,De,It);https://myrient.erista.me/files/Redump/Microsoft%20-%20Xbox%20360//2014%20FIFA%20World%20Cup%20Brazil%20(Europe)%20(En,De,It).zip
2014 FIFA World Cup Brazil (Europe) (Fr,Es,Nl);https://myrient.erista.me/files/Redump/Microsoft%20-%20Xbox%20360//2014%20FIFA%20World%20Cup%20Brazil%20(Europe)%20(Fr,Es,Nl).zip
2014 FIFA World Cup Brazil (Japan);https://myrient.erista.me/files/Redump/Microsoft%20-%20Xbox%20360//2014%20FIFA%20World%20Cup%20Brazil%20(Japan).zip
2014 FIFA World Cup Brazil (USA) (En,Fr,Es);https://myrient.erista.me/files/Redump/Microsoft%20-%20Xbox%20360//2014%20FIFA%20World%20Cup%20Brazil%20(USA)%20(En,Fr,Es).zip
Alien - Isolation (USA) (En,Fr,De,Es,It,Pt,Pl,Ru) (Disc 2);https://myrient.erista.me/files/Redump/Microsoft%20-%20Xbox%20360//Alien%20-%20Isolation%20(USA)%20(En,Fr,De,Es,It,Pt,Pl,Ru)%20(Disc%202).zip
Alien - Isolation (USA, Europe) (En,Fr,De,Es,It,Pt,Pl,Ru) (Disc 1);https://myrient.erista.me/files/Redump/Microsoft%20-%20Xbox%20360//Alien%20-%20Isolation%20(USA,%20Europe)%20(En,Fr,De,Es,It,Pt,Pl,Ru)%20(Disc%201).zip
Angry Birds Star Wars (USA) (En,Fr,De,Es,It,Pt);https://myrient.erista.me/files/Redump/Microsoft%20-%20Xbox%20360//Angry%20Birds%20Star%20Wars%20(USA)%20(En,Fr,De,Es,It,Pt).zip
Assassin's Creed - Brotherhood (USA, Europe) (En,Fr,De,Es,It,Nl,Pt,Sv,No,Da);https://myrient.erista.me/files/Redump/Microsoft%20-%20Xbox%20360//Assassin%27s%20Creed%20-%20Brotherhood%20(USA,%20Europe)%20(En,Fr,De,Es,It,Nl,Pt,Sv,No,Da).zip
Assassin's Creed - Revelations (USA, Europe) (En,Fr,De,Es,It,Nl,Pt,Sv,No,Da);https://myrient.erista.me/files/Redump/Microsoft%20-%20Xbox%20360//Assassin%27s%20Creed%20-%20Revelations%20(USA,%20Europe)%20(En,Fr,De,Es,It,Nl,Pt,Sv,No,Da).zip
Assassin's Creed - Rogue (USA, Europe) (En,Fr,De,Es,It,Nl,Pt,Pl);https://myrient.erista.me/files/Redump/Microsoft%20-%20Xbox%20360//Assassin%27s%20Creed%20-%20Rogue%20(USA,%20Europe)%20(En,Fr,De,Es,It,Nl,Pt,Pl).zip
Assassin's Creed III (Europe) (En,Fr,De,Es,It,Nl,Pt,Sv,No,Da,Fi) (Disc 1) (Rev 1);https://myrient.erista.me/files/Redump/Microsoft%20-%20Xbox%20360//Assassin%27s%20Creed%20III%20(Europe)%20(En,Fr,De,Es,It,Nl,Pt,Sv,No,Da,Fi)%20(Disc%201)%20(Rev%201).zip
Assassin's Creed III (Europe) (En,Fr,De,Es,It,Nl,Pt,Sv,No,Da,Fi) (Disc 1);https://myrient.erista.me/files/Redump/Microsoft%20-%20Xbox%20360//Assassin%27s%20Creed%20III%20(Europe)%20(En,Fr,De,Es,It,Nl,Pt,Sv,No,Da,Fi)%20(Disc%201).zip
Assassin's Creed III (Europe) (En,Fr,De,Es,It,Nl,Pt,Sv,No,Da,Fi) (Disc 2) (Rev 1);https://myrient.erista.me/files/Redump/Microsoft%20-%20Xbox%20360//Assassin%27s%20Creed%20III%20(Europe)%20(En,Fr,De,Es,It,Nl,Pt,Sv,No,Da,Fi)%20(Disc%202)%20(Rev%201).zip
Assassin's Creed III (Europe) (En,Fr,De,Es,It,Nl,Pt,Sv,No,Da,Fi) (Disc 2);https://myrient.erista.me/files/Redump/Microsoft%20-%20Xbox%20360//Assassin%27s%20Creed%20III%20(Europe)%20(En,Fr,De,Es,It,Nl,Pt,Sv,No,Da,Fi)%20(Disc%202).zip
Assassin's Creed III (USA) (En,Fr,Es,Pt) (Disc 1) (Single-player) (Rev 1);https://myrient.erista.me/files/Redump/Microsoft%20-%20Xbox%20360//Assassin%27s%20Creed%20III%20(USA)%20(En,Fr,Es,Pt)%20(Disc%201)%20(Single-player)%20(Rev%201).zip
Assassin's Creed III (USA) (En,Fr,Es,Pt) (Disc 1) (Single-player);https://myrient.erista.me/files/Redump/Microsoft%20-%20Xbox%20360//Assassin%27s%20Creed%20III%20(USA)%20(En,Fr,Es,Pt)%20(Disc%201)%20(Single-player).zip
Assassin's Creed III (USA) (En,Fr,Es,Pt) (Disc 2) (Multiplayer) (Rev 1);https://myrient.erista.me/files/Redump/Microsoft%20-%20Xbox%20360//Assassin%27s%20Creed%20III%20(USA)%20(En,Fr,Es,Pt)%20(Disc%202)%20(Multiplayer)%20(Rev%201).zip
Assassin's Creed III (USA) (En,Fr,Es,Pt) (Disc 2) (Multiplayer);https://myrient.erista.me/files/Redump/Microsoft%20-%20Xbox%20360//Assassin%27s%20Creed%20III%20(USA)%20(En,Fr,Es,Pt)%20(Disc%202)%20(Multiplayer).zip
Assassin's Creed IV - Black Flag (USA, Europe) (En,Fr,De,Es,It,Nl,Pt,Sv,No,Da,Fi) (Disc 1);https://myrient.erista.me/files/Redump/Microsoft%20-%20Xbox%20360//Assassin%27s%20Creed%20IV%20-%20Black%20Flag%20(USA,%20Europe)%20(En,Fr,De,Es,It,Nl,Pt,Sv,No,Da,Fi)%20(Disc%201).zip
Assassin's Creed IV - Black Flag (USA, Europe) (En,Fr,De,Es,It,Nl,Pt,Sv,No,Da,Fi) (Disc 2);https://myrient.erista.me/files/Redump/Microsoft%20-%20Xbox%20360//Assassin%27s%20Creed%20IV%20-%20Black%20Flag%20(USA,%20Europe)%20(En,Fr,De,Es,It,Nl,Pt,Sv,No,Da,Fi)%20(Disc%202).zip
Atsumare! Pinata (Japan) (En,Ja,Fr,De,Es,It,Nl,Pt,Sv,No,Zh,Ko,Pl,Cs,Hu,Sk);https://myrient.erista.me/files/Redump/Microsoft%20-%20Xbox%20360//Atsumare!%20Pinata%20(Japan)%20(En,Ja,Fr,De,Es,It,Nl,Pt,Sv,No,Zh,Ko,Pl,Cs,Hu,Sk).zip
Batman - Arkham City (World) (En,Ja,Fr,De,Es,It,Pt,Ko,Pl,Ru);https://myrient.erista.me/files/Redump/Microsoft%20-%20Xbox%20360//Batman%20-%20Arkham%20City%20(World)%20(En,Ja,Fr,De,Es,It,Pt,Ko,Pl,Ru).zip
Batman - Arkham City - Game of the Year Edition (USA, Europe) (En,Ja,Fr,De,Es,It,Pt,Ko,Pl,Ru) (Disc 1);https://myrient.erista.me/files/Redump/Microsoft%20-%20Xbox%20360//Batman%20-%20Arkham%20City%20-%20Game%20of%20the%20Year%20Edition%20(USA,%20Europe)%20(En,Ja,Fr,De,Es,It,Pt,Ko,Pl,Ru)%20(Disc%201).zip
Batman - Arkham City - Game of the Year Edition (USA, Europe) (En,Ja,Fr,De,Es,It,Pt,Ko,Pl,Ru) (Disc 2);https://myrient.erista.me/files/Redump/Microsoft%20-%20Xbox%20360//Batman%20-%20Arkham%20City%20-%20Game%20of%20the%20Year%20Edition%20(USA,%20Europe)%20(En,Ja,Fr,De,Es,It,Pt,Ko,Pl,Ru)%20(Disc%202).zip
Batman - Arkham Origins (Brazil) (En,Es,Pt) (Disco 1);https://myrient.erista.me/files/Redump/Microsoft%20-%20Xbox%20360//Batman%20-%20Arkham%20Origins%20(Brazil)%20(En,Es,Pt)%20(Disco%201).zip
Batman - Arkham Origins (Brazil) (En,Es,Pt) (Disco 2);https://myrient.erista.me/files/Redump/Microsoft%20-%20Xbox%20360//Batman%20-%20Arkham%20Origins%20(Brazil)%20(En,Es,Pt)%20(Disco%202).zip
Batman - The Telltale Series (USA) (En,Fr,De,Es,Pt,Zh,Ru);https://myrient.erista.me/files/Redump/Microsoft%20-%20Xbox%20360//Batman%20-%20The%20Telltale%20Series%20(USA)%20(En,Fr,De,Es,Pt,Zh,Ru).zip
Battlefield 4 (USA, Europe) (En,Fr,De,Es,It,Pt,Pl,Ru,Cs) (Disc 1);https://myrient.erista.me/files/Redump/Microsoft%20-%20Xbox%20360//Battlefield%204%20(USA,%20Europe)%20(En,Fr,De,Es,It,Pt,Pl,Ru,Cs)%20(Disc%201).zip
Battlefield 4 (USA, Europe) (En,Fr,De,Es,It,Pt,Pl,Ru,Cs) (Disc 2);https://myrient.erista.me/files/Redump/Microsoft%20-%20Xbox%20360//Battlefield%204%20(USA,%20Europe)%20(En,Fr,De,Es,It,Pt,Pl,Ru,Cs)%20(Disc%202).zip
Battlefield Hardline (USA, Europe) (En,Ja,Fr,De,Es,It,Pt,Pl,Ru) (Disc 1) (Install-Multiplayer);https://myrient.erista.me/files/Redump/Microsoft%20-%20Xbox%20360//Battlefield%20Hardline%20(USA,%20Europe)%20(En,Ja,Fr,De,Es,It,Pt,Pl,Ru)%20(Disc%201)%20(Install-Multiplayer).zip
Battlefield Hardline (USA, Europe) (En,Ja,Fr,De,Es,It,Pt,Pl,Ru) (Disc 2) (Single Player);https://myrient.erista.me/files/Redump/Microsoft%20-%20Xbox%20360//Battlefield%20Hardline%20(USA,%20Europe)%20(En,Ja,Fr,De,Es,It,Pt,Pl,Ru)%20(Disc%202)%20(Single%20Player).zip
Call of Duty - Advanced Warfare (Brazil) (Disco do Jogo);https://myrient.erista.me/files/Redump/Microsoft%20-%20Xbox%20360//Call%20of%20Duty%20-%20Advanced%20Warfare%20(Brazil)%20(Disco%20do%20Jogo).zip
Call of Duty - Black Ops II (Brazil);https://myrient.erista.me/files/Redump/Microsoft%20-%20Xbox%20360//Call%20of%20Duty%20-%20Black%20Ops%20II%20(Brazil).zip
Call of Duty - Black Ops III (USA, Europe) (En,Fr,De,Es,It,Pt,Pl,Ru);https://myrient.erista.me/files/Redump/Microsoft%20-%20Xbox%20360//Call%20of%20Duty%20-%20Black%20Ops%20III%20(USA,%20Europe)%20(En,Fr,De,Es,It,Pt,Pl,Ru).zip
Call of Duty - Ghosts (Brazil) (Disco 1) (Disco do Jogo);https://myrient.erista.me/files/Redump/Microsoft%20-%20Xbox%20360//Call%20of%20Duty%20-%20Ghosts%20(Brazil)%20(Disco%201)%20(Disco%20do%20Jogo).zip
Call of Duty - Ghosts (USA, Europe) (En,Fr,De,Es,It,Pt,Pl,Ru) (Disc 2) (Install Disc);https://myrient.erista.me/files/Redump/Microsoft%20-%20Xbox%20360//Call%20of%20Duty%20-%20Ghosts%20(USA,%20Europe)%20(En,Fr,De,Es,It,Pt,Pl,Ru)%20(Disc%202)%20(Install%20Disc).zip
Castlevania - Lords of Shadow 2 (USA) (En,Fr,De,Es,It,Pt);https://myrient.erista.me/files/Redump/Microsoft%20-%20Xbox%20360//Castlevania%20-%20Lords%20of%20Shadow%202%20(USA)%20(En,Fr,De,Es,It,Pt).zip
Copa do Mundo da FIFA Brasil 2014 (Brazil) (En,Pt);https://myrient.erista.me/files/Redump/Microsoft%20-%20Xbox%20360//Copa%20do%20Mundo%20da%20FIFA%20Brasil%202014%20(Brazil)%20(En,Pt).zip
Dark Souls II - Scholar of the First Sin (USA, Europe) (En,Fr,Es,Pt) (Disc 1);https://myrient.erista.me/files/Redump/Microsoft%20-%20Xbox%20360//Dark%20Souls%20II%20-%20Scholar%20of%20the%20First%20Sin%20(USA,%20Europe)%20(En,Fr,Es,Pt)%20(Disc%201).zip
Dark Souls II - Scholar of the First Sin (USA, Europe) (En,Fr,Es,Pt) (Disc 2);https://myrient.erista.me/files/Redump/Microsoft%20-%20Xbox%20360//Dark%20Souls%20II%20-%20Scholar%20of%20the%20First%20Sin%20(USA,%20Europe)%20(En,Fr,Es,Pt)%20(Disc%202).zip
Diablo III (Brazil) (Es,Pt);https://myrient.erista.me/files/Redump/Microsoft%20-%20Xbox%20360//Diablo%20III%20(Brazil)%20(Es,Pt).zip
Diablo III - Reaper of Souls - Ultimate Evil Edition (Brazil);https://myrient.erista.me/files/Redump/Microsoft%20-%20Xbox%20360//Diablo%20III%20-%20Reaper%20of%20Souls%20-%20Ultimate%20Evil%20Edition%20(Brazil).zip
Disney DuckTales - Remastered (USA) (En,Fr,De,Es,It,Pt);https://myrient.erista.me/files/Redump/Microsoft%20-%20Xbox%20360//Disney%20DuckTales%20-%20Remastered%20(USA)%20(En,Fr,De,Es,It,Pt).zip
Disney Epic Mickey 2 - The Power of Two (USA, Europe) (En,Fr,Es,Nl,Pt);https://myrient.erista.me/files/Redump/Microsoft%20-%20Xbox%20360//Disney%20Epic%20Mickey%202%20-%20The%20Power%20of%20Two%20(USA,%20Europe)%20(En,Fr,Es,Nl,Pt).zip
Disney Infinity (USA) (En,Fr,Es,Pt);https://myrient.erista.me/files/Redump/Microsoft%20-%20Xbox%20360//Disney%20Infinity%20(USA)%20(En,Fr,Es,Pt).zip
Disney Infinity 2.0 Edition (USA) (En,Fr,Es,Pt);https://myrient.erista.me/files/Redump/Microsoft%20-%20Xbox%20360//Disney%20Infinity%202.0%20Edition%20(USA)%20(En,Fr,Es,Pt).zip
Disney-Pixar Cars 3 - Driven to Win (USA) (En,Fr,De,Es,It,Nl,Pt,Pl,Ru);https://myrient.erista.me/files/Redump/Microsoft%20-%20Xbox%20360//Disney-Pixar%20Cars%203%20-%20Driven%20to%20Win%20(USA)%20(En,Fr,De,Es,It,Nl,Pt,Pl,Ru).zip
Disney-Pixar Ratatouille (Europe) (Fr,De,Es,Nl,Pt);https://myrient.erista.me/files/Redump/Microsoft%20-%20Xbox%20360//Disney-Pixar%20Ratatouille%20(Europe)%20(Fr,De,Es,Nl,Pt).zip
DmC - Devil May Cry (USA, Europe) (En,Fr,De,Es,It,Nl,Pt,Pl,Ru);https://myrient.erista.me/files/Redump/Microsoft%20-%20Xbox%20360//DmC%20-%20Devil%20May%20Cry%20(USA,%20Europe)%20(En,Fr,De,Es,It,Nl,Pt,Pl,Ru).zip
Dragon Age - Inquisition (Brazil) (En,Pt) (Disco 1);https://myrient.erista.me/files/Redump/Microsoft%20-%20Xbox%20360//Dragon%20Age%20-%20Inquisition%20(Brazil)%20(En,Pt)%20(Disco%201).zip
Dragon Age - Inquisition (Brazil) (En,Pt) (Disco 2);https://myrient.erista.me/files/Redump/Microsoft%20-%20Xbox%20360//Dragon%20Age%20-%20Inquisition%20(Brazil)%20(En,Pt)%20(Disco%202).zip
Enemy Front (USA, Europe) (En,Fr,De,Es,It,Pt,Pl,Ru);https://myrient.erista.me/files/Redump/Microsoft%20-%20Xbox%20360//Enemy%20Front%20(USA,%20Europe)%20(En,Fr,De,Es,It,Pt,Pl,Ru).zip
F.E.A.R. 3 (USA, Europe) (En,Ja,Fr,De,Es,It,Pt,Ko,Pl,Ru);https://myrient.erista.me/files/Redump/Microsoft%20-%20Xbox%20360//F.E.A.R.%203%20(USA,%20Europe)%20(En,Ja,Fr,De,Es,It,Pt,Ko,Pl,Ru).zip
F1 2011 (Brazil) (En,Pt);https://myrient.erista.me/files/Redump/Microsoft%20-%20Xbox%20360//F1%202011%20(Brazil)%20(En,Pt).zip
F1 2012 (Brazil) (En,Pt);https://myrient.erista.me/files/Redump/Microsoft%20-%20Xbox%20360//F1%202012%20(Brazil)%20(En,Pt).zip
F1 2013 (Brazil) (En,Pt);https://myrient.erista.me/files/Redump/Microsoft%20-%20Xbox%20360//F1%202013%20(Brazil)%20(En,Pt).zip
F1 2014 (Brazil) (En,Pt);https://myrient.erista.me/files/Redump/Microsoft%20-%20Xbox%20360//F1%202014%20(Brazil)%20(En,Pt).zip
F1 Race Stars (USA, Europe) (En,Fr,De,Es,It,Pt,Pl);https://myrient.erista.me/files/Redump/Microsoft%20-%20Xbox%20360//F1%20Race%20Stars%20(USA,%20Europe)%20(En,Fr,De,Es,It,Pt,Pl).zip
FIFA 07 (Europe) (Es,Pt);https://myrient.erista.me/files/Redump/Microsoft%20-%20Xbox%20360//FIFA%2007%20(Europe)%20(Es,Pt).zip
FIFA 13 (Brazil) (En,Pt);https://myrient.erista.me/files/Redump/Microsoft%20-%20Xbox%20360//FIFA%2013%20(Brazil)%20(En,Pt).zip
FIFA 14 (Brazil) (En,Pt);https://myrient.erista.me/files/Redump/Microsoft%20-%20Xbox%20360//FIFA%2014%20(Brazil)%20(En,Pt).zip
FIFA 14 (Europe) (En,Es,Pt,Sv,No,Da);https://myrient.erista.me/files/Redump/Microsoft%20-%20Xbox%20360//FIFA%2014%20(Europe)%20(En,Es,Pt,Sv,No,Da).zip
FIFA 15 (Brazil) (En,Pt);https://myrient.erista.me/files/Redump/Microsoft%20-%20Xbox%20360//FIFA%2015%20(Brazil)%20(En,Pt).zip
FIFA 15 (Europe) (En,Es,Pt,Sv,No,Da);https://myrient.erista.me/files/Redump/Microsoft%20-%20Xbox%20360//FIFA%2015%20(Europe)%20(En,Es,Pt,Sv,No,Da).zip
FIFA 16 (Brazil) (En,Pt);https://myrient.erista.me/files/Redump/Microsoft%20-%20Xbox%20360//FIFA%2016%20(Brazil)%20(En,Pt).zip
FIFA 16 (Europe) (En,Es,Pt,Sv,No,Da);https://myrient.erista.me/files/Redump/Microsoft%20-%20Xbox%20360//FIFA%2016%20(Europe)%20(En,Es,Pt,Sv,No,Da).zip
FIFA 17 (Brazil) (En,Pt);https://myrient.erista.me/files/Redump/Microsoft%20-%20Xbox%20360//FIFA%2017%20(Brazil)%20(En,Pt).zip
FIFA 17 (Europe) (En,Es,Pt,Sv,No,Da);https://myrient.erista.me/files/Redump/Microsoft%20-%20Xbox%20360//FIFA%2017%20(Europe)%20(En,Es,Pt,Sv,No,Da).zip
FIFA 18 (Brazil) (En,Pt);https://myrient.erista.me/files/Redump/Microsoft%20-%20Xbox%20360//FIFA%2018%20(Brazil)%20(En,Pt).zip
FIFA 19 - Edicao Legacy (Brazil) (En,Pt);https://myrient.erista.me/files/Redump/Microsoft%20-%20Xbox%20360//FIFA%2019%20-%20Edicao%20Legacy%20(Brazil)%20(En,Pt).zip
Fable - The Journey (Europe) (En,It,Pt);https://myrient.erista.me/files/Redump/Microsoft%20-%20Xbox%20360//Fable%20-%20The%20Journey%20(Europe)%20(En,It,Pt).zip
Fable Anniversary (USA, Europe) (En,Fr,Es,Pt);https://myrient.erista.me/files/Redump/Microsoft%20-%20Xbox%20360//Fable%20Anniversary%20(USA,%20Europe)%20(En,Fr,Es,Pt).zip
Falling Skies - The Game (Brazil) (En,Fr,Es,Pt);https://myrient.erista.me/files/Redump/Microsoft%20-%20Xbox%20360//Falling%20Skies%20-%20The%20Game%20(Brazil)%20(En,Fr,Es,Pt).zip
Far Cry 3 (USA, Europe) (En,Fr,De,Es,It,Nl,Pt,Sv,No,Da);https://myrient.erista.me/files/Redump/Microsoft%20-%20Xbox%20360//Far%20Cry%203%20(USA,%20Europe)%20(En,Fr,De,Es,It,Nl,Pt,Sv,No,Da).zip
Forza Horizon (Asia) (En,Ja,Fr,De,Es,It,Pt,Zh,Ko,Pl,Ru);https://myrient.erista.me/files/Redump/Microsoft%20-%20Xbox%20360//Forza%20Horizon%20(Asia)%20(En,Ja,Fr,De,Es,It,Pt,Zh,Ko,Pl,Ru).zip
Forza Horizon (USA) (En,Ja,Fr,De,Es,It,Pt,Zh,Pl,Ru);https://myrient.erista.me/files/Redump/Microsoft%20-%20Xbox%20360//Forza%20Horizon%20(USA)%20(En,Ja,Fr,De,Es,It,Pt,Zh,Pl,Ru).zip
Forza Horizon 2 (Europe) (En,Ja,Fr,De,Es,It,Pt,Zh,Pl,Ru);https://myrient.erista.me/files/Redump/Microsoft%20-%20Xbox%20360//Forza%20Horizon%202%20(Europe)%20(En,Ja,Fr,De,Es,It,Pt,Zh,Pl,Ru).zip
Forza Horizon 2 (USA) (En,Ja,Fr,De,Es,It,Pt,Zh,Pl,Ru);https://myrient.erista.me/files/Redump/Microsoft%20-%20Xbox%20360//Forza%20Horizon%202%20(USA)%20(En,Ja,Fr,De,Es,It,Pt,Zh,Pl,Ru).zip
Forza Motorsport 4 (Europe) (En,Ja,Fr,De,Es,It,Nl,Pt,Zh,Ko,Pl,Ru,Cs,Hu) (Disc 1) (Play Disc) (Rev 1);https://myrient.erista.me/files/Redump/Microsoft%20-%20Xbox%20360//Forza%20Motorsport%204%20(Europe)%20(En,Ja,Fr,De,Es,It,Nl,Pt,Zh,Ko,Pl,Ru,Cs,Hu)%20(Disc%201)%20(Play%20Disc)%20(Rev%201).zip
Forza Motorsport 4 (Europe) (En,Ja,Fr,De,Es,It,Nl,Pt,Zh,Ko,Pl,Ru,Cs,Hu) (Disc 1) (Play Disc);https://myrient.erista.me/files/Redump/Microsoft%20-%20Xbox%20360//Forza%20Motorsport%204%20(Europe)%20(En,Ja,Fr,De,Es,It,Nl,Pt,Zh,Ko,Pl,Ru,Cs,Hu)%20(Disc%201)%20(Play%20Disc).zip
Forza Motorsport 4 (Europe) (En,Ja,Fr,De,Es,It,Nl,Pt,Zh,Ko,Pl,Ru,Cs,Hu) (Disc 2) (Content Install Disc) (Rev 1);https://myrient.erista.me/files/Redump/Microsoft%20-%20Xbox%20360//Forza%20Motorsport%204%20(Europe)%20(En,Ja,Fr,De,Es,It,Nl,Pt,Zh,Ko,Pl,Ru,Cs,Hu)%20(Disc%202)%20(Content%20Install%20Disc)%20(Rev%201).zip
Forza Motorsport 4 (Europe) (En,Ja,Fr,De,Es,It,Nl,Pt,Zh,Ko,Pl,Ru,Cs,Hu) (Disc 2) (Content Install Disc);https://myrient.erista.me/files/Redump/Microsoft%20-%20Xbox%20360//Forza%20Motorsport%204%20(Europe)%20(En,Ja,Fr,De,Es,It,Nl,Pt,Zh,Ko,Pl,Ru,Cs,Hu)%20(Disc%202)%20(Content%20Install%20Disc).zip
Forza Motorsport 4 (USA) (En,Ja,Fr,De,Es,It,Nl,Pt,Zh,Ko,Pl,Ru,Cs,Hu) (Disc 1) (Play Disc);https://myrient.erista.me/files/Redump/Microsoft%20-%20Xbox%20360//Forza%20Motorsport%204%20(USA)%20(En,Ja,Fr,De,Es,It,Nl,Pt,Zh,Ko,Pl,Ru,Cs,Hu)%20(Disc%201)%20(Play%20Disc).zip
Forza Motorsport 4 (USA) (En,Ja,Fr,De,Es,It,Nl,Pt,Zh,Ko,Pl,Ru,Cs,Hu) (Disc 2) (Content Install Disc);https://myrient.erista.me/files/Redump/Microsoft%20-%20Xbox%20360//Forza%20Motorsport%204%20(USA)%20(En,Ja,Fr,De,Es,It,Nl,Pt,Zh,Ko,Pl,Ru,Cs,Hu)%20(Disc%202)%20(Content%20Install%20Disc).zip
Game Demos - Just for Fun! (USA, Brazil);https://myrient.erista.me/files/Redump/Microsoft%20-%20Xbox%20360//Game%20Demos%20-%20Just%20for%20Fun!%20(USA,%20Brazil).zip
Gears of War - Judgment (Japan) (En,Ja,Pt);https://myrient.erista.me/files/Redump/Microsoft%20-%20Xbox%20360//Gears%20of%20War%20-%20Judgment%20(Japan)%20(En,Ja,Pt).zip
Gears of War 3 (World) (En,Fr,Pt,Zh,Ko,Pl,Ru,Cs,Hu);https://myrient.erista.me/files/Redump/Microsoft%20-%20Xbox%20360//Gears%20of%20War%203%20(World)%20(En,Fr,Pt,Zh,Ko,Pl,Ru,Cs,Hu).zip
Grand Theft Auto V (World) (En,Fr,De,Es,It,Pt,Zh,Ko,Pl,Ru) (Disc 1) (Install);https://myrient.erista.me/files/Redump/Microsoft%20-%20Xbox%20360//Grand%20Theft%20Auto%20V%20(World)%20(En,Fr,De,Es,It,Pt,Zh,Ko,Pl,Ru)%20(Disc%201)%20(Install).zip
Grand Theft Auto V (World) (En,Fr,De,Es,It,Pt,Zh,Ko,Pl,Ru) (Disc 2) (Play);https://myrient.erista.me/files/Redump/Microsoft%20-%20Xbox%20360//Grand%20Theft%20Auto%20V%20(World)%20(En,Fr,De,Es,It,Pt,Zh,Ko,Pl,Ru)%20(Disc%202)%20(Play).zip
Green Lantern - Rise of the Manhunters (USA) (En,Fr,Es,Pt);https://myrient.erista.me/files/Redump/Microsoft%20-%20Xbox%20360//Green%20Lantern%20-%20Rise%20of%20the%20Manhunters%20(USA)%20(En,Fr,Es,Pt).zip
Grid 2 (USA, Europe) (En,Fr,Es,Pt);https://myrient.erista.me/files/Redump/Microsoft%20-%20Xbox%20360//Grid%202%20(USA,%20Europe)%20(En,Fr,Es,Pt).zip
Grid Autosport (USA, Europe) (En,Fr,De,Es,It,Pt,Pl,Ru);https://myrient.erista.me/files/Redump/Microsoft%20-%20Xbox%20360//Grid%20Autosport%20(USA,%20Europe)%20(En,Fr,De,Es,It,Pt,Pl,Ru).zip
Halo - Combat Evolved Anniversary (World) (En,Ja,Fr,De,Es,It,Pt,Zh,Ko);https://myrient.erista.me/files/Redump/Microsoft%20-%20Xbox%20360//Halo%20-%20Combat%20Evolved%20Anniversary%20(World)%20(En,Ja,Fr,De,Es,It,Pt,Zh,Ko).zip
Halo - Reach (Brazil) (En,Ja,Fr,De,Es,It,Pt,Zh,Ko);https://myrient.erista.me/files/Redump/Microsoft%20-%20Xbox%20360//Halo%20-%20Reach%20(Brazil)%20(En,Ja,Fr,De,Es,It,Pt,Zh,Ko).zip
Halo - Reach (Europe, Canada) (En,Ja,Fr,De,Es,It,Pt,Zh,Ko);https://myrient.erista.me/files/Redump/Microsoft%20-%20Xbox%20360//Halo%20-%20Reach%20(Europe,%20Canada)%20(En,Ja,Fr,De,Es,It,Pt,Zh,Ko).zip
Halo - Reach (Germany) (En,Ja,Fr,De,Es,It,Pt,Zh,Ko);https://myrient.erista.me/files/Redump/Microsoft%20-%20Xbox%20360//Halo%20-%20Reach%20(Germany)%20(En,Ja,Fr,De,Es,It,Pt,Zh,Ko).zip
Halo - Reach (Italy) (En,Ja,Fr,De,Es,It,Pt,Zh,Ko);https://myrient.erista.me/files/Redump/Microsoft%20-%20Xbox%20360//Halo%20-%20Reach%20(Italy)%20(En,Ja,Fr,De,Es,It,Pt,Zh,Ko).zip
Halo - Reach (Japan) (En,Ja,Fr,De,Es,It,Pt,Zh,Ko);https://myrient.erista.me/files/Redump/Microsoft%20-%20Xbox%20360//Halo%20-%20Reach%20(Japan)%20(En,Ja,Fr,De,Es,It,Pt,Zh,Ko).zip
Halo - Reach (Spain) (En,Ja,Fr,De,Es,It,Pt,Zh,Ko);https://myrient.erista.me/files/Redump/Microsoft%20-%20Xbox%20360//Halo%20-%20Reach%20(Spain)%20(En,Ja,Fr,De,Es,It,Pt,Zh,Ko).zip
Halo - Reach (USA) (En,Ja,Fr,De,Es,It,Pt,Zh,Ko) (Beta) (Rev 1);https://myrient.erista.me/files/Redump/Microsoft%20-%20Xbox%20360//Halo%20-%20Reach%20(USA)%20(En,Ja,Fr,De,Es,It,Pt,Zh,Ko)%20(Beta)%20(Rev%201).zip
Halo - Reach (World) (En,Ja,Fr,De,Es,It,Pt,Zh,Ko);https://myrient.erista.me/files/Redump/Microsoft%20-%20Xbox%20360//Halo%20-%20Reach%20(World)%20(En,Ja,Fr,De,Es,It,Pt,Zh,Ko).zip
Halo 3 (Brazil) (En,Ja,Fr,De,Es,It,Pt,Zh,Ko);https://myrient.erista.me/files/Redump/Microsoft%20-%20Xbox%20360//Halo%203%20(Brazil)%20(En,Ja,Fr,De,Es,It,Pt,Zh,Ko).zip
Halo 3 (Europe, Canada) (En,Ja,Fr,De,Es,It,Pt,Zh,Ko);https://myrient.erista.me/files/Redump/Microsoft%20-%20Xbox%20360//Halo%203%20(Europe,%20Canada)%20(En,Ja,Fr,De,Es,It,Pt,Zh,Ko).zip
Halo 3 (Germany) (En,Ja,Fr,De,Es,It,Pt,Zh,Ko);https://myrient.erista.me/files/Redump/Microsoft%20-%20Xbox%20360//Halo%203%20(Germany)%20(En,Ja,Fr,De,Es,It,Pt,Zh,Ko).zip
Halo 3 (Italy) (En,Ja,Fr,De,Es,It,Pt,Zh,Ko);https://myrient.erista.me/files/Redump/Microsoft%20-%20Xbox%20360//Halo%203%20(Italy)%20(En,Ja,Fr,De,Es,It,Pt,Zh,Ko).zip
Halo 3 (Japan) (En,Ja,Fr,De,Es,It,Pt,Zh,Ko);https://myrient.erista.me/files/Redump/Microsoft%20-%20Xbox%20360//Halo%203%20(Japan)%20(En,Ja,Fr,De,Es,It,Pt,Zh,Ko).zip
Halo 3 (Spain) (En,Ja,Fr,De,Es,It,Pt,Zh,Ko);https://myrient.erista.me/files/Redump/Microsoft%20-%20Xbox%20360//Halo%203%20(Spain)%20(En,Ja,Fr,De,Es,It,Pt,Zh,Ko).zip
Halo 3 (USA, Europe) (En,Ja,Fr,De,Es,It,Pt,Zh,Ko);https://myrient.erista.me/files/Redump/Microsoft%20-%20Xbox%20360//Halo%203%20(USA,%20Europe)%20(En,Ja,Fr,De,Es,It,Pt,Zh,Ko).zip
Halo 3 - Essentials (USA, Japan) (En,Ja,Fr,De,Es,It,Pt,Zh,Ko) (Disc 1);https://myrient.erista.me/files/Redump/Microsoft%20-%20Xbox%20360//Halo%203%20-%20Essentials%20(USA,%20Japan)%20(En,Ja,Fr,De,Es,It,Pt,Zh,Ko)%20(Disc%201).zip
Halo 3 - ODST (Brazil) (En,Ja,Fr,De,Es,It,Pt,Zh,Ko) (Disco 1) (Campanha);https://myrient.erista.me/files/Redump/Microsoft%20-%20Xbox%20360//Halo%203%20-%20ODST%20(Brazil)%20(En,Ja,Fr,De,Es,It,Pt,Zh,Ko)%20(Disco%201)%20(Campanha).zip
Halo 3 - ODST (Europe, Australia) (En,Ja,Fr,De,Es,It,Pt,Zh,Ko) (Disc 1) (Campaign);https://myrient.erista.me/files/Redump/Microsoft%20-%20Xbox%20360//Halo%203%20-%20ODST%20(Europe,%20Australia)%20(En,Ja,Fr,De,Es,It,Pt,Zh,Ko)%20(Disc%201)%20(Campaign).zip
Halo 3 - ODST (Germany) (En,Ja,Fr,De,Es,It,Pt,Zh,Ko) (Disc 1) (Campaign);https://myrient.erista.me/files/Redump/Microsoft%20-%20Xbox%20360//Halo%203%20-%20ODST%20(Germany)%20(En,Ja,Fr,De,Es,It,Pt,Zh,Ko)%20(Disc%201)%20(Campaign).zip
Halo 3 - ODST (Italy) (En,Ja,Fr,De,Es,It,Pt,Zh,Ko) (Campaign);https://myrient.erista.me/files/Redump/Microsoft%20-%20Xbox%20360//Halo%203%20-%20ODST%20(Italy)%20(En,Ja,Fr,De,Es,It,Pt,Zh,Ko)%20(Campaign).zip
Halo 3 - ODST (Japan) (En,Ja,Fr,De,Es,It,Pt,Zh,Ko) (Disc 1) (Campaign);https://myrient.erista.me/files/Redump/Microsoft%20-%20Xbox%20360//Halo%203%20-%20ODST%20(Japan)%20(En,Ja,Fr,De,Es,It,Pt,Zh,Ko)%20(Disc%201)%20(Campaign).zip
Halo 3 - ODST (Japan, Europe) (En,Ja,Fr,De,Es,It,Pt,Zh,Ko) (Disc 2) (Multiplayer);https://myrient.erista.me/files/Redump/Microsoft%20-%20Xbox%20360//Halo%203%20-%20ODST%20(Japan,%20Europe)%20(En,Ja,Fr,De,Es,It,Pt,Zh,Ko)%20(Disc%202)%20(Multiplayer).zip
Halo 3 - ODST (USA) (En,Ja,Fr,De,Es,It,Pt,Zh,Ko) (Disc 1) (Campaign);https://myrient.erista.me/files/Redump/Microsoft%20-%20Xbox%20360//Halo%203%20-%20ODST%20(USA)%20(En,Ja,Fr,De,Es,It,Pt,Zh,Ko)%20(Disc%201)%20(Campaign).zip
Halo 3 - ODST (USA, Brazil) (En,Ja,Fr,De,Es,It,Pt,Zh,Ko) (Disc 2) (Multiplayer);https://myrient.erista.me/files/Redump/Microsoft%20-%20Xbox%20360//Halo%203%20-%20ODST%20(USA,%20Brazil)%20(En,Ja,Fr,De,Es,It,Pt,Zh,Ko)%20(Disc%202)%20(Multiplayer).zip
Halo 4 (Brazil) (En,Ja,Fr,De,Es,It,Nl,Pt,No,Da,Fi,Zh,Ko,Pl,Ru) (Disco 1);https://myrient.erista.me/files/Redump/Microsoft%20-%20Xbox%20360//Halo%204%20(Brazil)%20(En,Ja,Fr,De,Es,It,Nl,Pt,No,Da,Fi,Zh,Ko,Pl,Ru)%20(Disco%201).zip
Halo 4 (Germany) (En,Ja,Fr,De,Es,It,Nl,Pt,No,Da,Fi,Zh,Ko,Pl,Ru) (Disc 1);https://myrient.erista.me/files/Redump/Microsoft%20-%20Xbox%20360//Halo%204%20(Germany)%20(En,Ja,Fr,De,Es,It,Nl,Pt,No,Da,Fi,Zh,Ko,Pl,Ru)%20(Disc%201).zip
Halo 4 (Italy) (En,Ja,Fr,De,Es,It,Nl,Pt,No,Da,Fi,Zh,Ko,Pl,Ru) (Disc 1);https://myrient.erista.me/files/Redump/Microsoft%20-%20Xbox%20360//Halo%204%20(Italy)%20(En,Ja,Fr,De,Es,It,Nl,Pt,No,Da,Fi,Zh,Ko,Pl,Ru)%20(Disc%201).zip
Halo 4 (Spain) (En,Ja,Fr,De,Es,It,Nl,Pt,No,Da,Fi,Zh,Ko,Pl,Ru) (Disc 1);https://myrient.erista.me/files/Redump/Microsoft%20-%20Xbox%20360//Halo%204%20(Spain)%20(En,Ja,Fr,De,Es,It,Nl,Pt,No,Da,Fi,Zh,Ko,Pl,Ru)%20(Disc%201).zip
Halo 4 (USA, Europe) (En,Ja,Fr,De,Es,It,Nl,Pt,No,Da,Fi,Zh,Ko,Pl,Ru) (Disc 1);https://myrient.erista.me/files/Redump/Microsoft%20-%20Xbox%20360//Halo%204%20(USA,%20Europe)%20(En,Ja,Fr,De,Es,It,Nl,Pt,No,Da,Fi,Zh,Ko,Pl,Ru)%20(Disc%201).zip
Halo 4 (World) (En,Ja,Fr,De,Es,It,Nl,Pt,No,Da,Fi,Zh,Ko,Pl,Ru) (Disc 2);https://myrient.erista.me/files/Redump/Microsoft%20-%20Xbox%20360//Halo%204%20(World)%20(En,Ja,Fr,De,Es,It,Nl,Pt,No,Da,Fi,Zh,Ko,Pl,Ru)%20(Disc%202).zip
Injustice - Gods Among Us (USA, Europe) (En,Fr,De,Es,It,Pt,Pl,Ru);https://myrient.erista.me/files/Redump/Microsoft%20-%20Xbox%20360//Injustice%20-%20Gods%20Among%20Us%20(USA,%20Europe)%20(En,Fr,De,Es,It,Pt,Pl,Ru).zip
Injustice - Gods Among Us - Ultimate Edition (Europe) (En,Fr,De,Es,It,Pt,Pl,Ru);https://myrient.erista.me/files/Redump/Microsoft%20-%20Xbox%20360//Injustice%20-%20Gods%20Among%20Us%20-%20Ultimate%20Edition%20(Europe)%20(En,Fr,De,Es,It,Pt,Pl,Ru).zip
Kinect Sports (World) (En,Ja,Fr,De,Es,It,Nl,Pt,Zh,Ko,Pl,Ru) (Rev 1);https://myrient.erista.me/files/Redump/Microsoft%20-%20Xbox%20360//Kinect%20Sports%20(World)%20(En,Ja,Fr,De,Es,It,Nl,Pt,Zh,Ko,Pl,Ru)%20(Rev%201).zip
Kinect Sports - Season Two (World) (En,Ja,Fr,De,Es,It,Nl,Pt,Sv,No,Da,Fi,Zh,Ko,Pl,Ru);https://myrient.erista.me/files/Redump/Microsoft%20-%20Xbox%20360//Kinect%20Sports%20-%20Season%20Two%20(World)%20(En,Ja,Fr,De,Es,It,Nl,Pt,Sv,No,Da,Fi,Zh,Ko,Pl,Ru).zip
Kinectimals (USA, Europe) (En,Ja,Fr,De,Es,It,Nl,Pt,Zh,Ko,Pl,Ru);https://myrient.erista.me/files/Redump/Microsoft%20-%20Xbox%20360//Kinectimals%20(USA,%20Europe)%20(En,Ja,Fr,De,Es,It,Nl,Pt,Zh,Ko,Pl,Ru).zip
LEGO Batman 2 - DC Super Heroes (USA) (En,Fr,De,Es,It,Nl,Pt,Da,Pl,Ru);https://myrient.erista.me/files/Redump/Microsoft%20-%20Xbox%20360//LEGO%20Batman%202%20-%20DC%20Super%20Heroes%20(USA)%20(En,Fr,De,Es,It,Nl,Pt,Da,Pl,Ru).zip
LEGO Batman 3 - Beyond Gotham (USA) (En,Fr,De,Es,It,Nl,Pt,Da,Pl,Ru);https://myrient.erista.me/files/Redump/Microsoft%20-%20Xbox%20360//LEGO%20Batman%203%20-%20Beyond%20Gotham%20(USA)%20(En,Fr,De,Es,It,Nl,Pt,Da,Pl,Ru).zip
LEGO Harry Potter - Years 5-7 (USA) (En,Fr,De,Es,It,Nl,Pt,Da);https://myrient.erista.me/files/Redump/Microsoft%20-%20Xbox%20360//LEGO%20Harry%20Potter%20-%20Years%205-7%20(USA)%20(En,Fr,De,Es,It,Nl,Pt,Da).zip
LEGO Jurassic World (USA) (En,Fr,De,Es,It,Nl,Pt,Da,Pl,Ru) (Rev 1);https://myrient.erista.me/files/Redump/Microsoft%20-%20Xbox%20360//LEGO%20Jurassic%20World%20(USA)%20(En,Fr,De,Es,It,Nl,Pt,Da,Pl,Ru)%20(Rev%201).zip
LEGO Jurassic World (USA) (En,Fr,De,Es,It,Nl,Pt,Da,Pl,Ru);https://myrient.erista.me/files/Redump/Microsoft%20-%20Xbox%20360//LEGO%20Jurassic%20World%20(USA)%20(En,Fr,De,Es,It,Nl,Pt,Da,Pl,Ru).zip
LEGO Marvel Avengers (USA) (En,Fr,De,Es,It,Nl,Pt,Da,Pl,Ru);https://myrient.erista.me/files/Redump/Microsoft%20-%20Xbox%20360//LEGO%20Marvel%20Avengers%20(USA)%20(En,Fr,De,Es,It,Nl,Pt,Da,Pl,Ru).zip
LEGO Marvel Super Heroes (USA) (En,Fr,De,Es,It,Nl,Pt,Da,Pl,Ru);https://myrient.erista.me/files/Redump/Microsoft%20-%20Xbox%20360//LEGO%20Marvel%20Super%20Heroes%20(USA)%20(En,Fr,De,Es,It,Nl,Pt,Da,Pl,Ru).zip
LEGO Movie, The - Videogame (USA) (En,Fr,De,Es,It,Nl,Pt,Da,Pl,Ru) (Rev 1);https://myrient.erista.me/files/Redump/Microsoft%20-%20Xbox%20360//LEGO%20Movie,%20The%20-%20Videogame%20(USA)%20(En,Fr,De,Es,It,Nl,Pt,Da,Pl,Ru)%20(Rev%201).zip
LEGO Movie, The - Videogame (USA, Europe) (En,Fr,Es,It,Nl,Pt,Da,Pl,Ru);https://myrient.erista.me/files/Redump/Microsoft%20-%20Xbox%20360//LEGO%20Movie,%20The%20-%20Videogame%20(USA,%20Europe)%20(En,Fr,Es,It,Nl,Pt,Da,Pl,Ru).zip
LEGO Star Wars - The Force Awakens (USA) (En,Fr,De,Es,It,Nl,Pt,Da,Pl,Ru);https://myrient.erista.me/files/Redump/Microsoft%20-%20Xbox%20360//LEGO%20Star%20Wars%20-%20The%20Force%20Awakens%20(USA)%20(En,Fr,De,Es,It,Nl,Pt,Da,Pl,Ru).zip
LEGO The Hobbit (USA) (En,Fr,De,Es,It,Nl,Pt,Da,Pl,Ru);https://myrient.erista.me/files/Redump/Microsoft%20-%20Xbox%20360//LEGO%20The%20Hobbit%20(USA)%20(En,Fr,De,Es,It,Nl,Pt,Da,Pl,Ru).zip
LEGO The Lord of the Rings (USA, Europe) (En,Fr,De,Es,It,Nl,Pt,Da,Pl,Ru);https://myrient.erista.me/files/Redump/Microsoft%20-%20Xbox%20360//LEGO%20The%20Lord%20of%20the%20Rings%20(USA,%20Europe)%20(En,Fr,De,Es,It,Nl,Pt,Da,Pl,Ru).zip
Left 4 Dead (USA, Europe) (En,Ja,Fr,De,Es,It,Pt,Zh,Ko,Pl,Ru);https://myrient.erista.me/files/Redump/Microsoft%20-%20Xbox%20360//Left%204%20Dead%20(USA,%20Europe)%20(En,Ja,Fr,De,Es,It,Pt,Zh,Ko,Pl,Ru).zip
Left 4 Dead 2 (World) (En,Ja,Fr,De,Es,It,Pt,Zh,Ko,Pl,Ru);https://myrient.erista.me/files/Redump/Microsoft%20-%20Xbox%20360//Left%204%20Dead%202%20(World)%20(En,Ja,Fr,De,Es,It,Pt,Zh,Ko,Pl,Ru).zip
Lollipop Chainsaw (USA, Europe) (En,Fr,De,Es,It,Pt,Ru);https://myrient.erista.me/files/Redump/Microsoft%20-%20Xbox%20360//Lollipop%20Chainsaw%20(USA,%20Europe)%20(En,Fr,De,Es,It,Pt,Ru).zip
Lord of the Rings, The - War in the North (USA, Europe) (En,Fr,De,Es,It,Pt,Pl,Ru);https://myrient.erista.me/files/Redump/Microsoft%20-%20Xbox%20360//Lord%20of%20the%20Rings,%20The%20-%20War%20in%20the%20North%20(USA,%20Europe)%20(En,Fr,De,Es,It,Pt,Pl,Ru).zip
Lost Planet 3 (World) (En,Ja,Fr,De,Es,It,Pt,Pl,Ru);https://myrient.erista.me/files/Redump/Microsoft%20-%20Xbox%20360//Lost%20Planet%203%20(World)%20(En,Ja,Fr,De,Es,It,Pt,Pl,Ru).zip
MXGP - The Official Motocross Videogame (USA) (En,Fr,Es,Pt);https://myrient.erista.me/files/Redump/Microsoft%20-%20Xbox%20360//MXGP%20-%20The%20Official%20Motocross%20Videogame%20(USA)%20(En,Fr,Es,Pt).zip
Mass Effect (Japan) (En,Ja,Fr,De,Es,It,Pt,Pl) (Bonus Disc);https://myrient.erista.me/files/Redump/Microsoft%20-%20Xbox%20360//Mass%20Effect%20(Japan)%20(En,Ja,Fr,De,Es,It,Pt,Pl)%20(Bonus%20Disc).zip
Mass Effect (USA) (En,Fr,De,Es,It,Pt,Pl) (Bonus Content Disc);https://myrient.erista.me/files/Redump/Microsoft%20-%20Xbox%20360//Mass%20Effect%20(USA)%20(En,Fr,De,Es,It,Pt,Pl)%20(Bonus%20Content%20Disc).zip
Mass Effect (USA, Europe) (En,Fr,De,Es,It,Pt,Pl) (Bonus Content Disc) (Rerelease);https://myrient.erista.me/files/Redump/Microsoft%20-%20Xbox%20360//Mass%20Effect%20(USA,%20Europe)%20(En,Fr,De,Es,It,Pt,Pl)%20(Bonus%20Content%20Disc)%20(Rerelease).zip
Metal Gear Rising - Revengeance (USA, Europe) (En,Ja,Fr,De,Es,It,Pt) (Demo);https://myrient.erista.me/files/Redump/Microsoft%20-%20Xbox%20360//Metal%20Gear%20Rising%20-%20Revengeance%20(USA,%20Europe)%20(En,Ja,Fr,De,Es,It,Pt)%20(Demo).zip
Metal Gear Rising - Revengeance (USA, Europe) (En,Ja,Fr,De,Es,It,Pt);https://myrient.erista.me/files/Redump/Microsoft%20-%20Xbox%20360//Metal%20Gear%20Rising%20-%20Revengeance%20(USA,%20Europe)%20(En,Ja,Fr,De,Es,It,Pt).zip
Metal Gear Solid V - Ground Zeroes (USA, Europe) (En,Ja,Fr,De,Es,It,Pt,Ru);https://myrient.erista.me/files/Redump/Microsoft%20-%20Xbox%20360//Metal%20Gear%20Solid%20V%20-%20Ground%20Zeroes%20(USA,%20Europe)%20(En,Ja,Fr,De,Es,It,Pt,Ru).zip
Metal Gear Solid V - The Phantom Pain (USA, Europe) (En,Ja,Fr,De,Es,It,Pt,Ru) (Disc 1);https://myrient.erista.me/files/Redump/Microsoft%20-%20Xbox%20360//Metal%20Gear%20Solid%20V%20-%20The%20Phantom%20Pain%20(USA,%20Europe)%20(En,Ja,Fr,De,Es,It,Pt,Ru)%20(Disc%201).zip
Metal Gear Solid V - The Phantom Pain (USA, Europe) (En,Ja,Fr,De,Es,It,Pt,Ru) (Disc 2);https://myrient.erista.me/files/Redump/Microsoft%20-%20Xbox%20360//Metal%20Gear%20Solid%20V%20-%20The%20Phantom%20Pain%20(USA,%20Europe)%20(En,Ja,Fr,De,Es,It,Pt,Ru)%20(Disc%202).zip
Mortal Kombat (USA, Europe) (En,Fr,De,Es,It,Pt);https://myrient.erista.me/files/Redump/Microsoft%20-%20Xbox%20360//Mortal%20Kombat%20(USA,%20Europe)%20(En,Fr,De,Es,It,Pt).zip
Mortal Kombat - Komplete Edition (Europe) (En,Fr,De,Es,It,Pt);https://myrient.erista.me/files/Redump/Microsoft%20-%20Xbox%20360//Mortal%20Kombat%20-%20Komplete%20Edition%20(Europe)%20(En,Fr,De,Es,It,Pt).zip
Need for Speed - Rivals (USA, Europe) (En,Ja,Fr,De,Es,It,Nl,Pt,Zh,Pl,Ru);https://myrient.erista.me/files/Redump/Microsoft%20-%20Xbox%20360//Need%20for%20Speed%20-%20Rivals%20(USA,%20Europe)%20(En,Ja,Fr,De,Es,It,Nl,Pt,Zh,Pl,Ru).zip
PES 2008 - Pro Evolution Soccer (Europe) (En,Fr,De,Es,It,Pt);https://myrient.erista.me/files/Redump/Microsoft%20-%20Xbox%20360//PES%202008%20-%20Pro%20Evolution%20Soccer%20(Europe)%20(En,Fr,De,Es,It,Pt).zip
PES 2009 - Pro Evolution Soccer (Europe) (Es,It,Pt);https://myrient.erista.me/files/Redump/Microsoft%20-%20Xbox%20360//PES%202009%20-%20Pro%20Evolution%20Soccer%20(Europe)%20(Es,It,Pt).zip
PES 2010 - Pro Evolution Soccer (Europe) (Es,Pt);https://myrient.erista.me/files/Redump/Microsoft%20-%20Xbox%20360//PES%202010%20-%20Pro%20Evolution%20Soccer%20(Europe)%20(Es,Pt).zip
PES 2011 - Pro Evolution Soccer (Brazil) (Es,Pt);https://myrient.erista.me/files/Redump/Microsoft%20-%20Xbox%20360//PES%202011%20-%20Pro%20Evolution%20Soccer%20(Brazil)%20(Es,Pt).zip
PES 2011 - Pro Evolution Soccer (Europe) (Es,Pt);https://myrient.erista.me/files/Redump/Microsoft%20-%20Xbox%20360//PES%202011%20-%20Pro%20Evolution%20Soccer%20(Europe)%20(Es,Pt).zip
PES 2012 - Pro Evolution Soccer (Europe) (Es,Pt);https://myrient.erista.me/files/Redump/Microsoft%20-%20Xbox%20360//PES%202012%20-%20Pro%20Evolution%20Soccer%20(Europe)%20(Es,Pt).zip
PES 2013 - Pro Evolution Soccer (Europe) (Es,Pt);https://myrient.erista.me/files/Redump/Microsoft%20-%20Xbox%20360//PES%202013%20-%20Pro%20Evolution%20Soccer%20(Europe)%20(Es,Pt).zip
PES 2014 - Pro Evolution Soccer (Europe) (Es,Pt);https://myrient.erista.me/files/Redump/Microsoft%20-%20Xbox%20360//PES%202014%20-%20Pro%20Evolution%20Soccer%20(Europe)%20(Es,Pt).zip
PES 2015 - Pro Evolution Soccer (Europe) (Es,Pt,El);https://myrient.erista.me/files/Redump/Microsoft%20-%20Xbox%20360//PES%202015%20-%20Pro%20Evolution%20Soccer%20(Europe)%20(Es,Pt,El).zip
PES 2016 - Pro Evolution Soccer (Europe) (Es,Pt,El);https://myrient.erista.me/files/Redump/Microsoft%20-%20Xbox%20360//PES%202016%20-%20Pro%20Evolution%20Soccer%20(Europe)%20(Es,Pt,El).zip
PES 2017 - Pro Evolution Soccer (Europe) (Es,Pt,El);https://myrient.erista.me/files/Redump/Microsoft%20-%20Xbox%20360//PES%202017%20-%20Pro%20Evolution%20Soccer%20(Europe)%20(Es,Pt,El).zip
PES 2018 - Pro Evolution Soccer (Europe) (Es,Pt,El);https://myrient.erista.me/files/Redump/Microsoft%20-%20Xbox%20360//PES%202018%20-%20Pro%20Evolution%20Soccer%20(Europe)%20(Es,Pt,El).zip
Pac-Man and the Ghostly Adventures (USA) (En,Ja,Fr,De,Es,It,Pt);https://myrient.erista.me/files/Redump/Microsoft%20-%20Xbox%20360//Pac-Man%20and%20the%20Ghostly%20Adventures%20(USA)%20(En,Ja,Fr,De,Es,It,Pt).zip
Pac-Man and the Ghostly Adventures 2 (USA) (En,Ja,Fr,De,Es,It,Pt);https://myrient.erista.me/files/Redump/Microsoft%20-%20Xbox%20360//Pac-Man%20and%20the%20Ghostly%20Adventures%202%20(USA)%20(En,Ja,Fr,De,Es,It,Pt).zip
Portal 2 (World) (En,Fr,De,Es,It,Pt,Zh,Ko,Pl,Ru);https://myrient.erista.me/files/Redump/Microsoft%20-%20Xbox%20360//Portal%202%20(World)%20(En,Fr,De,Es,It,Pt,Zh,Ko,Pl,Ru).zip
Rabbids - Alive & Kicking (USA, Europe) (En,Fr,De,Es,It,Nl,Pt,Sv,No,Da,Pl);https://myrient.erista.me/files/Redump/Microsoft%20-%20Xbox%20360//Rabbids%20-%20Alive%20&%20Kicking%20(USA,%20Europe)%20(En,Fr,De,Es,It,Nl,Pt,Sv,No,Da,Pl).zip
Rabbids Invasion - The Interactive TV Show (Europe) (En,Fr,De,Es,It,Pt,Pl,Ru);https://myrient.erista.me/files/Redump/Microsoft%20-%20Xbox%20360//Rabbids%20Invasion%20-%20The%20Interactive%20TV%20Show%20(Europe)%20(En,Fr,De,Es,It,Pt,Pl,Ru).zip
Rayman Legends (USA, Europe) (En,Fr,De,Es,It,Nl,Pt,Fi);https://myrient.erista.me/files/Redump/Microsoft%20-%20Xbox%20360//Rayman%20Legends%20(USA,%20Europe)%20(En,Fr,De,Es,It,Nl,Pt,Fi).zip
Rayman Origins (USA, Europe) (En,Fr,De,Es,It,Nl,Pt);https://myrient.erista.me/files/Redump/Microsoft%20-%20Xbox%20360//Rayman%20Origins%20(USA,%20Europe)%20(En,Fr,De,Es,It,Nl,Pt).zip
Remember Me (USA, Europe) (En,Fr,De,Es,It,Pt,Pl,Ru);https://myrient.erista.me/files/Redump/Microsoft%20-%20Xbox%20360//Remember%20Me%20(USA,%20Europe)%20(En,Fr,De,Es,It,Pt,Pl,Ru).zip
Resident Evil - Revelations 2 (USA, Europe) (En,Ja,Fr,De,Es,It,Pt,Zh,Ko,Pl,Ru);https://myrient.erista.me/files/Redump/Microsoft%20-%20Xbox%20360//Resident%20Evil%20-%20Revelations%202%20(USA,%20Europe)%20(En,Ja,Fr,De,Es,It,Pt,Zh,Ko,Pl,Ru).zip
Resident Evil - Revelations ~ Biohazard - Revelations - Unveiled Edition (World) (En,Ja,Fr,De,Es,It,Nl,Pt,Pl,Ru);https://myrient.erista.me/files/Redump/Microsoft%20-%20Xbox%20360//Resident%20Evil%20-%20Revelations%20~%20Biohazard%20-%20Revelations%20-%20Unveiled%20Edition%20(World)%20(En,Ja,Fr,De,Es,It,Nl,Pt,Pl,Ru).zip
Resident Evil 6 (USA, Europe) (En,Fr,De,Es,It,Pt,Pl,Ru) (Disc 2) (Voice Over Pack);https://myrient.erista.me/files/Redump/Microsoft%20-%20Xbox%20360//Resident%20Evil%206%20(USA,%20Europe)%20(En,Fr,De,Es,It,Pt,Pl,Ru)%20(Disc%202)%20(Voice%20Over%20Pack).zip
Resident Evil 6 ~ Biohazard 6 (World) (En,Ja,Fr,De,Es,It,Pt,Pl,Ru) (Disc 1) (Game);https://myrient.erista.me/files/Redump/Microsoft%20-%20Xbox%20360//Resident%20Evil%206%20~%20Biohazard%206%20(World)%20(En,Ja,Fr,De,Es,It,Pt,Pl,Ru)%20(Disc%201)%20(Game).zip
Rise of the Tomb Raider (Brazil) (En,Nl,Pt,Pl);https://myrient.erista.me/files/Redump/Microsoft%20-%20Xbox%20360//Rise%20of%20the%20Tomb%20Raider%20(Brazil)%20(En,Nl,Pt,Pl).zip
ScreamRide (USA, Europe) (En,Ja,Fr,De,Es,It,Pt,Pl,Ru);https://myrient.erista.me/files/Redump/Microsoft%20-%20Xbox%20360//ScreamRide%20(USA,%20Europe)%20(En,Ja,Fr,De,Es,It,Pt,Pl,Ru).zip
Shodai Xbox Game Gokansei Update Disc - 2007-nen 7-gatsuban (Japan) (En,Ja,Fr,De,Es,It,Pt,Zh,Ko,Pl,Ru);https://myrient.erista.me/files/Redump/Microsoft%20-%20Xbox%20360//Shodai%20Xbox%20Game%20Gokansei%20Update%20Disc%20-%202007-nen%207-gatsuban%20(Japan)%20(En,Ja,Fr,De,Es,It,Pt,Zh,Ko,Pl,Ru).zip
Silent Hill - Downpour (USA, Europe) (En,Fr,De,Es,It,Pt);https://myrient.erista.me/files/Redump/Microsoft%20-%20Xbox%20360//Silent%20Hill%20-%20Downpour%20(USA,%20Europe)%20(En,Fr,De,Es,It,Pt).zip
Sniper Elite III (USA) (En,Fr,De,Es,It,Pt,Pl,Ru);https://myrient.erista.me/files/Redump/Microsoft%20-%20Xbox%20360//Sniper%20Elite%20III%20(USA)%20(En,Fr,De,Es,It,Pt,Pl,Ru).zip
South Park - The Stick of Truth (USA) (En,Fr,De,Es,It,Pt);https://myrient.erista.me/files/Redump/Microsoft%20-%20Xbox%20360//South%20Park%20-%20The%20Stick%20of%20Truth%20(USA)%20(En,Fr,De,Es,It,Pt).zip
Terminator Salvation (USA, Europe) (En,Fr,De,Es,It,Pt);https://myrient.erista.me/files/Redump/Microsoft%20-%20Xbox%20360//Terminator%20Salvation%20(USA,%20Europe)%20(En,Fr,De,Es,It,Pt).zip
Terra-Media - Sombras de Mordor (Brazil) (En,Es,Pt) (Disco 1);https://myrient.erista.me/files/Redump/Microsoft%20-%20Xbox%20360//Terra-Media%20-%20Sombras%20de%20Mordor%20(Brazil)%20(En,Es,Pt)%20(Disco%201).zip
Terra-Media - Sombras de Mordor (Brazil) (En,Es,Pt) (Disco 2);https://myrient.erista.me/files/Redump/Microsoft%20-%20Xbox%20360//Terra-Media%20-%20Sombras%20de%20Mordor%20(Brazil)%20(En,Es,Pt)%20(Disco%202).zip
Tom Clancy's Ghost Recon - Future Soldier (USA, Europe) (En,Fr,Es,Nl,Pt,Sv,No,Da);https://myrient.erista.me/files/Redump/Microsoft%20-%20Xbox%20360//Tom%20Clancy%27s%20Ghost%20Recon%20-%20Future%20Soldier%20(USA,%20Europe)%20(En,Fr,Es,Nl,Pt,Sv,No,Da).zip
Tom Clancy's Splinter Cell - Blacklist (Europe) (En,Pt,Cs,Hu) (Disc 1);https://myrient.erista.me/files/Redump/Microsoft%20-%20Xbox%20360//Tom%20Clancy%27s%20Splinter%20Cell%20-%20Blacklist%20(Europe)%20(En,Pt,Cs,Hu)%20(Disc%201).zip
Tom Clancy's Splinter Cell - Blacklist (Europe) (En,Pt,Cs,Hu) (Disc 2);https://myrient.erista.me/files/Redump/Microsoft%20-%20Xbox%20360//Tom%20Clancy%27s%20Splinter%20Cell%20-%20Blacklist%20(Europe)%20(En,Pt,Cs,Hu)%20(Disc%202).zip
Tomb Raider (USA, Europe) (En,Es,Nl,Pt);https://myrient.erista.me/files/Redump/Microsoft%20-%20Xbox%20360//Tomb%20Raider%20(USA,%20Europe)%20(En,Es,Nl,Pt).zip
Viva Pinata (USA, Europe) (En,Ja,Fr,De,Es,It,Nl,Pt,Sv,No,Zh,Ko,Pl,Cs,Hu,Sk);https://myrient.erista.me/files/Redump/Microsoft%20-%20Xbox%20360//Viva%20Pinata%20(USA,%20Europe)%20(En,Ja,Fr,De,Es,It,Nl,Pt,Sv,No,Zh,Ko,Pl,Cs,Hu,Sk).zip
Viva Pinata - Party Animals (USA, Asia) (En,Ja,Fr,De,Es,It,Nl,Pt,Sv,No,Zh,Ko,Pl,Ru,Cs);https://myrient.erista.me/files/Redump/Microsoft%20-%20Xbox%20360//Viva%20Pinata%20-%20Party%20Animals%20(USA,%20Asia)%20(En,Ja,Fr,De,Es,It,Nl,Pt,Sv,No,Zh,Ko,Pl,Ru,Cs).zip
Watch_Dogs (Australia) (En,Pt) (Disc 2) (Game Disc);https://myrient.erista.me/files/Redump/Microsoft%20-%20Xbox%20360//Watch_Dogs%20(Australia)%20(En,Pt)%20(Disc%202)%20(Game%20Disc).zip
Watch_Dogs (UK, Australia) (En,Pt) (Disc 1) (Installation Disc);https://myrient.erista.me/files/Redump/Microsoft%20-%20Xbox%20360//Watch_Dogs%20(UK,%20Australia)%20(En,Pt)%20(Disc%201)%20(Installation%20Disc).zip
Wolfenstein - The New Order (USA, Brazil) (En,Fr,Es,It,Pl,Ru) (Disc 1);https://myrient.erista.me/files/Redump/Microsoft%20-%20Xbox%20360//Wolfenstein%20-%20The%20New%20Order%20(USA,%20Brazil)%20(En,Fr,Es,It,Pl,Ru)%20(Disc%201).zip
Wolfenstein - The New Order (USA, Brazil) (En,Fr,Es,It,Pl,Ru) (Disc 2);https://myrient.erista.me/files/Redump/Microsoft%20-%20Xbox%20360//Wolfenstein%20-%20The%20New%20Order%20(USA,%20Brazil)%20(En,Fr,Es,It,Pl,Ru)%20(Disc%202).zip
Wolfenstein - The New Order (USA, Brazil) (En,Fr,Es,It,Pl,Ru) (Disc 3);https://myrient.erista.me/files/Redump/Microsoft%20-%20Xbox%20360//Wolfenstein%20-%20The%20New%20Order%20(USA,%20Brazil)%20(En,Fr,Es,It,Pl,Ru)%20(Disc%203).zip
Wolfenstein - The New Order (USA, Brazil) (En,Fr,Es,It,Pl,Ru) (Disc 4);https://myrient.erista.me/files/Redump/Microsoft%20-%20Xbox%20360//Wolfenstein%20-%20The%20New%20Order%20(USA,%20Brazil)%20(En,Fr,Es,It,Pl,Ru)%20(Disc%204).zip
Xbox 360 - The Official Xbox Magazine Issue 14 - December 2006 (Europe, Australia) (En,Fr,It,Pt);https://myrient.erista.me/files/Redump/Microsoft%20-%20Xbox%20360//Xbox%20360%20-%20The%20Official%20Xbox%20Magazine%20Issue%2014%20-%20December%202006%20(Europe,%20Australia)%20(En,Fr,It,Pt).zip
Xbox 360 - The Official Xbox Magazine Issue 17 - February 2007 (Europe, Australia) (En,Fr,Es,It,Pt);https://myrient.erista.me/files/Redump/Microsoft%20-%20Xbox%20360//Xbox%20360%20-%20The%20Official%20Xbox%20Magazine%20Issue%2017%20-%20February%202007%20(Europe,%20Australia)%20(En,Fr,Es,It,Pt).zip
Xbox 360 HD DVD Player Installation Disc (USA) (En,Ja,Fr,De,Es,It,Pt,Zh,Ko) (Rev 1);https://myrient.erista.me/files/Redump/Microsoft%20-%20Xbox%20360//Xbox%20360%20HD%20DVD%20Player%20Installation%20Disc%20(USA)%20(En,Ja,Fr,De,Es,It,Pt,Zh,Ko)%20(Rev%201).zip
Xbox 360 HD DVD Player Installation Disc (USA) (En,Ja,Fr,De,Es,It,Pt,Zh,Ko);https://myrient.erista.me/files/Redump/Microsoft%20-%20Xbox%20360//Xbox%20360%20HD%20DVD%20Player%20Installation%20Disc%20(USA)%20(En,Ja,Fr,De,Es,It,Pt,Zh,Ko).zip
Xbox Live Arcade (USA, Europe) (En,Ja,Fr,De,Es,It,Pt,Zh,Ko,Pl,Ru);https://myrient.erista.me/files/Redump/Microsoft%20-%20Xbox%20360//Xbox%20Live%20Arcade%20(USA,%20Europe)%20(En,Ja,Fr,De,Es,It,Pt,Zh,Ko,Pl,Ru).zip
