Book.of.Unwritten.Tales.2.RF.X360-ZTM.rar;https://archive.org/download/mx360gcgod-x360-ztm/Book.of.Unwritten.Tales.2.RF.X360-ZTM.rar;2.72 GiB;RAR;https://archive.org/download/mx360gcgod-x360-ztm;XEX
Bullet.Soul.Infinite.Burst.USA.X360-ZTM.rar;https://archive.org/download/mx360gcgod-x360-ztm/Bullet.Soul.Infinite.Burst.USA.X360-ZTM.rar;1.11 GiB;RAR;https://archive.org/download/mx360gcgod-x360-ztm;XEX
Bullet.Soul.USA.X360-ZTM.rar;https://archive.org/download/mx360gcgod-x360-ztm/Bullet.Soul.USA.X360-ZTM.rar;1.09 GiB;RAR;https://archive.org/download/mx360gcgod-x360-ztm;XEX
Conan.JAP.X360-ZTM.rar;https://archive.org/download/mx360gcgod-x360-ztm/Conan.JAP.X360-ZTM.rar;3.28 GiB;RAR;https://archive.org/download/mx360gcgod-x360-ztm;XEX
Crysis.1.RF.X360-ZTM.rar;https://archive.org/download/mx360gcgod-x360-ztm/Crysis.1.RF.X360-ZTM.rar;3.62 GiB;RAR;https://archive.org/download/mx360gcgod-x360-ztm;XEX
Dynasty.Warriors.6.HKTW.X360-ZTM.rar;https://archive.org/download/mx360gcgod-x360-ztm/Dynasty.Warriors.6.HKTW.X360-ZTM.rar;6.04 GiB;RAR;https://archive.org/download/mx360gcgod-x360-ztm;XEX
Dynasty.Warriors.6.KOR.X360-ZTM.rar;https://archive.org/download/mx360gcgod-x360-ztm/Dynasty.Warriors.6.KOR.X360-ZTM.rar;6.03 GiB;RAR;https://archive.org/download/mx360gcgod-x360-ztm;XEX
Escapists.RF.X360-ZTM.rar;https://archive.org/download/mx360gcgod-x360-ztm/Escapists.RF.X360-ZTM.rar;79.42 MiB;RAR;https://archive.org/download/mx360gcgod-x360-ztm;XEX
Game.Room.RF.X360-ZTM.rar;https://archive.org/download/mx360gcgod-x360-ztm/Game.Room.RF.X360-ZTM.rar;216.49 MiB;RAR;https://archive.org/download/mx360gcgod-x360-ztm;XEX
Kinect.Fun.Labs.Googly.Eyes.RF.X360-ZTM.rar;https://archive.org/download/mx360gcgod-x360-ztm/Kinect.Fun.Labs.Googly.Eyes.RF.X360-ZTM.rar;259.77 MiB;RAR;https://archive.org/download/mx360gcgod-x360-ztm;XEX
Kinect.Fun.Labs.Kinect.Me.RF.X360-ZTM.rar;https://archive.org/download/mx360gcgod-x360-ztm/Kinect.Fun.Labs.Kinect.Me.RF.X360-ZTM.rar;256.17 MiB;RAR;https://archive.org/download/mx360gcgod-x360-ztm;XEX
Kinect.Nat.Geo.TV.RF.X360-ZTM.rar;https://archive.org/download/mx360gcgod-x360-ztm/Kinect.Nat.Geo.TV.RF.X360-ZTM.rar;749.33 MiB;RAR;https://archive.org/download/mx360gcgod-x360-ztm;XEX
Kinect.Play.Fit.RF.X360-ZTM.rar;https://archive.org/download/mx360gcgod-x360-ztm/Kinect.Play.Fit.RF.X360-ZTM.rar;63.54 MiB;RAR;https://archive.org/download/mx360gcgod-x360-ztm;XEX
Kinect.Sesame.Street.TV.RF.X360-ZTM.rar;https://archive.org/download/mx360gcgod-x360-ztm/Kinect.Sesame.Street.TV.RF.X360-ZTM.rar;709.85 MiB;RAR;https://archive.org/download/mx360gcgod-x360-ztm;XEX
Kings.Quest.The.Complete.Collection.RF.X360-ZTM.rar;https://archive.org/download/mx360gcgod-x360-ztm/Kings.Quest.The.Complete.Collection.RF.X360-ZTM.rar;2.99 GiB;RAR;https://archive.org/download/mx360gcgod-x360-ztm;XEX
Legend.of.Kay.Anniversary.RF.X360-ZTM.rar;https://archive.org/download/mx360gcgod-x360-ztm/Legend.of.Kay.Anniversary.RF.X360-ZTM.rar;2.57 GiB;RAR;https://archive.org/download/mx360gcgod-x360-ztm;XEX
Superstar.Karaoke.JAP.X360-ZTM.rar;https://archive.org/download/mx360gcgod-x360-ztm/Superstar.Karaoke.JAP.X360-ZTM.rar;5.89 GiB;RAR;https://archive.org/download/mx360gcgod-x360-ztm;XEX
Voice.Studio.RF.X360-ZTM.rar;https://archive.org/download/mx360gcgod-x360-ztm/Voice.Studio.RF.X360-ZTM.rar;229.54 MiB;RAR;https://archive.org/download/mx360gcgod-x360-ztm;XEX
Warface.RF.X360-ZTM.rar;https://archive.org/download/mx360gcgod-x360-ztm/Warface.RF.X360-ZTM.rar;2.65 GiB;RAR;https://archive.org/download/mx360gcgod-x360-ztm;XEX
