007 - Agent Under Fire [!].7z;https://tinyurl.com/2pj73ujr
007 - Everything Or Nothing [!].7z;https://tinyurl.com/2qkgswkk
007 - From Russia With Love [!].7z;https://tinyurl.com/2j9nw555
007 - Nightfire [!].7z;https://tinyurl.com/2er8dg8c
187 Ride Or Die [!].7z;https://tinyurl.com/2keeuxpr
25 To Life [!].7z;https://tinyurl.com/2ofbfp44
4x4 Evolution 2 [!].7z;https://tinyurl.com/2o5yvbag
50 Cent Bulletproof [!].7z;https://tinyurl.com/2f5d7k6w
AMF Bowling 2004 [!].7z;https://tinyurl.com/2znx7xms
AMF Extreme Bowling [!].7z;https://tinyurl.com/2mop2f64
ATV Quad Power Racing 2 [!].7z;https://tinyurl.com/2ga45frl
Advent Rising [!].7z;https://tinyurl.com/2hzej7bc
Aeon Flux [!].7z;https://tinyurl.com/2hp9urz4
Aggressive Inline [!].7z;https://tinyurl.com/2lryq9yd
Airforce Delta Storm [!].7z;https://tinyurl.com/2dsmrjvm
Alias [!].7z;https://tinyurl.com/2j25ku2k
Aliens Versus Predator Extinction [!].7z;https://tinyurl.com/2qem44sx
All Star Baseball 2003 [!].7z;https://tinyurl.com/2kgaqgbv
All-Star Baseball 2004 [!].7z;https://tinyurl.com/2eymthxf
All-Star Baseball 2005 [!].7z;https://tinyurl.com/2n326ldu
Alter Echo [!].7z;https://tinyurl.com/2jzf77vy
America's Army - Rise Of Soldier [!].7z;https://tinyurl.com/2mkkuxnf
American Chopper 2 - Full Throttle [!].7z;https://tinyurl.com/2hanutwl
American Chopper [!].7z;https://tinyurl.com/2g9e5rvs
Amped 2 [!].7z;https://tinyurl.com/2qgqsd7e
Amped Freestyle Snowboarding [!].7z;https://tinyurl.com/2mfywvo5
And1 Streetball [!].7z;https://tinyurl.com/2puvcvu3
Animaniacs - The Great Edgar Hunt [!].7z;https://tinyurl.com/2klyds69
Antz - Extreme Racing [!].7z;https://tinyurl.com/2ek4738a
Apex [!].7z;https://tinyurl.com/2e24yc2v
Aquaman - Battle for Atlantis [!].7z;https://tinyurl.com/2dvmszg2
Arctic Thunder [!].7z;https://tinyurl.com/2o4q3zh6
Area 51 [!].7z;https://tinyurl.com/2kw67w4t
Armed and Dangerous [!].7z;https://tinyurl.com/2mrudfwn
Army Men - Major Malfunction [!].7z;https://tinyurl.com/2p7qfxru
Army Men - Sarge's War [!].7z;https://tinyurl.com/2dr6akmw
Arx Fatalis [!].7z;https://tinyurl.com/2z67nfwt
Atari Anthology [!].7z;https://tinyurl.com/2kwrf88k
Auto Modellista [!].7z;https://tinyurl.com/2hsv6268
Avatar - The Last Airbender [!].7z;https://tinyurl.com/2fol2hro
Azurik - Rise of Perathia [!].7z;https://tinyurl.com/2oc9merm
BK Big Bumpin' [!].7z;https://tinyurl.com/2g8pvzs4
BMX XXX [!].7z;https://tinyurl.com/2mj4dyep
Backyard Wrestling 2 [!].7z;https://tinyurl.com/2qv5ptom
Backyard Wrestling [!].7z;https://tinyurl.com/2owxej9w
Bad Boys Miami Takedown [!].7z;https://tinyurl.com/2kp3qutt
Baldur's Gate Dark Alliance [!].7z;https://tinyurl.com/2edu2p59
Baldurs Gate Dark Alliance 2 [!].7z;https://tinyurl.com/2h42lnr4
Barbie Horse Adventures [!].7z;https://tinyurl.com/2mbrtj5h
Bass Trophy Fishing 2007 [!].7z;https://tinyurl.com/2zgvcotx
Bass Trophy Hunter 2007 [!].7z;https://tinyurl.com/2ny4hr2o
Batman - Dark Tomorrow [!].7z;https://tinyurl.com/2ju88lxc
Batman - Rise of Sin Tzu [!].7z;https://tinyurl.com/2jd3cjww
Batman - Vengeance [!].7z;https://tinyurl.com/2zphapcn
Batman Begins [!].7z;https://tinyurl.com/2ndwvbb9
Battle Engine Aquila [!].7z;https://tinyurl.com/2gf75awd
Battlefield 2 Modern Combat [!].7z;https://tinyurl.com/2mts2aat
Battlestar Galactica [!].7z;https://tinyurl.com/2j3m4tba
Beatdown - Fists of Vengeance [!].7z;https://tinyurl.com/2gguoo9b
Beyond Good And Evil [!].7z;https://tinyurl.com/2jkrxubn
Bicycle Casino 2005 [!].7z;https://tinyurl.com/2qnbjssr
Big Mutha Truckers 2 - Truck Me Harder [!].7z;https://tinyurl.com/2kwnuhog
Big Mutha Truckers [!].7z;https://tinyurl.com/2zn9yqg5
Bionicle - The Game [!].7z;https://tinyurl.com/2neazftl
Black [!].7z;https://tinyurl.com/2dw7z42m
Blackstone [!].7z;https://tinyurl.com/2pr6kxos
Blade II [!].7z;https://tinyurl.com/2fuhjocd
Blazing Angels - Squadrons of WWII [!].7z;https://tinyurl.com/2nuk4qp2
Blinx - The Time Sweeper [!].7z;https://tinyurl.com/2nay2w4q
Blinx 2 - Masters of Time & Space [!].7z;https://tinyurl.com/2kvskrjh
Blood Omen 2 [!].7z;https://tinyurl.com/2klj3dpt
Blood Wake [!].7z;https://tinyurl.com/2mha8ukn
BloodRayne 2 [!].7z;https://tinyurl.com/2lo5ayy4
BloodRayne [!].7z;https://tinyurl.com/2m8a62yh
Bloody Roar Extreme [!].7z;https://tinyurl.com/2qkbzube
Blowout - Military Fighting Unit [!].7z;https://tinyurl.com/2p3kh7k6
Breakdown [!].7z;https://tinyurl.com/2flhgsq7
Broken Sword - The Sleeping Dragon [!].7z;https://tinyurl.com/2mujr9vo
Brother in Arms - Earned in Blood [!].7z;https://tinyurl.com/2ndtdkr5
Brother in Arms [!].7z;https://tinyurl.com/2h9zy29a
Bruce Lee QOD [!].7z;https://tinyurl.com/2fx35bxw
Brute Force [!].7z;https://tinyurl.com/2z28s3qd
Buffy - Chaos Bleeds [!].7z;https://tinyurl.com/2gk8crc3
Buffy the Vampire Slayer [!].7z;https://tinyurl.com/2ee7mtnl
Burnout 2 - Point of Impact [!].7z;https://tinyurl.com/2jkng6rj
Burnout 3 Takedown [!].7z;https://tinyurl.com/2oxd3b87
Burnout Revenge [!].7z;https://tinyurl.com/2ep5ejlx
Burnout [!].7z;https://tinyurl.com/2qk4gga6
CSI - Crime Scene Investigation [!].7z;https://tinyurl.com/2qp98n7x
Cabelas Dangerous Hunts 2 [!].7z;https://tinyurl.com/2n483g48
Cabelas Dangerous Hunts [!].7z;https://tinyurl.com/2nrdye6e
Cabelas Deer Hunt 2005 Season [!].7z;https://tinyurl.com/2jfblzth
Cabelas Deer Hunter 2004 [!].7z;https://tinyurl.com/2mfqovcx
Cabelas Outdoor Adventures 2006 [!].7z;https://tinyurl.com/2ztg64j6
Cabelas big Game Hunter 2005 [!].7z;https://tinyurl.com/2n8hzwt3
Call of Cthulu [!].7z;https://tinyurl.com/2jrbpdx3
Call of Duty - Finest Hour [!].7z;https://tinyurl.com/2hvkjt59
Call of Duty 2 - Big Red One [!].7z;https://tinyurl.com/2jlpsbxq
Call of Duty 3 [!].7z;https://tinyurl.com/2ghtj4ve
Capcom Classics Collection Vol 2 [!].7z;https://tinyurl.com/2gefdbbz
Capcom Classics Collection [!].7z;https://tinyurl.com/2jw2core
Capcom Fighting Evolution [!].7z;https://tinyurl.com/2ea59rxy
Capcom Vs SNK 2 EO [!].7z;https://tinyurl.com/2jgl343w
Carmen Sandiego [!].7z;https://tinyurl.com/2hhfoqm9
Cars [!].7z;https://tinyurl.com/2kh2zfwq
Carve [!].7z;https://tinyurl.com/2n784ell
Castlevania - Curse of Darkness [!].7z;https://tinyurl.com/2nama88h
Catwoman [!].7z;https://tinyurl.com/2pzdjj6u
Cel Damage [!].7z;https://tinyurl.com/2pp8v6dm
Championship Bowling [!].7z;https://tinyurl.com/2z5u3beh
Charlie and the Chocolate Factory [!].7z;https://tinyurl.com/2hwyoo7p
Chase - Hollywood Stunt Driver [!].7z;https://tinyurl.com/2mzy4och
Chessmaster [!].7z;https://tinyurl.com/2je4sza5
Chicago Enforcer [!].7z;https://tinyurl.com/2grdfd86
Chicken Little [!].7z;https://tinyurl.com/2dslve2l
Circus Maximus [!].7z;https://tinyurl.com/2e2hay9d
Classified - Sentinel Crisis [!].7z;https://tinyurl.com/2zvnzujn
Close Combat - First to Fight [!].7z;https://tinyurl.com/2frr9ohb
Codename Kids Next Door [!].7z;https://tinyurl.com/2gb3t2cp
Cold War [!].7z;https://tinyurl.com/2efcnzhv
Cold fear [!].7z;https://tinyurl.com/2hmn5z76
Colin McRae Rally 04 [!].7z;https://tinyurl.com/2q6ujlk8
Colin McRae Rally 2005 [!].7z;https://tinyurl.com/2o2kg48o
Colin McRae Rally 3 [!].7z;https://tinyurl.com/2zwzskom
College Hoops 2K6 [!].7z;https://tinyurl.com/2nbk8gyj
College Hoops 2K7 [!].7z;https://tinyurl.com/2q9ukk4l
Combat Elite - WWII Paratroopers [!].7z;https://tinyurl.com/2oe6f39r
Combat Task Force 121 [!].7z;https://tinyurl.com/2qr2gl5y
Commandos 2 [!].7z;https://tinyurl.com/2m6f5pbe
Commandos Strike Force [!].7z;https://tinyurl.com/2z84g4fy
Conflict Desert Storm 2 [!].7z;https://tinyurl.com/2fld2wd2
Conflict Desert Storm [!].7z;https://tinyurl.com/2ek3auc9
Conflict Global Storm [!].7z;https://tinyurl.com/2furanyo
Conflict Vietnam [!].7z;https://tinyurl.com/2p9g588r
Conker Live and Reloaded [!].7z;https://tinyurl.com/2zhzns3n
Constantine [!].7z;https://tinyurl.com/2kzelzsb
Corvette [!].7z;https://tinyurl.com/2ev85yat
Counterstrike [!].7z;https://tinyurl.com/2plg92cd
Crash Bandicoot - Wrath of Cortex [!].7z;https://tinyurl.com/2gnz4ozr
Crash N Burn [!].7z;https://tinyurl.com/2zd25uak
Crash Nitro Kart [!].7z;https://tinyurl.com/2fjfe5yt
Crash Tag Team Racing [!].7z;https://tinyurl.com/2o3ms8ev
Crash Twinsanity [!].7z;https://tinyurl.com/2m683ba6
Crazy taxi 3 [!].7z;https://tinyurl.com/2hdgx8jp
Crime LIfe - Gang Wars [!].7z;https://tinyurl.com/2fl6xzbr
Crimson Sea [!].7z;https://tinyurl.com/2f7faava
Crimson skies [!].7z;https://tinyurl.com/2mu8awhb
Crouching Tiger Hidden Dragon [!].7z;https://tinyurl.com/2p2do7xr
Crusty Demons - Freestyle Moto X [!].7z;https://tinyurl.com/2kjv5z4y
Curious George [!].7z;https://tinyurl.com/2qrnnu8p
Curse - The Eye of Isis [!].7z;https://tinyurl.com/2dtoaz8s
Dai Senryaku VII [!].7z;https://tinyurl.com/2gqp844f
Dakar Rally 2 - Worlds Ultimate Rally [!].7z;https://tinyurl.com/2hxkjob7
Dance Dance Revolution Ultramix 2 [!].7z;https://tinyurl.com/2p7zgdul
Dance Dance Revolution Ultramix 3 [!].7z;https://tinyurl.com/2ff5vlay
Dance Dance Revolution Ultramix 4 [!].7z;https://tinyurl.com/2mbrxd9g
Dance Dance Revolution Ultramix [!].7z;https://tinyurl.com/2lx7nuf2
Dark Angel [!].7z;https://tinyurl.com/2nsz23xo
Dark Summit [!].7z;https://tinyurl.com/2l5cg4bt
Darkwatch [!].7z;https://tinyurl.com/2k7gtsuw
Dave Mirra Freestyle BMX 2 [!].7z;https://tinyurl.com/2jmgo4pk
Dead Man's Hand [!].7z;https://tinyurl.com/2gzkevn8
Dead Or Alive Extreme Beach Volleyball [!].7z;https://tinyurl.com/2opzbl9m
Dead or Alive 2 Ultimate [!].7z;https://tinyurl.com/2zol4tbn
Dead or Alive 3 [!].7z;https://tinyurl.com/2qqe9cya
Dead to Rights 2 [!].7z;https://tinyurl.com/2fmff3j9
Dead to Rights [!].7z;https://tinyurl.com/2pszn3kd
Deathrow [!].7z;https://tinyurl.com/2hw7uwcw
Def Jam Fight for NY [!].7z;https://tinyurl.com/2odsrvof
Defender [!].7z;https://tinyurl.com/2qdy6965
Delta Force - Black Hawk Down [!].7z;https://tinyurl.com/2ohaxpbb
Demon Stone [!].7z;https://tinyurl.com/2zem7k3e
Destroy all humans 2 [!].7z;https://tinyurl.com/2paxrqse
Destroy all humans [!].7z;https://tinyurl.com/2e62xzdd
Deus Ex Infinity War [!].7z;https://tinyurl.com/2h5lr7nu
Digimon Rumble Arena 2 [!].7z;https://tinyurl.com/2jycwozo
Digimon World 4 [!].7z;https://tinyurl.com/2geljjgp
Dino Crisis 3 [!].7z;https://tinyurl.com/2l7dmm76
Dinotopia - The Sunstone Odyssey [!].7z;https://tinyurl.com/2pvf6bkm
Disney's Extreme Skate Adventure [!].7z;https://tinyurl.com/2q5ahvre
Doom 3 ROE [!].7z;https://tinyurl.com/2nzj4qpf
Doom 3 [!].7z;https://tinyurl.com/2kfwa5uz
Dr Muto [!].7z;https://tinyurl.com/2kmrlq4a
Dr Seuss Cat in the Hat [!].7z;https://tinyurl.com/2oojh7kj
Dragon's Lair 3D - Return to the Lair [!].7z;https://tinyurl.com/2ezg97jf
Dragonball Z Sagas [!].7z;https://tinyurl.com/2f4boltq
Drake of the 99 Dragons [!].7z;https://tinyurl.com/2nlj5p9s
Dreamfall [!].7z;https://tinyurl.com/2krwexy4
Driv3r [!].7z;https://tinyurl.com/2empooba
Driver - Parallel Lines [!].7z;https://tinyurl.com/2hcvanx5
Dungeons and Dragons Heroes [!].7z;https://tinyurl.com/2z3vzb7a
Dynasty Warriors 3 [!].7z;https://tinyurl.com/2jwmns24
Dynasty Warriors 4 [!].7z;https://tinyurl.com/2oaxha23
Dynasty Warriors 5 [!].7z;https://tinyurl.com/2pba9c2t
EA Sports Arena Football [!].7z;https://tinyurl.com/2ft79x8u
ESPN College Hoops 2K4 [!].7z;https://tinyurl.com/2pfcmeqg
ESPN College Hoops 2K5 [!].7z;https://tinyurl.com/2pm8y2x8
ESPN Football 2004 [!].7z;https://tinyurl.com/2hm5fwkj
ESPN International Winter Sports 2002 [!].7z;https://tinyurl.com/2khfr568
ESPN MLS ExraTime 2002 [!].7z;https://tinyurl.com/2qzdxu47
ESPN Major League Baseball [!].7z;https://tinyurl.com/2fs4tt2n
ESPN NBA 2K5 [!].7z;https://tinyurl.com/2olqzn4e
ESPN NBA 2Night 2002 [!].7z;https://tinyurl.com/2mq2d69k
ESPN NBA Basketball [!].7z;https://tinyurl.com/2f6nzbaf
ESPN NFL 2K5 [!].7z;https://tinyurl.com/2h7jg223
ESPN NFL Primetime 2002 [!].7z;https://tinyurl.com/2ljksucx
ESPN NHL 2K5 [!].7z;https://tinyurl.com/2od7kmko
ESPN NHL Hockey [!].7z;https://tinyurl.com/2ketvyob
ESPN Winter X-Games Snowboarding 2002 [!].7z;https://tinyurl.com/2eyzfkka
Ed Edd n Eddy The MIS-EDventures [!].7z;https://tinyurl.com/2m8gca6o
Egg Mania [!].7z;https://tinyurl.com/2fqsfas8
Enclave [!].7z;https://tinyurl.com/2phhdn5u
Enter the Matrix [!].7z;https://tinyurl.com/2fp4suza
Eragon [!].7z;https://tinyurl.com/2oqh6yvp
Euro 2004 [!].7z;https://tinyurl.com/2gnxf5w7
Evil Dead - Regeneration [!].7z;https://tinyurl.com/2nxbtlzs
Evil Dead [!].7z;https://tinyurl.com/2qhvt2yo
F1 2001 [!].7z;https://tinyurl.com/2mn2c7p7
FIFA 07 [!].7z;https://tinyurl.com/2q7mbl83
FIFA 2004 [!].7z;https://tinyurl.com/2f5e3q3x
FIFA 2005 [!].7z;https://tinyurl.com/2q5vp7v5
FIFA 2006 [!].7z;https://tinyurl.com/2f8s9jmt
FIFA Soccer 2003 [!].7z;https://tinyurl.com/2drx4chp
FIFA Street 2 [!].7z;https://tinyurl.com/2kmboj9p
FIFA Street [!].7z;https://tinyurl.com/2n27q44w
FIFA World Cup - Germany 2006 [!].7z;https://tinyurl.com/2qjrphks
FIFA World Cup 2002 [!].7z;https://tinyurl.com/2fva7tt9
Fable - The Lost Chapters [!].7z;https://tinyurl.com/2opr6e2w
Fable [!].7z;https://tinyurl.com/2gmafz3e
Fairly Odd Parents - Breakin Da Rules [!].7z;https://tinyurl.com/2logqbfh
Fallout Brotherhood of Steel [!].7z;https://tinyurl.com/2jfyuk76
Family guy [!].7z;https://tinyurl.com/2qx4xd5z
Fantastic Four [!].7z;https://tinyurl.com/2m6v2w5w
Far Cry - Instincts [!].7z;https://tinyurl.com/2l5lau56
Far Cry Instincts Evolution [!].7z;https://tinyurl.com/2mo2wx6c
Fatal Frame 2 [!].7z;https://tinyurl.com/2g9f2xrt
Fatal Frame [!].7z;https://tinyurl.com/2fuxqblr
Fight Club [!].7z;https://tinyurl.com/2gvazdmk
Fight Night 2004 [!].7z;https://tinyurl.com/2e4nqldt
Fight Night Round 2 [!].7z;https://tinyurl.com/2h6tge6a
Fight Night Round 3 [!].7z;https://tinyurl.com/2e3x783v
Final Fight X Streetwise [!].7z;https://tinyurl.com/2z4p2mk7
Finding Nemo [!].7z;https://tinyurl.com/2j6yrolx
Fireblade [!].7z;https://tinyurl.com/2lb77w4g
Flatout 2 [!].7z;https://tinyurl.com/2osr7ckc
Flatout [!].7z;https://tinyurl.com/2opdyjxg
Ford Bold Moves Street Racing [!].7z;https://tinyurl.com/2ql472sa
Ford Mustang Racing [!].7z;https://tinyurl.com/2kw745xu
Ford Racing 2 [!].7z;https://tinyurl.com/2l62fp7m
Ford Racing 3 [!].7z;https://tinyurl.com/2odcuotu
Ford vs Chevy [!].7z;https://tinyurl.com/2npqsu9l
Forza Motorsport [!].7z;https://tinyurl.com/2lhx7f5y
Freaky Flyers [!].7z;https://tinyurl.com/2oajw7dp
Freedom Fighters [!].7z;https://tinyurl.com/2hyhlq88
Freestyle Metal X [!].7z;https://tinyurl.com/2zerhmck
Freestyle Street Soccer [!].7z;https://tinyurl.com/2zlmt9jc
Frogger Ancient Shadow [!].7z;https://tinyurl.com/2nht55tm
Frogger Beyond [!].7z;https://tinyurl.com/2fece9u4
Full Spectrum Warrior Ten Hammers [!].7z;https://tinyurl.com/2lonspgp
Full spectrum warrior [!].7z;https://tinyurl.com/2gvvpmqb
Furious Karting [!].7z;https://tinyurl.com/2fr7rr5m
Futurama [!].7z;https://tinyurl.com/2ztdhjv3
Future Tactics The Uprising [!].7z;https://tinyurl.com/2ehc4ol6
Fuzion Frenzy [!].7z;https://tinyurl.com/2eduvvya
GTA San Andreas [!].7z;https://tinyurl.com/2q8uxrng
GTA Vice city [!].7z;https://tinyurl.com/2p2ybnnd
Galleon [!].7z;https://tinyurl.com/2z38znbh
Gauntlet Dark Legacy [!].7z;https://tinyurl.com/2qkfwqoj
Gauntlet Seven Sorrows [!].7z;https://tinyurl.com/2mkenpz8
Gene Troopers [!].7z;https://tinyurl.com/2jgzejft
Genma Onimusha [!].7z;https://tinyurl.com/2fy2suj3
Ghost Recon 2 Summit Strike [!].7z;https://tinyurl.com/2j8rq945
Ghost Recon 2 [!].7z;https://tinyurl.com/2pkyhesp
Ghost Recon Advanced Warfighter [!].7z;https://tinyurl.com/2mtsvg6u
Ghost Recon Island Thunder [!].7z;https://tinyurl.com/2p4k7r5a
Ghost Recon [!].7z;https://tinyurl.com/2mbxgytj
Gladiator Sword of Vengeance [!].7z;https://tinyurl.com/2lnee79a
Gladius [!].7z;https://tinyurl.com/2mz6eqln
Goblin Commander [!].7z;https://tinyurl.com/2guwv948
Godzilla Destroy All Monsters Melee [!].7z;https://tinyurl.com/2fq9xdgj
Godzilla Save the Earth [!].7z;https://tinyurl.com/2en8lv5s
Goldeneye Rogue Agent [!].7z;https://tinyurl.com/2eu4xzck
Grabbed by the Ghoulies [!].7z;https://tinyurl.com/2zvsswst
Grand Theft Auto III [!].7z;https://tinyurl.com/2gmex8kz
Gravity Games Bike - Street Vert Dirt [!].7z;https://tinyurl.com/2mwpeo76
Greg Hastings Tournament Paintball Max'd [!].7z;https://tinyurl.com/2l4y97cc
Greg Hastings Tournament Paintball [!].7z;https://tinyurl.com/2jbo9h4e
Grooverider - Slot Car Thunder [!].7z;https://tinyurl.com/2mytsfq9
Group S Challenge [!].7z;https://tinyurl.com/2pvgvnco
Gun [!].7z;https://tinyurl.com/2qwqnpdh
Gungriffon Allied Strike [!].7z;https://tinyurl.com/2pxlcevr
Gunmetal [!].7z;https://tinyurl.com/2j7svsf2
Gunvalkrye [!].7z;https://tinyurl.com/2m8b27uz
Half-Life 2 [!].7z;https://tinyurl.com/2j4eqys6
Halo - Combat Evolved [!].7z;https://tinyurl.com/2kvfc5d2
Halo 2 - Multiplayer Map Pack [!].7z;https://tinyurl.com/2og2bzsv
Halo 2 [!].7z;https://tinyurl.com/2ocl5p92
Harry Potter And The Prisoner Of Azkaban [!] [ISO].7z;https://tinyurl.com/2g94et9h
Harry Potter Quidditch World Cup [!].7z;https://tinyurl.com/2pnc5hvh
Harry Potter and the Chamber of Secrets [!].7z;https://tinyurl.com/2zveo4qd
Harry Potter and the Goblet of Fire [!] [See Notes].7z;https://tinyurl.com/2pqqbbzd
Harry Potter and the Sorcerer's Stone [!].7z;https://tinyurl.com/2jo5z6ag
Haunted Mansion [!].7z;https://tinyurl.com/2msyrccs
Headhunter Redemption [!].7z;https://tinyurl.com/2guzqeyp
Heroes of the Pacific [!].7z;https://tinyurl.com/2h4e5y8h
High Heat Baseball 2004 [!].7z;https://tinyurl.com/2gobm2vo
High Roller Casino [!].7z;https://tinyurl.com/2m83wqta
Hitman 2 Silent Assassin [!].7z;https://tinyurl.com/2e4k8utp
Hitman Blood Money [!].7z;https://tinyurl.com/2ns97a7e
Hitman Contracts [!].7z;https://tinyurl.com/2fopge7t
Hot Wheels Stunt Track Challenge [!].7z;https://tinyurl.com/2m9rj768
Hulk [!].7z;https://tinyurl.com/2lm8hczw
Hummer Badlands [!].7z;https://tinyurl.com/2gbg8zn6
Hunter The Reckoning Redeemer [!].7z;https://tinyurl.com/2oewwemo
Hunter The Reckoning [!].7z;https://tinyurl.com/2qe5ap4e
I-Ninja [!].7z;https://tinyurl.com/2zaljt4t
IHRA Drag Racing 2004 [!].7z;https://tinyurl.com/2jnvfp98
IHRA Drag Racing 2005 [!].7z;https://tinyurl.com/2zmlnn8f
IHRA Drag Racing Sportsman Edition [!].7z;https://tinyurl.com/2nzrwjzp
Ice Age 2 - The Meltdown [!].7z;https://tinyurl.com/2lamzdht
Indiana Jones and the Emporor's Tomb [!].7z;https://tinyurl.com/2jy7mm9z
Indigo Prophecy [!].7z;https://tinyurl.com/2ob4lqxc
IndyCar Series 2005 [!].7z;https://tinyurl.com/2h22bbrs
IndyCar Series [!].7z;https://tinyurl.com/2poehm4o
Inside Pitch 2003 [!].7z;https://tinyurl.com/2zwh38wk
Intellivision Lives [!].7z;https://tinyurl.com/2gn27ho9
Iron Phoenix [!].7z;https://tinyurl.com/2ne4c7oe
Jade Empire Limited Edition [!].7z;https://tinyurl.com/2n3rrquq
Jaws [!].7z;https://tinyurl.com/2ntzlset
Jet Set Radio Future [!].7z;https://tinyurl.com/2g6pl6ss
Judge Dredd VS Death [!].7z;https://tinyurl.com/2lnhvuqe
Juiced [!].7z;https://tinyurl.com/2kt4t89v
Jurassic Park Operation Genesis [!].7z;https://tinyurl.com/2kzsbrga
Just Cause [!].7z;https://tinyurl.com/2outomq7
Justice League Heroes [!].7z;https://tinyurl.com/2o8k3etx
Kabuki Warriors [!].7z;https://tinyurl.com/2nvajy2c
Kakuto  Chojin [!].7z;https://tinyurl.com/2l85x2dh
Kao The Kangaroo Round 2 [!].7z;https://tinyurl.com/2gor4nbp
Karaoke Revolution Party [!].7z;https://tinyurl.com/2eplqcu2
Karaoke Revolution [!].7z;https://tinyurl.com/2ewh5x3r
Kelly Slater Pro Surfer [!].7z;https://tinyurl.com/2hkw4zfo
Kill Switch [!].7z;https://tinyurl.com/2nltbadn
King Arthur [!].7z;https://tinyurl.com/2e6qavjo
King Kong [!].7z;https://tinyurl.com/2mw5z7ex
King of Fighters 2002 [!].7z;https://tinyurl.com/2f9chzrw
King of Fighters 2003 [!].7z;https://tinyurl.com/2ew3x5yb
King of Fighters Maximum Impact [!].7z;https://tinyurl.com/2jn4grer
King of Fighters Newowave [!].7z;https://tinyurl.com/2oftju58
Kingdom Under Fire Heroes [!].7z;https://tinyurl.com/2mnjk6ua
Kingdom Under Fire [!].7z;https://tinyurl.com/2h3d3mcs
Knockout Kings 2002 [!].7z;https://tinyurl.com/2k2wubnc
Kung Fu Chaos [!].7z;https://tinyurl.com/2lej6rhq
LA Rush [!].7z;https://tinyurl.com/2ej7jkpq
Land of the Dead [!].7z;https://tinyurl.com/2lqjallc
Legacy of Kain Defiance [!].7z;https://tinyurl.com/2rx23vpa
Legend of Spyro A New Beginning [!].7z;https://tinyurl.com/2fylt8g8
Legends of Wrestling 2 [!].7z;https://tinyurl.com/2eljda6f
Legends of Wrestling [!].7z;https://tinyurl.com/2jxkq5gc
Lego Star Wars 2 - The Original Trilogy [!].7z;https://tinyurl.com/2f5o9b6s
Lego Star Wars [!].7z;https://tinyurl.com/2nmvneju
Leisure Suit Larry - Magna Cum Laude [!].7z;https://tinyurl.com/2hdfzm58
Lemony Snicket [!].7z;https://tinyurl.com/2pkdfbom
Links 2004 [!].7z;https://tinyurl.com/2zbb4uj5
Loons - The Fight for Fame [!].7z;https://tinyurl.com/2e8nwpuu
Lord of the Rings - The Two Towers [!].7z;https://tinyurl.com/2faxorvn
Lord of the Rings Fellowship of the Rings [!].7z;https://tinyurl.com/2o4hnc5d
Lord of the Rings Return of the King [!].7z;https://tinyurl.com/2jnpo3zz
Lord of the Rings The Third Age [!].7z;https://tinyurl.com/2hxk54tn
Lotus Challenge [!].7z;https://tinyurl.com/2lmv2ex8
MLB 2K5 World Series Edition [!].7z;https://tinyurl.com/2gatcyux
MLB SlugFest 20-03 [!].7z;https://tinyurl.com/2lhc5cxv
MLB SlugFest 20-04 [!].7z;https://tinyurl.com/2h8ovaau
MLB SlugFest 2006 [!].7z;https://tinyurl.com/2ppwcdnw
MLB SlugFest Loaded [!].7z;https://tinyurl.com/2kvgmunk
MTV Music Generator 3 [!].7z;https://tinyurl.com/2egspvc4
MTVs Celebrity Deathmatch [!].7z;https://tinyurl.com/2f7txjj9
MTX Mototrax [!].7z;https://tinyurl.com/2q8dmyee
MVP 06 NCAA Baseball [!].7z;https://tinyurl.com/2fvxvhlf
MVP Baseball 2003 [!].7z;https://tinyurl.com/2l4gorpd
MVP Baseball 2004 [!].7z;https://tinyurl.com/2qednvg7
MVP Baseball 2005 [!].7z;https://tinyurl.com/2jwpqw4o
MX 2002 Featuring Ricky Carmichael [!].7z;https://tinyurl.com/2gdf85bu
MX Superfly [!].7z;https://tinyurl.com/2ljvyffs
MX Unleashed [!].7z;https://tinyurl.com/2qg4abq5
MX World Tour [!].7z;https://tinyurl.com/2hvtt8d3
MX vs ATV Unleashed [!].7z;https://tinyurl.com/2mz47sf4
Mace Griffin Bounty Hunter [!].7z;https://tinyurl.com/2je7vmcp
Mad Dash Racing [!].7z;https://tinyurl.com/2lr4x77w
Madagascar [!].7z;https://tinyurl.com/2kc3huqm
Madden 2002 [!].7z;https://tinyurl.com/2hdcxvl4
Madden 2003 [!].7z;https://tinyurl.com/2pk9ul7z
Madden 2004 [!].7z;https://tinyurl.com/2ojx5j6p
Madden 2005 [!].7z;https://tinyurl.com/2nddvxe4
Madden 2006 [!].7z;https://tinyurl.com/2f9u74ej
Madden 2007 [!].7z;https://tinyurl.com/2qrjoka4
Madden 2008 [!].7z;https://tinyurl.com/2ryf37gt
Madden 2009 [!].7z;https://tinyurl.com/2z8lo3k4
Mafia [!].7z;https://tinyurl.com/2jr3c6la
Magic the Gathering - Battlegrounds [!].7z;https://tinyurl.com/2ojsf9bo
Major League Baseball 2K6 [!].7z;https://tinyurl.com/2fu243wc
Major League Baseball 2K7 [!].7z;https://tinyurl.com/2h8ldjqq
Major League baseball 2K5 [!].7z;https://tinyurl.com/2p59psjj
Malice [!].7z;https://tinyurl.com/2qboa4h6
Manhunt [!].7z;https://tinyurl.com/2fb6lmmy
Marc Ecko's Getting Up [!].7z;https://tinyurl.com/2lmdcsdl
Marvel Nemesis - Rise Of The Imperfects [!].7z;https://tinyurl.com/2kuhshyh
Marvel Ultimate Alliance [!].7z;https://tinyurl.com/2l4d7489
Marvel Vs Capcom 2 [!].7z;https://tinyurl.com/2mmrs79f
Matt Hoffman's Pro BMX 2 [!].7z;https://tinyurl.com/2ztluq9t
Max Payne 2 [!].7z;https://tinyurl.com/2rx5lm9e
Max Payne [!].7z;https://tinyurl.com/2gnl7sle
Maximum Chase [!].7z;https://tinyurl.com/2ktfgcsa
MechAssault 2 Lone Wolf [!].7z;https://tinyurl.com/2q2v9mw8
MechAssault [!].7z;https://tinyurl.com/2zgjesx3
Medal of Honor Europian Assault [!].7z;https://tinyurl.com/2h6nopfk
Medal of Honor Frontline [!].7z;https://tinyurl.com/2e2rfjd8
Medal of Honor Rising Sun [!].7z;https://tinyurl.com/2z4jbxth
Megaman Anniversary Edition [!].7z;https://tinyurl.com/2oj78x8x
Memorick - The Apprentice Knight [!].7z;https://tinyurl.com/2zexzoz6
Men of Valor [!].7z;https://tinyurl.com/2fkdqw9f
Mercenaries [!].7z;https://tinyurl.com/2qrqrybc
Metal Arms Glitch in the System [!].7z;https://tinyurl.com/2eo8r45g
Metal Dungeon [!].7z;https://tinyurl.com/2gjwwlxa
Metal Gear Solid 2 Substance [!].7z;https://tinyurl.com/2n522dvm
Metal Slug 3 [!].7z;https://tinyurl.com/2mv6nqou
Metal Slug 4 [!].7z;https://tinyurl.com/2f2rq36j
Metal Slug 5 [!].7z;https://tinyurl.com/2quqrwsp
Midnight Club 3 DUB Edition Remix [!].7z;https://tinyurl.com/2o4737ky
Midnight Club 3 DUB Edition [!].7z;https://tinyurl.com/2nsl573b
Midnight Club II [!].7z;https://tinyurl.com/2otuu944
Midtown Madness 3 [!].7z;https://tinyurl.com/2qfczc5a
Midway Arcade Treasures 2 [!].7z;https://tinyurl.com/2q8h6ovz
Midway Arcade Treasures 3 [!].7z;https://tinyurl.com/2hd4vhjt
Midway Arcade Treasures [!].7z;https://tinyurl.com/2zvjjkl2
Mike Tyson Heavyweight Boxing [!].7z;https://tinyurl.com/2zbxhqxq
Minority Report [!].7z;https://tinyurl.com/2p4lzjfs
Mission Impossible Operation Surma [!].7z;https://tinyurl.com/2hy4rnga
Mojo [!].7z;https://tinyurl.com/2nj6ugem
Monopoly Party [!].7z;https://tinyurl.com/2kffvclg
Monster 4x4 World Circuit [!].7z;https://tinyurl.com/2lgpnem9
Monster Garage [!] [ISO].7z;https://tinyurl.com/2oo35ebh
Morrowind Game of the Year [!].7z;https://tinyurl.com/2oh7qr4p
Mortal Kombat Armageddon [!].7z;https://tinyurl.com/2gpo6p8q
Mortal Kombat Deadly Alliance [!].7z;https://tinyurl.com/2jq6a4o9
Mortal Kombat Deception Kollectors Edition [!].7z;https://tinyurl.com/2g8jao8d
Mortal Kombat Deception [!].7z;https://tinyurl.com/2qo3qev6
Mortal Kombat Shaolin Monks [!].7z;https://tinyurl.com/2zutjwp9
MotoGP 2 [!].7z;https://tinyurl.com/2oz33h9o
MotoGP 3 [!].7z;https://tinyurl.com/2fw53xjo
MotoGP [!].7z;https://tinyurl.com/2kb6fstl
Motocross Mania 3 [!].7z;https://tinyurl.com/2ksbbtuy
Murakumo Renegade Mech Pursuit [!].7z;https://tinyurl.com/2nqloyx3
Myst III Exile [!].7z;https://tinyurl.com/2n62m6cr
Myst IV Revelation [!].7z;https://tinyurl.com/2jb65c3a
NBA 2K2 [!].7z;https://tinyurl.com/2kcfue43
NBA 2K3 [!].7z;https://tinyurl.com/2j2k7bjk
NBA 2K6 [!].7z;https://tinyurl.com/2lypzmya
NBA 2K7 [!].7z;https://tinyurl.com/2fej24gs
NBA Ballers Phenom [!].7z;https://tinyurl.com/2fox9s5h
NBA Ballers [!].7z;https://tinyurl.com/2opcjwzw
NBA Inside Drive 2002 [!].7z;https://tinyurl.com/2ql3pgdq
NBA Inside Drive 2003 [!].7z;https://tinyurl.com/2o32volp
NBA Inside Drive 2004 [!].7z;https://tinyurl.com/2z5juqam
NBA Jam [!].7z;https://tinyurl.com/2zq5wkuv
NBA Live 06 [!].7z;https://tinyurl.com/2fmuunwa
NBA Live 07 [!].7z;https://tinyurl.com/2ebbl84t
NBA Live 2002 [!].7z;https://tinyurl.com/2fclda5m
NBA Live 2003 [!].7z;https://tinyurl.com/2o2xjkfz
NBA Live 2004 [!].7z;https://tinyurl.com/2oca4y96
NBA Live 2005 [!].7z;https://tinyurl.com/2pdjt39w
NBA Starting 5 [!].7z;https://tinyurl.com/2z73epjc
NBA Street V3 [!].7z;https://tinyurl.com/2f6lbd3t
NBA Street Volume 2 [!].7z;https://tinyurl.com/2ztd3xgj
NCAA College Basketball 2K3 [!].7z;https://tinyurl.com/2g67hyro
NCAA College Football 2K3 [!].7z;https://tinyurl.com/2zc86wg6
NCAA Football 03 [!].7z;https://tinyurl.com/2nd537kr
NCAA Football 04 [!].7z;https://tinyurl.com/2pj5q599
NCAA Football 05 [!].7z;https://tinyurl.com/2mtx76ke
NCAA Football 06 [!].7z;https://tinyurl.com/2n8xbxox
NCAA Football 07 [!].7z;https://tinyurl.com/2edgcgha
NCAA Football 08 [!].7z;https://tinyurl.com/2feq4zz3
NCAA March Madness 04 [!].7z;https://tinyurl.com/2e2bzczn
NCAA March Madness 05 [!].7z;https://tinyurl.com/2z43dryw
NCAA March Madness 06 [!].7z;https://tinyurl.com/2ejgedj3
NFL 2K2 [!].7z;https://tinyurl.com/2pwy6mhr
NFL 2K3 [!].7z;https://tinyurl.com/2nwssc34
NFL Blitz 2002 [!].7z;https://tinyurl.com/2q9ao3bf
NFL Blitz 2K3 [!].7z;https://tinyurl.com/2hbn6u38
NFL Blitz PRO [!].7z;https://tinyurl.com/2kwoc46x
NFL Blitz The League [!].7z;https://tinyurl.com/2nsyn9om
NFL Fever 2002 [!].7z;https://tinyurl.com/2far96bk
NFL Fever 2003 [!].7z;https://tinyurl.com/2gmdzm6y
NFL Fever 2004 [!].7z;https://tinyurl.com/2jyeagt9
NFL Head Coach [!].7z;https://tinyurl.com/2mmffnwy
NFL Street 2 [!].7z;https://tinyurl.com/2kdxjwnn
NFL Street [!].7z;https://tinyurl.com/2e3hf79y
NHL 06 [!].7z;https://tinyurl.com/2oqpj8az
NHL 07 [!].7z;https://tinyurl.com/2hvdwyzz
NHL 2002 [!].7z;https://tinyurl.com/2fu3tfoe
NHL 2003 [!].7z;https://tinyurl.com/2lvy37md
NHL 2004 [!].7z;https://tinyurl.com/2qr7c3wn
NHL 2005 [!].7z;https://tinyurl.com/2dt7vowq
NHL 2K3 [!].7z;https://tinyurl.com/2po7xllw
NHL 2K6 [!].7z;https://tinyurl.com/2ocko5rz
NHL 2K7 [!].7z;https://tinyurl.com/2pdug7sb
NHL HITZ 2002 [!].7z;https://tinyurl.com/2ndts78m
NHL HITZ 2003 [!].7z;https://tinyurl.com/2nkp6rfe
NHL HITZ Pro 2004 [!].7z;https://tinyurl.com/2o4u2sfr
NHL Rivals 2004 [!].7z;https://tinyurl.com/2eohltvq
NTRA Breeders Cup [!].7z;https://tinyurl.com/2ljt93nq
Namco Museum 50th Anniversary [!].7z;https://tinyurl.com/2jrj9dfs
Namco Museum [!].7z;https://tinyurl.com/2el3g3bu
Narc [!].7z;https://tinyurl.com/2kth8okc
Nascar 05 [!].7z;https://tinyurl.com/2hpkwzzx
Nascar 06 - Total Team Control [!].7z;https://tinyurl.com/2qd9jfhv
Nascar 07 [!].7z;https://tinyurl.com/2q6e7sb6
Nascar Heat [!].7z;https://tinyurl.com/2lpm8job
Nascar Thunder 2002 [!].7z;https://tinyurl.com/2qw5yts9
Nascar Thunder 2003 [!].7z;https://tinyurl.com/2qsnt38d
Nascar Thunder 2004 [!].7z;https://tinyurl.com/2nrdgxkv
Need For Speed - Most Wanted [!].7z;https://tinyurl.com/2n6re6xm
Need For Speed Carbon [!].7z;https://tinyurl.com/2obzcylb
Need For Speed Most Wanted Black Edition [!].7z;https://tinyurl.com/2nnwa7y2
Need For Speed Underground [!].7z;https://tinyurl.com/2nfdc6hc
Need for Speed Hot Pursuit 2 [!].7z;https://tinyurl.com/2nm8nqo4
Need for Speed Underground 2 [!].7z;https://tinyurl.com/2pxsx9zz
New Legends [!].7z;https://tinyurl.com/2e8f5x4k
Nickelodeon Party Blast [!].7z;https://tinyurl.com/2l3qp6tk
NightCaster II - Equinox [!].7z;https://tinyurl.com/2mm8d9uq
Nightcaster [!].7z;https://tinyurl.com/2dtfy6yy
Ninja Gaiden Black [!].7z;https://tinyurl.com/2fp66mss
Ninja Gaiden [!].7z;https://tinyurl.com/2z5287o2
Obscure [!].7z;https://tinyurl.com/2qm9mb44
Oddworld - Munchs Oddysee [!].7z;https://tinyurl.com/2ne3ul9u
Oddworld - Strangers Wrath [!].7z;https://tinyurl.com/2dwxu9fv
Open Season [!].7z;https://tinyurl.com/2hgktmvr
Operation Flashpoint Elite [!].7z;https://tinyurl.com/2z2gc495
Otogi - Myth of Demons [!].7z;https://tinyurl.com/2q6x3x8n
Otogi 2 - Immortal Warriors [!].7z;https://tinyurl.com/2je2lk3j
OutRun 2006 - Coast 2 Coast [!].7z;https://tinyurl.com/2kfcdm4c
Outlaw Golf - 9 Holes of Xmas [!].7z;https://tinyurl.com/2n5kl5ea
Outlaw Golf - 9 More Holes of Xmas [!].7z;https://tinyurl.com/2e48byxs
Outlaw Golf 2 [!].7z;https://tinyurl.com/2zxse8ka
Outlaw Golf [!].7z;https://tinyurl.com/2qz2scxc
Outlaw Tennis [!].7z;https://tinyurl.com/2lsov2tr
Outlaw Volleyball - Red Hot [!].7z;https://tinyurl.com/2h5zo3la
Outlaw Volleyball [!].7z;https://tinyurl.com/2ghwm9yy
Outrun 2 [!].7z;https://tinyurl.com/2hmnk4ln
Over the Hedge [!].7z;https://tinyurl.com/2g7n4s7d
PGR [!].7z;https://tinyurl.com/2o2kunn8
PGR2 [!].7z;https://tinyurl.com/2oql5bud
Pac Man World 2 [!].7z;https://tinyurl.com/2fewaqna
Pac Man World 3 [!].7z;https://tinyurl.com/2n6yqxgq
Painkiller Hell Wars [!].7z;https://tinyurl.com/2qr2v7jz
Panzer Dragoon Orta [!].7z;https://tinyurl.com/2zy9j3mq
Pariah [!].7z;https://tinyurl.com/2mrym6d7
Phantasy Star Online Episode I & II [!].7z;https://tinyurl.com/2hh4n2md
Phantom Crash [!].7z;https://tinyurl.com/2pu2lmak
Phantom Dust [!].7z;https://tinyurl.com/2fkz7smk
Pinball Hall of Fame [!].7z;https://tinyurl.com/2fdmt8fs
Pirates - Legend of Black Kat [!].7z;https://tinyurl.com/2lqk6rhd
Pirates Of The Caribbean [!].7z;https://tinyurl.com/2mxfzeo5
Pitfall - The Lost Expedition [!].7z;https://tinyurl.com/2guduv73
Playboy The Mansion [!].7z;https://tinyurl.com/2zqqao5l
PocketBike Racer [!].7z;https://tinyurl.com/2g3kopgq
Power Drome [!].7z;https://tinyurl.com/2grkwdnv
Predator - Concrete Jungle [!].7z;https://tinyurl.com/2ns4brcp
Prince of Persia Two Thrones [!].7z;https://tinyurl.com/2ote3tdz
Prince of Persia Warrior Within [!].7z;https://tinyurl.com/2opwv2qm
Prince of Persia and the Sands of Time [!].7z;https://tinyurl.com/2pdzwudv
Prisoner of War [!].7z;https://tinyurl.com/2ndzbtr9
Pro Cast Sports Fishing [!].7z;https://tinyurl.com/2m8rey6k
Pro Fishing Challenge [!].7z;https://tinyurl.com/2j4v4s48
Pro Race Driver [!].7z;https://tinyurl.com/2nyz82nn
ProStroke Golf World Tour 2007 [!].7z;https://tinyurl.com/2ehaqwal
Project Snowblind [!].7z;https://tinyurl.com/2hol8vwt
Psi Ops - The Mindgate Conspiracy [!].7z;https://tinyurl.com/2q8sn2cv
Pulce Racer [!].7z;https://tinyurl.com/2nd47yoq
Pump It Up Exceed [!].7z;https://tinyurl.com/2zullcsx
Pure Pinball [!].7z;https://tinyurl.com/2ovzs4pw
Quantum Redshift [!].7z;https://tinyurl.com/2gckrl2w
R Racing Evolution [!].7z;https://tinyurl.com/2l5cunqd
Rainbow Six - Critical Hour [!].7z;https://tinyurl.com/2f7ttpfa
Rainbow Six - Lockdown [!].7z;https://tinyurl.com/2zpgt5v6
Rainbow Six 3 - Black Arrow [!].7z;https://tinyurl.com/2gzktz4p
Rainbow Six 3 [!].7z;https://tinyurl.com/2qxnttvo
RalliSport Challenge 2 [!].7z;https://tinyurl.com/2no9y5nd
RalliSport Challenge [!].7z;https://tinyurl.com/2e4y8jwk
Rally Fusion - Race Of Champions [!].7z;https://tinyurl.com/2nwrw673
Rapala Pro Fishing [!].7z;https://tinyurl.com/2j72t3gm
Ratatouille [!].7z;https://tinyurl.com/2jl46ffz
Rayman 3 - Hoodlum Havoc [!].7z;https://tinyurl.com/2orjwpjg
Rayman Arena [!].7z;https://tinyurl.com/2oaf3oj3
Razes Hell [!].7z;https://tinyurl.com/2q6698du
Real World Golf [!].7z;https://tinyurl.com/2e2l9b8y
Red Dead Revolver [!].7z;https://tinyurl.com/2dw73hl5
Red Faction 2 [!].7z;https://tinyurl.com/2k6wltpt
Red Ninja - End Of Honor [!].7z;https://tinyurl.com/2jlwg5kh
RedCard 2003 [!].7z;https://tinyurl.com/2hq8alpn
Reign Of Fire [!].7z;https://tinyurl.com/2kqney86
Reservoir Dogs [!].7z;https://tinyurl.com/2onah8rl
Return to Castle Wolfenstein [!].7z;https://tinyurl.com/2kb94dho
Road Kill [!].7z;https://tinyurl.com/2hhmcl9x
Robin Hood - Defender Of The Crown [!].7z;https://tinyurl.com/2kfwopc2
Robocop [!].7z;https://tinyurl.com/2fn7lmll
Robotech Battlecry [!].7z;https://tinyurl.com/2jowh44u
Robotech Invasion [!].7z;https://tinyurl.com/2jz45gv5
Robots [!].7z;https://tinyurl.com/2p3k2l5m
Rocky Legends [!].7z;https://tinyurl.com/2n4eoanw
Rocky [!].7z;https://tinyurl.com/2huvvxky
Rogue Ops [!].7z;https://tinyurl.com/2k34b83h
Rogue Trooper [!].7z;https://tinyurl.com/2zl3svm7
Rollercoaster Tycoon [!].7z;https://tinyurl.com/2j58owmk
Room Zoom - Race For Impact [!].7z;https://tinyurl.com/2hlhn9vc
Rugby 2005 [!].7z;https://tinyurl.com/2jh8sqq6
Rugby 2006 [!].7z;https://tinyurl.com/2q2avjoz
Run Like Hell [!].7z;https://tinyurl.com/2pfd4y8x
SSX 3 [!].7z;https://tinyurl.com/2hpk3clw
SSX On Tour [!].7z;https://tinyurl.com/2ng7pnqa
SSX Tricky [!].7z;https://tinyurl.com/2zy6yd5m
SVC Chaos - SNK vs. Capcom [!].7z;https://tinyurl.com/2gj5j3oc
SWAT - Global Strike Team [!].7z;https://tinyurl.com/2qy8jfzb
SX Superstar [!].7z;https://tinyurl.com/2h3af4op
Samurai Showdown V [!].7z;https://tinyurl.com/2e2x224a
Samurai Warriors [!].7z;https://tinyurl.com/2z3ougkj
Scaler [!].7z;https://tinyurl.com/2httztdr
Scarface - The World Is Yours [!].7z;https://tinyurl.com/2p489u9d
Scooby Doo - Mystery Mayhem [!].7z;https://tinyurl.com/2pld5v9q
Scooby Doo - Night Of 100 Frights [!].7z;https://tinyurl.com/2ff9uv8m
Scooby Doo - Unmasked [!].7z;https://tinyurl.com/2lhgj8e3
Scrapland [!].7z;https://tinyurl.com/2gxo8hgh
Sea Blade [!].7z;https://tinyurl.com/2h2yxjha
Second Sight [!].7z;https://tinyurl.com/2hey4dkt
Secret Weapons Over Normandy [!].7z;https://tinyurl.com/2pkwy37a
Sega GT 2002 [!].7z;https://tinyurl.com/2nbh5bvw
Sega GT Online [!].7z;https://tinyurl.com/2e99zhdz
Sega Soccer Slam [!].7z;https://tinyurl.com/2lzbsvj2
Serious Sam II [!].7z;https://tinyurl.com/2gfa8f2x
Serious Sam [!].7z;https://tinyurl.com/2q7mq7mk
Shadow Ops - Red Mercury [!].7z;https://tinyurl.com/2e44qago
Shadow The Hedgehog [!].7z;https://tinyurl.com/2plraqc9
Shamus Deep Sea Adventures [!].7z;https://tinyurl.com/2h4jtmw7
Shark Tale [!].7z;https://tinyurl.com/2lnlv7p2
Shattered Union [!].7z;https://tinyurl.com/2dueopj5
Shellshock - Nam 67 [!].7z;https://tinyurl.com/2kpqbwb5
Shenmue II [!].7z;https://tinyurl.com/2h6fq5zb
Showdown - Legends of Wrestling [!].7z;https://tinyurl.com/2qowwaw6
Shrek 2 [!].7z;https://tinyurl.com/2lf3x78c
Shrek Super Party [!].7z;https://tinyurl.com/2gmau4hv
Shrek Superslam [!].7z;https://tinyurl.com/2hjb6mqt
Shrek [!].7z;https://tinyurl.com/2zkkvorm
Sid Meiers Pirates! [!].7z;https://tinyurl.com/2glfkecw
Silent Hill 2 [!].7z;https://tinyurl.com/2f4ozolo
Silent Hill 4 [!].7z;https://tinyurl.com/2macnc7c
Silent Scope Complete [!].7z;https://tinyurl.com/2ekjmnlb
Simpsons - Hit and Run [!].7z;https://tinyurl.com/2lo332rz
Simpsons - Road Rage [!].7z;https://tinyurl.com/2k92kqd8
Smashing Drive [!].7z;https://tinyurl.com/2mf3aoyn
Sneak King [!].7z;https://tinyurl.com/2dt5a7bn
Sneakers [!].7z;https://tinyurl.com/2qpe46ym
Sniper Elite [!].7z;https://tinyurl.com/2z4ph9yo
Soldier Of Fortune II - Double Helix [!].7z;https://tinyurl.com/2px44fqo
Sonic Heroes [!].7z;https://tinyurl.com/2qas48g6
Sonic Mega Collection Plus [!].7z;https://tinyurl.com/2jfghyo6
Sonic Riders [!].7z;https://tinyurl.com/2qxzjrmz
Soul Calibur 2 [!].7z;https://tinyurl.com/2h7p7npq
Spartan - Total Warrior [!].7z;https://tinyurl.com/2z9ywpqj
Spawn - Armageddon [!].7z;https://tinyurl.com/2gufn9w5
Special Forces - Nemesis Strike [!].7z;https://tinyurl.com/2kfntwzp
Speed Kings [!].7z;https://tinyurl.com/2l39vr6y
Sphinx And The Cursed Mummy [!].7z;https://tinyurl.com/2mloju77
SpiderMan 2 [!].7z;https://tinyurl.com/2msjvhdw
SpiderMan [!].7z;https://tinyurl.com/2nefdvoa
Spikeout Battle Street [!].7z;https://tinyurl.com/2zvws9rh
Splashdown [!].7z;https://tinyurl.com/2j5s6uy9
Splat Magazine Renegade Paintball [!].7z;https://tinyurl.com/2ptubkye
Splinter Cell - Chaos Theory [!].7z;https://tinyurl.com/2k9ns2gw
Splinter Cell - Double Agent [!].7z;https://tinyurl.com/2qrpusfb
Splinter Cell - Pandora Tomarrow [!].7z;https://tinyurl.com/2ryl9fm3
Splinter Cell [!].7z;https://tinyurl.com/2kp54n7e
SpongeBob - Battle For Bikini Bottom [!].7z;https://tinyurl.com/2qwun2c5
SpongeBob - Lights Camera PANTS [!].7z;https://tinyurl.com/2f8cqw9s
SpongeBob Squarepants - The Movie [!].7z;https://tinyurl.com/2kg5yrl8
Spy Hunter - Nowhere To Run [!].7z;https://tinyurl.com/2mbt7bg2
Spy Hunter 2 [!].7z;https://tinyurl.com/2oop8tb9
Spy Hunter [!].7z;https://tinyurl.com/2qkged63
Spy Vs Spy [!].7z;https://tinyurl.com/2pv6q58t
Spyro - A Hero's Tail [!].7z;https://tinyurl.com/2fbcrur8
Stacked [!].7z;https://tinyurl.com/2qt2cdmq
Stake - Fortune Fighters [!].7z;https://tinyurl.com/2r2uoxtz
Star Trek - Shattered Universe [!].7z;https://tinyurl.com/2knsn4ww
Star Wars - Battlefront 2 [!].7z;https://tinyurl.com/2nv654m7
Star Wars - Battlefront [!].7z;https://tinyurl.com/2pqualhy
Star Wars - Jedi Academy [!].7z;https://tinyurl.com/2z2dnjl2
Star Wars - Jedi Outcast [!].7z;https://tinyurl.com/2evhedzn
Star Wars - Jedi Starfighter [!].7z;https://tinyurl.com/2orb4wq6
Star Wars - Knights of the Old Republic 2 [!].7z;https://tinyurl.com/2py6gjwv
Star Wars - Knights of the Old Republic [!].7z;https://tinyurl.com/2ktb2gf5
Star Wars - Obi Wan [!].7z;https://tinyurl.com/2gh9ml58
Star Wars - Republic Commando [!].7z;https://tinyurl.com/2gx4qk4s
Star Wars - Starfighter SE [!].7z;https://tinyurl.com/2jvfg8y8
Star Wars - The Clone Wars [!].7z;https://tinyurl.com/2fve76ru
Star Wars Episode III.7z;https://tinyurl.com/2nl77sdv
Starsky And Hutch [!].7z;https://tinyurl.com/2zz5kbtt
State Of Emergency [!].7z;https://tinyurl.com/2pdh7zlt
Steel Battalion - Line of Contact [!].7z;https://tinyurl.com/2pmvf9az
Steel Battalion [!].7z;https://tinyurl.com/2lxkzx7x
Still Life [!].7z;https://tinyurl.com/2pclusgu
Stolen [!].7z;https://tinyurl.com/2z8ocl87
Street Fighter Anniversary Collection [!].7z;https://tinyurl.com/2edrsqvn
Street Hoops [!].7z;https://tinyurl.com/2jkam42l
Street Racing Syndicate [!].7z;https://tinyurl.com/2kmtsoat
Strike Force Bowling [!].7z;https://tinyurl.com/2jpy9ftw
Stubbs the Zombie [!].7z;https://tinyurl.com/2myg575a
Sudeki [!].7z;https://tinyurl.com/2o2c2utv
Super Bubble Pop [!].7z;https://tinyurl.com/2lfkmprw
Super Monkey Ball Deluxe [!].7z;https://tinyurl.com/2ek92j2w
Superman - The Man Of Steel [!].7z;https://tinyurl.com/2fvx2bpe
Superman Returns [!].7z;https://tinyurl.com/2gw9rdq7
Syberia II [!].7z;https://tinyurl.com/2fx4g3bh
Syberia [!].7z;https://tinyurl.com/2onqefm6
TMNT - Mutant Melee [!].7z;https://tinyurl.com/2ms28vrc
TMNT 2 - Battle Nexus [!].7z;https://tinyurl.com/2lu6mndf
TMNT 3 - Mutant Nightmare [!].7z;https://tinyurl.com/2h52qtqp
TOCA Race Driver 2 [!].7z;https://tinyurl.com/2lh46p3m
TOCA Race Driver 3 [!].7z;https://tinyurl.com/2zgm3cl6
Taito Legends [!].7z;https://tinyurl.com/2zy7qouo
Tak - The Great Juju Challenge [!].7z;https://tinyurl.com/2otjdvmo
Tak 2 - Staff Of Dreams [!].7z;https://tinyurl.com/2f7lywmx
TaoFang - Fist of the Lotus [!].7z;https://tinyurl.com/2r2k3tb6
Taz - Wanted [!].7z;https://tinyurl.com/2efphl9t
Tecmo Classic Arcade [!].7z;https://tinyurl.com/2ls9xt29
Teen Titans [!].7z;https://tinyurl.com/2zthgtto
Teenage Mutant Ninja Turtles [!].7z;https://tinyurl.com/2pb5dt87
Tenchu - Return From Darkness [!].7z;https://tinyurl.com/2k83qco5
Tennis Master Series 2003 [!].7z;https://tinyurl.com/2em6ode5
Terminator - Dawn of Fate [!].7z;https://tinyurl.com/2hq3xjgh
Terminator 3 - Rise Of The Machines [!].7z;https://tinyurl.com/2lrrtxwq
Terminator 3 - The Redemption [!].7z;https://tinyurl.com/2kcrdozg
Test Drive - Eve of Destruction [!].7z;https://tinyurl.com/2hxc6hwe
Test Drive Offroad - Wide Open [!].7z;https://tinyurl.com/2qmazhx5
Test Drive [!].7z;https://tinyurl.com/2ne4qr5v
Tetris Worlds Online [!].7z;https://tinyurl.com/2z47rnf4
Tetris Worlds [!].7z;https://tinyurl.com/2g8gm6ka
The Bards Tale [!].7z;https://tinyurl.com/2o3ef235
The Bible Game [!].7z;https://tinyurl.com/2plt354b
The Chronicles Narnia [!].7z;https://tinyurl.com/2pyayah2
The Chronicles of Riddick [!].7z;https://tinyurl.com/2kymp34n
The Da Vinci Code [!].7z;https://tinyurl.com/2m7nfxq5
The Dukes of Hazzard [!].7z;https://tinyurl.com/2gkgvg8n
The Elder Scrolls III - Morrowind GOTY [!].7z;https://tinyurl.com/2j8vvykk
The Elder Scrolls III - Morrowind [!].7z;https://tinyurl.com/2gwh2ac9
The Godfather [!].7z;https://tinyurl.com/2pryxrzw
The Great Escape [!].7z;https://tinyurl.com/2gb2npky
The Guy Game [!].7z;https://tinyurl.com/2hq362yb
The Hobbit [!].7z;https://tinyurl.com/2k5w7jtz
The House Of The Dead 3 [!].7z;https://tinyurl.com/2zt3hhc2
The Hustle - Detroit Streets [!].7z;https://tinyurl.com/2eh24m25
The Incredible Hulk - Ultimate Destruction [!].7z;https://tinyurl.com/2jd8dzcf
The Incredibles - Rise Of The Underminer [!].7z;https://tinyurl.com/2feunug2
The Incredibles [!].7z;https://tinyurl.com/2zd83yj4
The Italian Job [!].7z;https://tinyurl.com/2kj8pw7j
The Matrix - Path of Neo [!].7z;https://tinyurl.com/2grqevhv
The Nightmare Before Christmas [!].7z;https://tinyurl.com/2fhuotxf
The Punisher [!].7z;https://tinyurl.com/2qzfdask
The Red Star [!].7z;https://tinyurl.com/2f7l7f6r
The Sims - Bustin Out [!].7z;https://tinyurl.com/2pgabzms
The Sims 2 [!].7z;https://tinyurl.com/2n6sfreh
The Sims [!].7z;https://tinyurl.com/2zhhzzaw
The Suffering - Ties That Bind [!].7z;https://tinyurl.com/2zthmcez
The Suffering [!].7z;https://tinyurl.com/2ljn8b3d
The Thing [!].7z;https://tinyurl.com/2qfth7dn
The Urbz - Sims in the City [!].7z;https://tinyurl.com/2r3fj2xw
The Warriors [!].7z;https://tinyurl.com/2fmselty
Thief - Deadly Shadows [!].7z;https://tinyurl.com/2eb956yk
Thrillville [!].7z;https://tinyurl.com/2fczu82d
Tiger Woods PGA Tour 06 [!].7z;https://tinyurl.com/2ko6fp35
Tiger Woods PGA Tour 07 [!].7z;https://tinyurl.com/2gfj8nd4
Tiger Woods PGA Tour 2003 [!].7z;https://tinyurl.com/2drwzs66
Tiger Woods PGA Tour 2004 [!].7z;https://tinyurl.com/2eyrufcv
Tiger Woods PGA Tour 2005 [!].7z;https://tinyurl.com/2n377jqd
Timesplitters - Future Perfect [!].7z;https://tinyurl.com/2m727ome
Timesplitters 2 [!].7z;https://tinyurl.com/2l5pfmll
ToeJam & Earl III - Mission to Earth [!].7z;https://tinyurl.com/2p7hb44u
Tom And Jerry - War Of The Whiskers [!].7z;https://tinyurl.com/2m4uggax
Tomb Raider - Legend [!].7z;https://tinyurl.com/2pmhftpt
Tony Hawk's American Wasteland [!] [ISO].7z;https://tinyurl.com/2hmeurd7
Tony Hawk's American Wasteland [!] [See Notes].7z;https://tinyurl.com/2kckgq22
Tony Hawk's Pro Skater 2X [!].7z;https://tinyurl.com/2euzpfee
Tony Hawk's Pro Skater 3 [!].7z;https://tinyurl.com/2ggxdzfk
Tony Hawk's Pro Skater 4 [!].7z;https://tinyurl.com/2mulahr3
Tony Hawk's Project 8 [!] [ISO].7z;https://tinyurl.com/2mcl4qlo
Tony Hawk's Project 8 [!] [See Notes].7z;https://tinyurl.com/2jptoljp
Tony Hawk's Underground 2 [!].7z;https://tinyurl.com/2du4a3zk
Tony Hawk's Underground [!].7z;https://tinyurl.com/2o37z3jo
Top Gear - RPM Tuning [!].7z;https://tinyurl.com/2jrkbytn
Top Spin [!].7z;https://tinyurl.com/2mvgk7w2
Torino 2006 [!].7z;https://tinyurl.com/2mb85hu5
Tork - Prehistoric Punk [!].7z;https://tinyurl.com/2ldcj9g8
Total Immersion Racing [!].7z;https://tinyurl.com/2msdyzuz
Total Overdose [!].7z;https://tinyurl.com/2lpcn3jr
Totaled [!].7z;https://tinyurl.com/2lf35mq6
Toxic Grind [!].7z;https://tinyurl.com/2narb6lx
Transworld Snowboarding [!].7z;https://tinyurl.com/2f3y4qtk
Transworld Surf [!].7z;https://tinyurl.com/2n33mt99
Triggerman [!].7z;https://tinyurl.com/2ryech5m
Triple Play 2002 [!].7z;https://tinyurl.com/2gjp6gks
Trivial Pursuit Unhinged [!].7z;https://tinyurl.com/2zc266sq
Tron 2.0 Killer App [!].7z;https://tinyurl.com/2ncw2fxe
True Crime - New York City [!].7z;https://tinyurl.com/2zuggq3l
True Crime - Streets of LA [!].7z;https://tinyurl.com/2jz2zknu
Turok - Evolution [!].7z;https://tinyurl.com/2p3zfove
Ty The Tasmanian Tiger 2 -  Bush Rescue [!].7z;https://tinyurl.com/2qw9l8q8
Ty The Tasmanian Tiger 3 [!].7z;https://tinyurl.com/2prznd5j
Ty The Tasmanian Tiger [!].7z;https://tinyurl.com/2olwfrcv
UFC Tapout 2 [!].7z;https://tinyurl.com/2pn97tdo
UFC Tapout [!].7z;https://tinyurl.com/2z3udyej
Ultimate Beach Soccer [!].7z;https://tinyurl.com/2m282maw
Ultimate Spiderman [!].7z;https://tinyurl.com/2ouzdrtl
Ultra Bust-A-Move [!].7z;https://tinyurl.com/2q29bnha
Unreal Championship 2 [!].7z;https://tinyurl.com/2fffdg2m
Unreal Championship [!].7z;https://tinyurl.com/2fmvwcd5
Unreal II - The Awakening [!].7z;https://tinyurl.com/2oakj9d3
Urban Chaos - Riot Response [!].7z;https://tinyurl.com/2rxq58yv
VRally 3 [!].7z;https://tinyurl.com/2z7wq456
Van Helsing [!].7z;https://tinyurl.com/2gyw36go
Vexx [!].7z;https://tinyurl.com/2zp4m55j
Vietcong - Purple Haze [!].7z;https://tinyurl.com/2oy6bzoe
Virtual Pool Tournament Edition [!].7z;https://tinyurl.com/2op6j6vj
Volvo - Drive for Life [!].7z;https://tinyurl.com/2l7jjqfn
Voodoo Vince [!].7z;https://tinyurl.com/2p46ny25
WTA Tour Tennis [!].7z;https://tinyurl.com/2od6fcsx
WWE Raw 2 [!].7z;https://tinyurl.com/2m3ojljm
WWF Raw [!].7z;https://tinyurl.com/2hc8v43n
Wakeboarding Unleashed [!].7z;https://tinyurl.com/2hmzfhub
Wallace And Gromit in Project Zoo [!].7z;https://tinyurl.com/2kcoygj6
Wallace and Gromit [!].7z;https://tinyurl.com/2hdwhhdl
Warpath [!].7z;https://tinyurl.com/2z4wp5kq
Whacked [!].7z;https://tinyurl.com/2q8ggykb
Whiplash [!].7z;https://tinyurl.com/2gzmrcel
WhiteOut [!].7z;https://tinyurl.com/2qeghvm4
Winback 2 - Project Poseidon [!].7z;https://tinyurl.com/2jwskwal
Wings of War [!].7z;https://tinyurl.com/2f5cvga9
Winning Eleven 8 International [!].7z;https://tinyurl.com/2plpnu5y
Without Warning [!].7z;https://tinyurl.com/2ncas5tn
World Championship Poker 2 [!].7z;https://tinyurl.com/2fmn4jjs
World Championship Poker [!].7z;https://tinyurl.com/2n26krc8
World Championship Pool 2004 [!].7z;https://tinyurl.com/2msb975g
World Poker Tour [!].7z;https://tinyurl.com/2gpngyuj
World Racing 2 [!].7z;https://tinyurl.com/2h9sc2uw
World Racing [!].7z;https://tinyurl.com/2kxxvyjr
World Series Baseball 2K3 [!].7z;https://tinyurl.com/2oxugpv4
World Series Baseball [!].7z;https://tinyurl.com/2mmb7a3n
World Series Of Poker [!].7z;https://tinyurl.com/2nspojya
World Soccer Winning Eleven 9 [!].7z;https://tinyurl.com/2z8j8ygs
World War II Combat - Iwo Jima [!].7z;https://tinyurl.com/2k7ojbvz
World War II Combat - Road To Berlin [!].7z;https://tinyurl.com/2laapw6q
Worms 3D [!].7z;https://tinyurl.com/2g3rwm2s
Worms 4 - Mayhem [!].7z;https://tinyurl.com/2kq5tv6d
Worms Forts - Under Siege [!].7z;https://tinyurl.com/2fvn7f6y
Wrath Unleashed [!].7z;https://tinyurl.com/2z4nucrg
Wreckless - The Yakuza Missions [!].7z;https://tinyurl.com/2fezbe5l
Wrestlemania 21 [!].7z;https://tinyurl.com/2etz5nx9
X-Men - Next Dimension [!].7z;https://tinyurl.com/2jcxobu2
X-Men - The Ofiicial Game [!].7z;https://tinyurl.com/2nypfw9p
X-Men Legends II - Rise of Apocalypse [!].7z;https://tinyurl.com/2pb7bnz3
X-Men Legends [!].7z;https://tinyurl.com/2zcezn67
X2 - Wolverines Revenge [!].7z;https://tinyurl.com/2mz8r7d3
XGRA - Extreme-G Racing Association [!].7z;https://tinyurl.com/2zu7mxab
XIII [!].7z;https://tinyurl.com/2khctglf
Xbox Live Arcade [!].7z;https://tinyurl.com/2l4vvb8o
Xbox Music Mixer [!].7z;https://tinyurl.com/2o5eyno7
Xyanide [!].7z;https://tinyurl.com/2gp28pqs
Yourself Fitness [!].7z;https://tinyurl.com/2zv2vnfa
Yu-Gi-Oh - The Dawn of Destiny [!].7z;https://tinyurl.com/2ejyzs5d
Zapper - One Wicked Cricket [!].7z;https://tinyurl.com/2ponwguc
Zathura [!].7z;https://tinyurl.com/2nzn9j8u
psychonauts [!].7z;https://tinyurl.com/2ghppahk
